ISO-10303-21;
HEADER;
FILE_DESCRIPTION(('Open CASCADE Model'),'2;1');
FILE_NAME('assembly','2000-01-01T00:00:00',('Author'),('Open CASCADE'),
  'Open CASCADE STEP processor 7.9','cadgen','Unknown');
FILE_SCHEMA(('AUTOMOTIVE_DESIGN { 1 0 10303 214 1 1 1 1 }'));
ENDSEC;
DATA;
#1 = APPLICATION_PROTOCOL_DEFINITION('international standard',
  'automotive_design',2000,#2);
#2 = APPLICATION_CONTEXT(
  'core data for automotive mechanical design processes');
#3 = SHAPE_DEFINITION_REPRESENTATION(#4,#10);
#4 = PRODUCT_DEFINITION_SHAPE('','',#5);
#5 = PRODUCT_DEFINITION('design','',#6,#9);
#6 = PRODUCT_DEFINITION_FORMATION('','',#7);
#7 = PRODUCT('assembly','assembly','',(#8));
#8 = PRODUCT_CONTEXT('',#2,'mechanical');
#9 = PRODUCT_DEFINITION_CONTEXT('part definition',#2,'design');
#10 = SHAPE_REPRESENTATION('',(#11,#15,#19,#23,#27,#31,#35),#39);
#11 = AXIS2_PLACEMENT_3D('',#12,#13,#14);
#12 = CARTESIAN_POINT('',(0.,0.,0.));
#13 = DIRECTION('',(0.,0.,1.));
#14 = DIRECTION('',(1.,0.,-0.));
#15 = AXIS2_PLACEMENT_3D('',#16,#17,#18);
#16 = CARTESIAN_POINT('',(0.,0.,0.));
#17 = DIRECTION('',(0.,0.,1.));
#18 = DIRECTION('',(1.,0.,0.));
#19 = AXIS2_PLACEMENT_3D('',#20,#21,#22);
#20 = CARTESIAN_POINT('',(0.,0.,0.));
#21 = DIRECTION('',(0.,0.,1.));
#22 = DIRECTION('',(1.,0.,-0.));
#23 = AXIS2_PLACEMENT_3D('',#24,#25,#26);
#24 = CARTESIAN_POINT('',(0.,0.,-80.));
#25 = DIRECTION('',(0.,0.,1.));
#26 = DIRECTION('',(1.,0.,0.));
#27 = AXIS2_PLACEMENT_3D('',#28,#29,#30);
#28 = CARTESIAN_POINT('',(0.,0.,-80.));
#29 = DIRECTION('',(0.,0.,1.));
#30 = DIRECTION('',(1.,0.,0.));
#31 = AXIS2_PLACEMENT_3D('',#32,#33,#34);
#32 = CARTESIAN_POINT('',(0.,0.,-80.));
#33 = DIRECTION('',(0.,0.,1.));
#34 = DIRECTION('',(1.,0.,0.));
#35 = AXIS2_PLACEMENT_3D('',#36,#37,#38);
#36 = CARTESIAN_POINT('',(0.,0.,0.));
#37 = DIRECTION('',(0.,0.,1.));
#38 = DIRECTION('',(1.,0.,0.));
#39 = ( GEOMETRIC_REPRESENTATION_CONTEXT(3) 
GLOBAL_UNCERTAINTY_ASSIGNED_CONTEXT((#43)) GLOBAL_UNIT_ASSIGNED_CONTEXT(
(#40,#41,#42)) REPRESENTATION_CONTEXT('Context #1',
  '3D Context with UNIT and UNCERTAINTY') );
#40 = ( LENGTH_UNIT() NAMED_UNIT(*) SI_UNIT(.MILLI.,.METRE.) );
#41 = ( NAMED_UNIT(*) PLANE_ANGLE_UNIT() SI_UNIT($,.RADIAN.) );
#42 = ( NAMED_UNIT(*) SI_UNIT($,.STERADIAN.) SOLID_ANGLE_UNIT() );
#43 = UNCERTAINTY_MEASURE_WITH_UNIT(LENGTH_MEASURE(2.E-06),#40,
  'distance_accuracy_value','confusion accuracy');
#44 = PRODUCT_RELATED_PRODUCT_CATEGORY('part',$,(#7));
#45 = SHAPE_DEFINITION_REPRESENTATION(#46,#52);
#46 = PRODUCT_DEFINITION_SHAPE('','',#47);
#47 = PRODUCT_DEFINITION('design','',#48,#51);
#48 = PRODUCT_DEFINITION_FORMATION('','',#49);
#49 = PRODUCT('plinth','plinth','',(#50));
#50 = PRODUCT_CONTEXT('',#2,'mechanical');
#51 = PRODUCT_DEFINITION_CONTEXT('part definition',#2,'design');
#52 = ADVANCED_BREP_SHAPE_REPRESENTATION('',(#11,#53),#5577);
#53 = BREP_WITH_VOIDS('',#54,(#5479));
#54 = CLOSED_SHELL('',(#55,#1912,#1947,#2254,#2284,#3585,#3886,#4206,
    #4211,#4237,#4536,#4856,#4861,#5181,#5186,#5331,#5362,#5388,#5419,
    #5445,#5451,#5457,#5463,#5469,#5474));
#55 = ADVANCED_FACE('',(#56,#450,#708,#990,#1213,#1451,#1674),#69,.T.);
#56 = FACE_BOUND('',#57,.T.);
#57 = EDGE_LOOP('',(#58,#92,#115,#260,#283,#310,#311,#449));
#58 = ORIENTED_EDGE('',*,*,#59,.T.);
#59 = EDGE_CURVE('',#60,#60,#62,.T.);
#60 = VERTEX_POINT('',#61);
#61 = CARTESIAN_POINT('',(160.,-3.918869757272E-14,-80.));
#62 = SURFACE_CURVE('',#63,(#68,#80),.PCURVE_S1.);
#63 = CIRCLE('',#64,160.);
#64 = AXIS2_PLACEMENT_3D('',#65,#66,#67);
#65 = CARTESIAN_POINT('',(0.,0.,-80.));
#66 = DIRECTION('',(0.,0.,1.));
#67 = DIRECTION('',(1.,0.,0.));
#68 = PCURVE('',#69,#74);
#69 = CYLINDRICAL_SURFACE('',#70,160.);
#70 = AXIS2_PLACEMENT_3D('',#71,#72,#73);
#71 = CARTESIAN_POINT('',(0.,0.,-80.));
#72 = DIRECTION('',(0.,0.,1.));
#73 = DIRECTION('',(1.,0.,0.));
#74 = DEFINITIONAL_REPRESENTATION('',(#75),#79);
#75 = LINE('',#76,#77);
#76 = CARTESIAN_POINT('',(0.,0.));
#77 = VECTOR('',#78,1.);
#78 = DIRECTION('',(1.,0.));
#79 = ( GEOMETRIC_REPRESENTATION_CONTEXT(2) 
PARAMETRIC_REPRESENTATION_CONTEXT() REPRESENTATION_CONTEXT('2D SPACE',''
  ) );
#80 = PCURVE('',#81,#86);
#81 = PLANE('',#82);
#82 = AXIS2_PLACEMENT_3D('',#83,#84,#85);
#83 = CARTESIAN_POINT('',(0.,0.,-80.));
#84 = DIRECTION('',(0.,0.,1.));
#85 = DIRECTION('',(1.,0.,0.));
#86 = DEFINITIONAL_REPRESENTATION('',(#87),#91);
#87 = CIRCLE('',#88,160.);
#88 = AXIS2_PLACEMENT_2D('',#89,#90);
#89 = CARTESIAN_POINT('',(0.,0.));
#90 = DIRECTION('',(1.,0.));
#91 = ( GEOMETRIC_REPRESENTATION_CONTEXT(2) 
PARAMETRIC_REPRESENTATION_CONTEXT() REPRESENTATION_CONTEXT('2D SPACE',''
  ) );
#92 = ORIENTED_EDGE('',*,*,#93,.T.);
#93 = EDGE_CURVE('',#60,#94,#96,.T.);
#94 = VERTEX_POINT('',#95);
#95 = CARTESIAN_POINT('',(160.,-2.020667218593E-14,-45.));
#96 = SEAM_CURVE('',#97,(#101,#108),.PCURVE_S1.);
#97 = LINE('',#98,#99);
#98 = CARTESIAN_POINT('',(160.,-3.918869757272E-14,-80.));
#99 = VECTOR('',#100,1.);
#100 = DIRECTION('',(0.,0.,1.));
#101 = PCURVE('',#69,#102);
#102 = DEFINITIONAL_REPRESENTATION('',(#103),#107);
#103 = LINE('',#104,#105);
#104 = CARTESIAN_POINT('',(0.,-0.));
#105 = VECTOR('',#106,1.);
#106 = DIRECTION('',(0.,1.));
#107 = ( GEOMETRIC_REPRESENTATION_CONTEXT(2) 
PARAMETRIC_REPRESENTATION_CONTEXT() REPRESENTATION_CONTEXT('2D SPACE',''
  ) );
#108 = PCURVE('',#69,#109);
#109 = DEFINITIONAL_REPRESENTATION('',(#110),#114);
#110 = LINE('',#111,#112);
#111 = CARTESIAN_POINT('',(6.28318530718,-0.));
#112 = VECTOR('',#113,1.);
#113 = DIRECTION('',(0.,1.));
#114 = ( GEOMETRIC_REPRESENTATION_CONTEXT(2) 
PARAMETRIC_REPRESENTATION_CONTEXT() REPRESENTATION_CONTEXT('2D SPACE',''
  ) );
#115 = ORIENTED_EDGE('',*,*,#116,.F.);
#116 = EDGE_CURVE('',#117,#94,#119,.T.);
#117 = VERTEX_POINT('',#118);
#118 = CARTESIAN_POINT('',(160.,-3.918869757272E-14,-35.));
#119 = SURFACE_CURVE('',#120,(#163,#209),.PCURVE_S1.);
#120 = B_SPLINE_CURVE_WITH_KNOTS('',6,(#121,#122,#123,#124,#125,#126,
    #127,#128,#129,#130,#131,#132,#133,#134,#135,#136,#137,#138,#139,
    #140,#141,#142,#143,#144,#145,#146,#147,#148,#149,#150,#151,#152,
    #153,#154,#155,#156,#157,#158,#159,#160,#161,#162),.UNSPECIFIED.,.F.
  ,.F.,(7,5,5,5,5,5,5,5,7),(0.,9.671271275541E-02,0.243781242597,
    0.362452202677,0.500161275154,0.637870358174,0.756541310516,
    0.840285923357,1.),.UNSPECIFIED.);
#121 = CARTESIAN_POINT('',(160.,-1.42108547152E-14,-35.));
#122 = CARTESIAN_POINT('',(160.,-0.307436811269,-35.));
#123 = CARTESIAN_POINT('',(159.99929147507,-0.614202008133,
    -35.02268430522));
#124 = CARTESIAN_POINT('',(159.99787849703,-0.916828264918,
    -35.06786621939));
#125 = CARTESIAN_POINT('',(159.9958236557,-1.211917610575,
    -35.13442969779));
#126 = CARTESIAN_POINT('',(159.99323257278,-1.496330388924,
    -35.22036091719));
#127 = CARTESIAN_POINT('',(159.98568527863,-2.179543585892,
    -35.47852567115));
#128 = CARTESIAN_POINT('',(159.98020138164,-2.560605570324,
    -35.67232492348));
#129 = CARTESIAN_POINT('',(159.97416927751,-2.908586361827,
    -35.89680717418));
#130 = CARTESIAN_POINT('',(159.96795244538,-3.222723765249,
    -36.14553487157));
#131 = CARTESIAN_POINT('',(159.96183701334,-3.503134329722,
    -36.41279661644));
#132 = CARTESIAN_POINT('',(159.95135444064,-3.950201661558,
    -36.91989496454));
#133 = CARTESIAN_POINT('',(159.94686401299,-4.128952351463,
    -37.1557237766));
#134 = CARTESIAN_POINT('',(159.94266488295,-4.287526471059,
    -37.39895580061));
#135 = CARTESIAN_POINT('',(159.93883004042,-4.426636486653,
    -37.64806240928));
#136 = CARTESIAN_POINT('',(159.93541167187,-4.546921826469,
    -37.90185414978));
#137 = CARTESIAN_POINT('',(159.92900866282,-4.767200340201,
    -38.45821416685));
#138 = CARTESIAN_POINT('',(159.92618169081,-4.860842368577,
    -38.76207516749));
#139 = CARTESIAN_POINT('',(159.92402704463,-4.930550581535,
    -39.06936907282));
#140 = CARTESIAN_POINT('',(159.92257994603,-4.97684638092,
    -39.37883694548));
#141 = CARTESIAN_POINT('',(159.92185591719,-5.,-39.68939874561));
#142 = CARTESIAN_POINT('',(159.92185591719,-5.,-40.31060127816));
#143 = CARTESIAN_POINT('',(159.92257994585,-4.976846387245,
    -40.62116301677));
#144 = CARTESIAN_POINT('',(159.92402704475,-4.930550577304,
    -40.93063092682));
#145 = CARTESIAN_POINT('',(159.92618169105,-4.860842360256,
    -41.23792487008));
#146 = CARTESIAN_POINT('',(159.92900866255,-4.767200349313,
    -41.54178581013));
#147 = CARTESIAN_POINT('',(159.93541167168,-4.546921833071,
    -42.09814583354));
#148 = CARTESIAN_POINT('',(159.93883004081,-4.426636471518,
    -42.35193761631));
#149 = CARTESIAN_POINT('',(159.9426648829,-4.287526474085,
    -42.60104420021));
#150 = CARTESIAN_POINT('',(159.94686401257,-4.12895236803,
    -42.84427619818));
#151 = CARTESIAN_POINT('',(159.95135444095,-3.950201648448,
    -43.08010505033));
#152 = CARTESIAN_POINT('',(159.95933908741,-3.609667440931,
    -43.46636528856));
#153 = CARTESIAN_POINT('',(159.96273856377,-3.458329120217,
    -43.62155312573));
#154 = CARTESIAN_POINT('',(159.96619732436,-3.29634468711,
    -43.77134570855));
#155 = CARTESIAN_POINT('',(159.96967116731,-3.123546982706,
    -43.91487008831));
#156 = CARTESIAN_POINT('',(159.97310832354,-2.939818765701,
    -44.05113974027));
#157 = CARTESIAN_POINT('',(159.98282122824,-2.37378181626,
    -44.42295651939));
#158 = CARTESIAN_POINT('',(159.98893181903,-1.957353638788,
    -44.63982070607));
#159 = CARTESIAN_POINT('',(159.99421601018,-1.501511867106,
    -44.81496690662));
#160 = CARTESIAN_POINT('',(159.99804398208,-1.015426500855,
    -44.93739310192));
#161 = CARTESIAN_POINT('',(160.,-0.510747444672,-45.));
#162 = CARTESIAN_POINT('',(160.,-2.22044604925E-14,-45.));
#163 = PCURVE('',#69,#164);
#164 = DEFINITIONAL_REPRESENTATION('',(#165),#208);
#165 = B_SPLINE_CURVE_WITH_KNOTS('',6,(#166,#167,#168,#169,#170,#171,
    #172,#173,#174,#175,#176,#177,#178,#179,#180,#181,#182,#183,#184,
    #185,#186,#187,#188,#189,#190,#191,#192,#193,#194,#195,#196,#197,
    #198,#199,#200,#201,#202,#203,#204,#205,#206,#207),.UNSPECIFIED.,.F.
  ,.F.,(7,5,5,5,5,5,5,5,7),(0.,9.671271275541E-02,0.243781242597,
    0.362452202677,0.500161275154,0.637870358174,0.756541310516,
    0.840285923357,1.),.UNSPECIFIED.);
#166 = CARTESIAN_POINT('',(6.28318530718,45.));
#167 = CARTESIAN_POINT('',(6.281263827109,45.));
#168 = CARTESIAN_POINT('',(6.279346544701,44.977315694777));
#169 = CARTESIAN_POINT('',(6.277455117639,44.932133780602));
#170 = CARTESIAN_POINT('',(6.275610771322,44.865570302205));
#171 = CARTESIAN_POINT('',(6.273833120962,44.779639082807));
#172 = CARTESIAN_POINT('',(6.269562777947,44.521474328843));
#173 = CARTESIAN_POINT('',(6.267180907278,44.327675076511));
#174 = CARTESIAN_POINT('',(6.265005712657,44.103192825817));
#175 = CARTESIAN_POINT('',(6.263041975777,43.854465128426));
#176 = CARTESIAN_POINT('',(6.261288995394,43.587203383553));
#177 = CARTESIAN_POINT('',(6.258494056585,43.080105035459));
#178 = CARTESIAN_POINT('',(6.257376513846,42.844276223394));
#179 = CARTESIAN_POINT('',(6.256385079318,42.601044199384));
#180 = CARTESIAN_POINT('',(6.255515311858,42.351937590718));
#181 = CARTESIAN_POINT('',(6.254763225151,42.098145850214));
#182 = CARTESIAN_POINT('',(6.253385902934,41.541785833147));
#183 = CARTESIAN_POINT('',(6.252800373953,41.237924832506));
#184 = CARTESIAN_POINT('',(6.252364489653,40.930630927175));
#185 = CARTESIAN_POINT('',(6.252074999503,40.621163054513));
#186 = CARTESIAN_POINT('',(6.25193021868,40.310601254387));
#187 = CARTESIAN_POINT('',(6.25193021868,39.689398721833));
#188 = CARTESIAN_POINT('',(6.252074999464,39.378836983229));
#189 = CARTESIAN_POINT('',(6.252364489679,39.069369073174));
#190 = CARTESIAN_POINT('',(6.252800374005,38.762075129913));
#191 = CARTESIAN_POINT('',(6.253385902877,38.458214189869));
#192 = CARTESIAN_POINT('',(6.254763225109,37.90185416646));
#193 = CARTESIAN_POINT('',(6.255515311952,37.648062383689));
#194 = CARTESIAN_POINT('',(6.256385079299,37.398955799788));
#195 = CARTESIAN_POINT('',(6.257376513743,37.155723801816));
#196 = CARTESIAN_POINT('',(6.258494056667,36.91989494967));
#197 = CARTESIAN_POINT('',(6.260622980444,36.533634711437));
#198 = CARTESIAN_POINT('',(6.261569083087,36.378446874267));
#199 = CARTESIAN_POINT('',(6.262581715576,36.228654291445));
#200 = CARTESIAN_POINT('',(6.263661918005,36.085129911689));
#201 = CARTESIAN_POINT('',(6.264810418914,35.948860259728));
#202 = CARTESIAN_POINT('',(6.268348670648,35.577043480602));
#203 = CARTESIAN_POINT('',(6.270951618954,35.360179293923));
#204 = CARTESIAN_POINT('',(6.273800799656,35.185033093375));
#205 = CARTESIAN_POINT('',(6.276838891513,35.062606898076));
#206 = CARTESIAN_POINT('',(6.27999313565,35.));
#207 = CARTESIAN_POINT('',(6.28318530718,35.));
#208 = ( GEOMETRIC_REPRESENTATION_CONTEXT(2) 
PARAMETRIC_REPRESENTATION_CONTEXT() REPRESENTATION_CONTEXT('2D SPACE',''
  ) );
#209 = PCURVE('',#210,#215);
#210 = CYLINDRICAL_SURFACE('',#211,5.);
#211 = AXIS2_PLACEMENT_3D('',#212,#213,#214);
#212 = CARTESIAN_POINT('',(146.,0.,-40.));
#213 = DIRECTION('',(1.,0.,2.22044604925E-16));
#214 = DIRECTION('',(2.22044604925E-16,0.,-1.));
#215 = DEFINITIONAL_REPRESENTATION('',(#216),#259);
#216 = B_SPLINE_CURVE_WITH_KNOTS('',6,(#217,#218,#219,#220,#221,#222,
    #223,#224,#225,#226,#227,#228,#229,#230,#231,#232,#233,#234,#235,
    #236,#237,#238,#239,#240,#241,#242,#243,#244,#245,#246,#247,#248,
    #249,#250,#251,#252,#253,#254,#255,#256,#257,#258),.UNSPECIFIED.,.F.
  ,.F.,(7,5,5,5,5,5,5,5,7),(0.,9.671271275541E-02,0.243781242597,
    0.362452202677,0.500161275154,0.637870358174,0.756541310516,
    0.840285923357,1.),.UNSPECIFIED.);
#217 = CARTESIAN_POINT('',(3.14159265359,14.));
#218 = CARTESIAN_POINT('',(3.203080015844,14.));
#219 = CARTESIAN_POINT('',(3.264433006516,13.99929147507));
#220 = CARTESIAN_POINT('',(3.325376847209,13.997878497039));
#221 = CARTESIAN_POINT('',(3.385640647633,13.995823655705));
#222 = CARTESIAN_POINT('',(3.444926039223,13.993232572787));
#223 = CARTESIAN_POINT('',(3.590998529816,13.985685278638));
#224 = CARTESIAN_POINT('',(3.675991765084,13.980201381641));
#225 = CARTESIAN_POINT('',(3.758195686463,13.974169277519));
#226 = CARTESIAN_POINT('',(3.837812168788,13.967952445382));
#227 = CARTESIAN_POINT('',(3.914995336269,13.961837013346));
#228 = CARTESIAN_POINT('',(4.050201539356,13.951354440646));
#229 = CARTESIAN_POINT('',(4.109223383923,13.946864012992));
#230 = CARTESIAN_POINT('',(4.167082308329,13.942664882958));
#231 = CARTESIAN_POINT('',(4.223953569943,13.938830040422));
#232 = CARTESIAN_POINT('',(4.280003239548,13.935411671876));
#233 = CARTESIAN_POINT('',(4.399679317726,13.929008662821));
#234 = CARTESIAN_POINT('',(4.463078459861,13.926181690814));
#235 = CARTESIAN_POINT('',(4.525831144877,13.92402704463));
#236 = CARTESIAN_POINT('',(4.588156496046,13.922579946037));
#237 = CARTESIAN_POINT('',(4.650268729507,13.921855917195));
#238 = CARTESIAN_POINT('',(4.774509236018,13.921855917195));
#239 = CARTESIAN_POINT('',(4.836621456956,13.922579945851));
#240 = CARTESIAN_POINT('',(4.898946815984,13.924027044753));
#241 = CARTESIAN_POINT('',(4.96169950872,13.926181691058));
#242 = CARTESIAN_POINT('',(5.025098638093,13.929008662556));
#243 = CARTESIAN_POINT('',(5.144774717635,13.935411671684));
#244 = CARTESIAN_POINT('',(5.200824396848,13.938830040813));
#245 = CARTESIAN_POINT('',(5.257695652262,13.942664882904));
#246 = CARTESIAN_POINT('',(5.315554570739,13.946864012575));
#247 = CARTESIAN_POINT('',(5.374576425378,13.951354440953));
#248 = CARTESIAN_POINT('',(5.477563903865,13.95933908741));
#249 = CARTESIAN_POINT('',(5.520861827569,13.962738563775));
#250 = CARTESIAN_POINT('',(5.564897900955,13.966197324363));
#251 = CARTESIAN_POINT('',(5.609724483892,13.969671167319));
#252 = CARTESIAN_POINT('',(5.655399864435,13.973108323549));
#253 = CARTESIAN_POINT('',(5.790846613436,13.98282122824));
#254 = CARTESIAN_POINT('',(5.884270022269,13.988931819033));
#255 = CARTESIAN_POINT('',(5.980963778295,13.994216010185));
#256 = CARTESIAN_POINT('',(6.080100124488,13.998043982084));
#257 = CARTESIAN_POINT('',(6.181035818245,14.));
#258 = CARTESIAN_POINT('',(6.28318530718,14.));
#259 = ( GEOMETRIC_REPRESENTATION_CONTEXT(2) 
PARAMETRIC_REPRESENTATION_CONTEXT() REPRESENTATION_CONTEXT('2D SPACE',''
  ) );
#260 = ORIENTED_EDGE('',*,*,#261,.T.);
#261 = EDGE_CURVE('',#117,#262,#264,.T.);
#262 = VERTEX_POINT('',#263);
#263 = CARTESIAN_POINT('',(160.,-3.918869757272E-14,0.));
#264 = SEAM_CURVE('',#265,(#269,#276),.PCURVE_S1.);
#265 = LINE('',#266,#267);
#266 = CARTESIAN_POINT('',(160.,-3.918869757272E-14,-80.));
#267 = VECTOR('',#268,1.);
#268 = DIRECTION('',(0.,0.,1.));
#269 = PCURVE('',#69,#270);
#270 = DEFINITIONAL_REPRESENTATION('',(#271),#275);
#271 = LINE('',#272,#273);
#272 = CARTESIAN_POINT('',(0.,-0.));
#273 = VECTOR('',#274,1.);
#274 = DIRECTION('',(0.,1.));
#275 = ( GEOMETRIC_REPRESENTATION_CONTEXT(2) 
PARAMETRIC_REPRESENTATION_CONTEXT() REPRESENTATION_CONTEXT('2D SPACE',''
  ) );
#276 = PCURVE('',#69,#277);
#277 = DEFINITIONAL_REPRESENTATION('',(#278),#282);
#278 = LINE('',#279,#280);
#279 = CARTESIAN_POINT('',(6.28318530718,-0.));
#280 = VECTOR('',#281,1.);
#281 = DIRECTION('',(0.,1.));
#282 = ( GEOMETRIC_REPRESENTATION_CONTEXT(2) 
PARAMETRIC_REPRESENTATION_CONTEXT() REPRESENTATION_CONTEXT('2D SPACE',''
  ) );
#283 = ORIENTED_EDGE('',*,*,#284,.F.);
#284 = EDGE_CURVE('',#262,#262,#285,.T.);
#285 = SURFACE_CURVE('',#286,(#291,#298),.PCURVE_S1.);
#286 = CIRCLE('',#287,160.);
#287 = AXIS2_PLACEMENT_3D('',#288,#289,#290);
#288 = CARTESIAN_POINT('',(0.,0.,0.));
#289 = DIRECTION('',(0.,0.,1.));
#290 = DIRECTION('',(1.,0.,0.));
#291 = PCURVE('',#69,#292);
#292 = DEFINITIONAL_REPRESENTATION('',(#293),#297);
#293 = LINE('',#294,#295);
#294 = CARTESIAN_POINT('',(0.,80.));
#295 = VECTOR('',#296,1.);
#296 = DIRECTION('',(1.,0.));
#297 = ( GEOMETRIC_REPRESENTATION_CONTEXT(2) 
PARAMETRIC_REPRESENTATION_CONTEXT() REPRESENTATION_CONTEXT('2D SPACE',''
  ) );
#298 = PCURVE('',#299,#304);
#299 = PLANE('',#300);
#300 = AXIS2_PLACEMENT_3D('',#301,#302,#303);
#301 = CARTESIAN_POINT('',(0.,0.,0.));
#302 = DIRECTION('',(0.,0.,1.));
#303 = DIRECTION('',(1.,0.,0.));
#304 = DEFINITIONAL_REPRESENTATION('',(#305),#309);
#305 = CIRCLE('',#306,160.);
#306 = AXIS2_PLACEMENT_2D('',#307,#308);
#307 = CARTESIAN_POINT('',(0.,0.));
#308 = DIRECTION('',(1.,0.));
#309 = ( GEOMETRIC_REPRESENTATION_CONTEXT(2) 
PARAMETRIC_REPRESENTATION_CONTEXT() REPRESENTATION_CONTEXT('2D SPACE',''
  ) );
#310 = ORIENTED_EDGE('',*,*,#261,.F.);
#311 = ORIENTED_EDGE('',*,*,#312,.F.);
#312 = EDGE_CURVE('',#94,#117,#313,.T.);
#313 = SURFACE_CURVE('',#314,(#357,#403),.PCURVE_S1.);
#314 = B_SPLINE_CURVE_WITH_KNOTS('',6,(#315,#316,#317,#318,#319,#320,
    #321,#322,#323,#324,#325,#326,#327,#328,#329,#330,#331,#332,#333,
    #334,#335,#336,#337,#338,#339,#340,#341,#342,#343,#344,#345,#346,
    #347,#348,#349,#350,#351,#352,#353,#354,#355,#356),.UNSPECIFIED.,.F.
  ,.F.,(7,5,5,5,5,5,5,5,7),(0.,9.671271397992E-02,0.243781245697,
    0.362452199498,0.500161273603,0.637870347709,0.756541309192,
    0.840285922984,1.),.UNSPECIFIED.);
#315 = CARTESIAN_POINT('',(160.,-2.832769448824E-15,-45.));
#316 = CARTESIAN_POINT('',(160.,0.30743681124,-45.));
#317 = CARTESIAN_POINT('',(159.99929147507,0.614202008178,
    -44.97731569477));
#318 = CARTESIAN_POINT('',(159.99787849703,0.91682826492,-44.9321337806)
  );
#319 = CARTESIAN_POINT('',(159.9958236557,1.211917610532,-44.86557030221
    ));
#320 = CARTESIAN_POINT('',(159.99323257278,1.496330388949,
    -44.77963908279));
#321 = CARTESIAN_POINT('',(159.98568527863,2.179543585892,
    -44.52147432884));
#322 = CARTESIAN_POINT('',(159.98020138164,2.560605570324,
    -44.32767507651));
#323 = CARTESIAN_POINT('',(159.97416927751,2.908586361827,
    -44.10319282581));
#324 = CARTESIAN_POINT('',(159.96795244538,3.222723765249,
    -43.85446512842));
#325 = CARTESIAN_POINT('',(159.96183701334,3.503134329722,
    -43.58720338355));
#326 = CARTESIAN_POINT('',(159.95135444095,3.950201648448,
    -43.08010505033));
#327 = CARTESIAN_POINT('',(159.94686401257,4.12895236803,-42.84427619818
    ));
#328 = CARTESIAN_POINT('',(159.9426648829,4.287526474085,-42.60104420021
    ));
#329 = CARTESIAN_POINT('',(159.93883004081,4.426636471518,
    -42.35193761631));
#330 = CARTESIAN_POINT('',(159.93541167168,4.546921833071,
    -42.09814583354));
#331 = CARTESIAN_POINT('',(159.92900866282,4.767200340201,
    -41.54178583314));
#332 = CARTESIAN_POINT('',(159.92618169081,4.860842368577,-41.2379248325
    ));
#333 = CARTESIAN_POINT('',(159.92402704463,4.930550581535,
    -40.93063092717));
#334 = CARTESIAN_POINT('',(159.92257994603,4.97684638092,-40.62116305451
    ));
#335 = CARTESIAN_POINT('',(159.92185591719,5.,-40.31060125438));
#336 = CARTESIAN_POINT('',(159.92185591719,5.,-39.68939874561));
#337 = CARTESIAN_POINT('',(159.92257994603,4.97684638092,-39.37883694548
    ));
#338 = CARTESIAN_POINT('',(159.92402704463,4.930550581535,
    -39.06936907282));
#339 = CARTESIAN_POINT('',(159.92618169081,4.860842368577,
    -38.76207516749));
#340 = CARTESIAN_POINT('',(159.92900866282,4.767200340201,
    -38.45821416685));
#341 = CARTESIAN_POINT('',(159.93541167187,4.54692182647,-37.90185414978
    ));
#342 = CARTESIAN_POINT('',(159.93883004042,4.426636486653,
    -37.64806240928));
#343 = CARTESIAN_POINT('',(159.94266488295,4.287526471058,
    -37.39895580061));
#344 = CARTESIAN_POINT('',(159.94686401299,4.128952351463,-37.1557237766
    ));
#345 = CARTESIAN_POINT('',(159.95135444064,3.950201661559,
    -36.91989496454));
#346 = CARTESIAN_POINT('',(159.95933908741,3.609667440932,
    -36.53363471143));
#347 = CARTESIAN_POINT('',(159.96273856377,3.458329120216,
    -36.37844687426));
#348 = CARTESIAN_POINT('',(159.96619732436,3.296344687109,
    -36.22865429144));
#349 = CARTESIAN_POINT('',(159.96967116731,3.123546982706,
    -36.08512991168));
#350 = CARTESIAN_POINT('',(159.97310832354,2.939818765701,
    -35.94886025972));
#351 = CARTESIAN_POINT('',(159.98282122818,2.373781819607,-35.5770434828
    ));
#352 = CARTESIAN_POINT('',(159.98893181917,1.95735362613,-35.36017928851
    ));
#353 = CARTESIAN_POINT('',(159.99421601003,1.501511886695,
    -35.18503309881));
#354 = CARTESIAN_POINT('',(159.99804398214,1.015426486128,
    -35.06260689592));
#355 = CARTESIAN_POINT('',(160.,0.510747449398,-35.));
#356 = CARTESIAN_POINT('',(160.,5.359377197861E-15,-35.));
#357 = PCURVE('',#69,#358);
#358 = DEFINITIONAL_REPRESENTATION('',(#359),#402);
#359 = B_SPLINE_CURVE_WITH_KNOTS('',6,(#360,#361,#362,#363,#364,#365,
    #366,#367,#368,#369,#370,#371,#372,#373,#374,#375,#376,#377,#378,
    #379,#380,#381,#382,#383,#384,#385,#386,#387,#388,#389,#390,#391,
    #392,#393,#394,#395,#396,#397,#398,#399,#400,#401),.UNSPECIFIED.,.F.
  ,.F.,(7,5,5,5,5,5,5,5,7),(0.,9.671271397992E-02,0.243781245697,
    0.362452199498,0.500161273603,0.637870347709,0.756541309192,
    0.840285922984,1.),.UNSPECIFIED.);
#360 = CARTESIAN_POINT('',(0.,35.));
#361 = CARTESIAN_POINT('',(1.921480070251E-03,35.));
#362 = CARTESIAN_POINT('',(3.838762478745E-03,35.02268430523));
#363 = CARTESIAN_POINT('',(5.730189541064E-03,35.067866219394));
#364 = CARTESIAN_POINT('',(7.574535857105E-03,35.134429697786));
#365 = CARTESIAN_POINT('',(9.352186218135E-03,35.220360917202));
#366 = CARTESIAN_POINT('',(1.362252923223E-02,35.478525671157));
#367 = CARTESIAN_POINT('',(1.600439990114E-02,35.672324923489));
#368 = CARTESIAN_POINT('',(1.817959452286E-02,35.896807174183));
#369 = CARTESIAN_POINT('',(2.014333140215E-02,36.145534871574));
#370 = CARTESIAN_POINT('',(2.189631178512E-02,36.412796616447));
#371 = CARTESIAN_POINT('',(2.46912505129E-02,36.919894949669));
#372 = CARTESIAN_POINT('',(2.5808793437E-02,37.155723801816));
#373 = CARTESIAN_POINT('',(2.680022788023E-02,37.398955799788));
#374 = CARTESIAN_POINT('',(2.766999522738E-02,37.648062383689));
#375 = CARTESIAN_POINT('',(2.842208207022E-02,37.90185416646));
#376 = CARTESIAN_POINT('',(2.979940424605E-02,38.458214166853));
#377 = CARTESIAN_POINT('',(3.038493322705E-02,38.762075167494));
#378 = CARTESIAN_POINT('',(3.082081752668E-02,39.069369072825));
#379 = CARTESIAN_POINT('',(3.11103076761E-02,39.378836945487));
#380 = CARTESIAN_POINT('',(3.12550884995E-02,39.689398745613));
#381 = CARTESIAN_POINT('',(3.12550884995E-02,40.310601254387));
#382 = CARTESIAN_POINT('',(3.11103076761E-02,40.621163054513));
#383 = CARTESIAN_POINT('',(3.082081752668E-02,40.930630927175));
#384 = CARTESIAN_POINT('',(3.038493322705E-02,41.237924832505));
#385 = CARTESIAN_POINT('',(2.979940424605E-02,41.541785833147));
#386 = CARTESIAN_POINT('',(2.842208202895E-02,42.098145850212));
#387 = CARTESIAN_POINT('',(2.7669995322E-02,42.351937590719));
#388 = CARTESIAN_POINT('',(2.680022786131E-02,42.601044199385));
#389 = CARTESIAN_POINT('',(2.580879333342E-02,42.844276223393));
#390 = CARTESIAN_POINT('',(2.469125059487E-02,43.080105035459));
#391 = CARTESIAN_POINT('',(2.256232673598E-02,43.466365288562));
#392 = CARTESIAN_POINT('',(2.16162240923E-02,43.621553125734));
#393 = CARTESIAN_POINT('',(2.060359160359E-02,43.771345708556));
#394 = CARTESIAN_POINT('',(1.95233891749E-02,43.914870088311));
#395 = CARTESIAN_POINT('',(1.837488826606E-02,44.051139740272));
#396 = CARTESIAN_POINT('',(1.483663655231E-02,44.422956517199));
#397 = CARTESIAN_POINT('',(1.223368814641E-02,44.639820711488));
#398 = CARTESIAN_POINT('',(9.384507646316E-03,44.81496690119));
#399 = CARTESIAN_POINT('',(6.34641557452E-03,44.937393104076));
#400 = CARTESIAN_POINT('',(3.19217155874E-03,45.));
#401 = CARTESIAN_POINT('',(0.,45.));
#402 = ( GEOMETRIC_REPRESENTATION_CONTEXT(2) 
PARAMETRIC_REPRESENTATION_CONTEXT() REPRESENTATION_CONTEXT('2D SPACE',''
  ) );
#403 = PCURVE('',#210,#404);
#404 = DEFINITIONAL_REPRESENTATION('',(#405),#448);
#405 = B_SPLINE_CURVE_WITH_KNOTS('',6,(#406,#407,#408,#409,#410,#411,
    #412,#413,#414,#415,#416,#417,#418,#419,#420,#421,#422,#423,#424,
    #425,#426,#427,#428,#429,#430,#431,#432,#433,#434,#435,#436,#437,
    #438,#439,#440,#441,#442,#443,#444,#445,#446,#447),.UNSPECIFIED.,.F.
  ,.F.,(7,5,5,5,5,5,5,5,7),(0.,9.671271397992E-02,0.243781245697,
    0.362452199498,0.500161273603,0.637870347709,0.756541309192,
    0.840285922984,1.),.UNSPECIFIED.);
#406 = CARTESIAN_POINT('',(-8.881784197001E-16,14.));
#407 = CARTESIAN_POINT('',(6.148736224803E-02,14.));
#408 = CARTESIAN_POINT('',(0.122840352936,13.99929147507));
#409 = CARTESIAN_POINT('',(0.18378419362,13.997878497039));
#410 = CARTESIAN_POINT('',(0.244047994034,13.995823655705));
#411 = CARTESIAN_POINT('',(0.303333385638,13.993232572787));
#412 = CARTESIAN_POINT('',(0.449405876226,13.985685278638));
#413 = CARTESIAN_POINT('',(0.534399111494,13.980201381641));
#414 = CARTESIAN_POINT('',(0.616603032873,13.974169277519));
#415 = CARTESIAN_POINT('',(0.696219515198,13.967952445382));
#416 = CARTESIAN_POINT('',(0.773402682679,13.961837013346));
#417 = CARTESIAN_POINT('',(0.908608881802,13.951354440953));
#418 = CARTESIAN_POINT('',(0.96763073644,13.946864012575));
#419 = CARTESIAN_POINT('',(1.025489654917,13.942664882904));
#420 = CARTESIAN_POINT('',(1.082360910332,13.938830040813));
#421 = CARTESIAN_POINT('',(1.138410589544,13.935411671684));
#422 = CARTESIAN_POINT('',(1.258086664136,13.929008662821));
#423 = CARTESIAN_POINT('',(1.321485806271,13.926181690814));
#424 = CARTESIAN_POINT('',(1.384238491287,13.92402704463));
#425 = CARTESIAN_POINT('',(1.446563842456,13.922579946037));
#426 = CARTESIAN_POINT('',(1.508676075917,13.921855917195));
#427 = CARTESIAN_POINT('',(1.632916577672,13.921855917195));
#428 = CARTESIAN_POINT('',(1.695028811134,13.922579946037));
#429 = CARTESIAN_POINT('',(1.757354162302,13.92402704463));
#430 = CARTESIAN_POINT('',(1.820106847319,13.926181690814));
#431 = CARTESIAN_POINT('',(1.883505989454,13.929008662821));
#432 = CARTESIAN_POINT('',(2.003182067632,13.935411671876));
#433 = CARTESIAN_POINT('',(2.059231737236,13.938830040422));
#434 = CARTESIAN_POINT('',(2.11610299885,13.942664882958));
#435 = CARTESIAN_POINT('',(2.173961923256,13.946864012992));
#436 = CARTESIAN_POINT('',(2.232983767823,13.951354440646));
#437 = CARTESIAN_POINT('',(2.335971250275,13.95933908741));
#438 = CARTESIAN_POINT('',(2.379269173979,13.962738563775));
#439 = CARTESIAN_POINT('',(2.423305247365,13.966197324363));
#440 = CARTESIAN_POINT('',(2.468131830302,13.969671167319));
#441 = CARTESIAN_POINT('',(2.513807210845,13.973108323549));
#442 = CARTESIAN_POINT('',(2.649253959045,13.982821228183));
#443 = CARTESIAN_POINT('',(2.742677371513,13.988931819177));
#444 = CARTESIAN_POINT('',(2.839371120503,13.994216010038));
#445 = CARTESIAN_POINT('',(2.93850747395,13.998043982143));
#446 = CARTESIAN_POINT('',(3.03944316371,14.));
#447 = CARTESIAN_POINT('',(3.14159265359,14.));
#448 = ( GEOMETRIC_REPRESENTATION_CONTEXT(2) 
PARAMETRIC_REPRESENTATION_CONTEXT() REPRESENTATION_CONTEXT('2D SPACE',''
  ) );
#449 = ORIENTED_EDGE('',*,*,#93,.F.);
#450 = FACE_BOUND('',#451,.T.);
#451 = EDGE_LOOP('',(#452));
#452 = ORIENTED_EDGE('',*,*,#453,.T.);
#453 = EDGE_CURVE('',#454,#454,#456,.T.);
#454 = VERTEX_POINT('',#455);
#455 = CARTESIAN_POINT('',(8.,159.7998748435,-40.));
#456 = SURFACE_CURVE('',#457,(#537,#620),.PCURVE_S1.);
#457 = B_SPLINE_CURVE_WITH_KNOTS('',8,(#458,#459,#460,#461,#462,#463,
    #464,#465,#466,#467,#468,#469,#470,#471,#472,#473,#474,#475,#476,
    #477,#478,#479,#480,#481,#482,#483,#484,#485,#486,#487,#488,#489,
    #490,#491,#492,#493,#494,#495,#496,#497,#498,#499,#500,#501,#502,
    #503,#504,#505,#506,#507,#508,#509,#510,#511,#512,#513,#514,#515,
    #516,#517,#518,#519,#520,#521,#522,#523,#524,#525,#526,#527,#528,
    #529,#530,#531,#532,#533,#534,#535,#536),.UNSPECIFIED.,.T.,.F.,(9,7,
    7,7,7,7,7,7,7,7,7,9),(0.,0.129917806103,0.200176661492,
    0.250519357049,0.326896130316,0.429988076376,0.499433951495,
    0.596391273224,0.672007410236,0.751283761578,0.827610694719,1.),
  .UNSPECIFIED.);
#458 = CARTESIAN_POINT('',(8.,159.7998748435,-40.));
#459 = CARTESIAN_POINT('',(8.,159.7998748435,-39.2947137399));
#460 = CARTESIAN_POINT('',(7.92893854967,159.80343230802,-38.59031394404
    ));
#461 = CARTESIAN_POINT('',(7.787129768184,159.81053184312,
    -37.89025231612));
#462 = CARTESIAN_POINT('',(7.573293253631,159.82105936438,
    -37.19823708081));
#463 = CARTESIAN_POINT('',(7.284870391681,159.83479282909,
    -36.51899023742));
#464 = CARTESIAN_POINT('',(6.918268978142,159.85134288759,
    -35.85881336836));
#465 = CARTESIAN_POINT('',(6.4691933032,159.87006350266,-35.2263237057)
  );
#466 = CARTESIAN_POINT('',(5.643363640413,159.90070849559,
    -34.31324640863));
#467 = CARTESIAN_POINT('',(5.327361964394,159.9118334447,-34.00362523986
    ));
#468 = CARTESIAN_POINT('',(4.984814229324,159.92315218311,
    -33.70747623498));
#469 = CARTESIAN_POINT('',(4.615518925982,159.93445447241,
    -33.42760506591));
#470 = CARTESIAN_POINT('',(4.219490373608,159.94549463501,
    -33.16701730101));
#471 = CARTESIAN_POINT('',(3.796994955271,159.9559953388,-32.92894087641
    ));
#472 = CARTESIAN_POINT('',(3.348603838717,159.96565561717,
    -32.71685923197));
#473 = CARTESIAN_POINT('',(2.536097891572,159.98025902298,
    -32.40392843441));
#474 = CARTESIAN_POINT('',(2.184021131306,159.98576491079,-32.28855049)
  );
#475 = CARTESIAN_POINT('',(1.820808788361,159.9905395874,-32.19038569005
    ));
#476 = CARTESIAN_POINT('',(1.448427218777,159.99445632638,-32.111032018)
  );
#477 = CARTESIAN_POINT('',(1.068991751151,159.99741247484,
    -32.05171460367));
#478 = CARTESIAN_POINT('',(0.684725448569,159.99933625434,
    -32.01327904644));
#479 = CARTESIAN_POINT('',(0.297917129498,160.00019076306,
    -31.99618448718));
#480 = CARTESIAN_POINT('',(-0.676311808651,159.99964810922,
    -32.00703823575));
#481 = CARTESIAN_POINT('',(-1.257792525352,159.9968618849,
    -32.06278156265));
#482 = CARTESIAN_POINT('',(-1.8272536309,159.99170166815,-32.1661413879)
  );
#483 = CARTESIAN_POINT('',(-2.378664413066,159.98440502218,
    -32.31427793896));
#484 = CARTESIAN_POINT('',(-2.90649627205,159.97533442899,
    -32.50315401752));
#485 = CARTESIAN_POINT('',(-3.405917559715,159.9649384696,
    -32.72758418006));
#486 = CARTESIAN_POINT('',(-3.87296030497,159.95370166733,
    -32.98127577389));
#487 = CARTESIAN_POINT('',(-4.887357447799,159.92640032467,
    -33.62884275269));
#488 = CARTESIAN_POINT('',(-5.411906755383,159.90985472379,
    -34.04469927508));
#489 = CARTESIAN_POINT('',(-5.879457807769,159.89326257535,
    -34.49475572413));
#490 = CARTESIAN_POINT('',(-6.29188745633,159.87727482933,
    -34.97139647416));
#491 = CARTESIAN_POINT('',(-6.651385618168,159.86237673222,
    -35.46862406387));
#492 = CARTESIAN_POINT('',(-6.960145461728,159.84891814583,
    -35.98172587516));
#493 = CARTESIAN_POINT('',(-7.220137767053,159.83715149467,
    -36.50703237456));
#494 = CARTESIAN_POINT('',(-7.576308013848,159.82058738673,
    -37.40195194586));
#495 = CARTESIAN_POINT('',(-7.698283484,159.81476767959,-37.76649333649)
  );
#496 = CARTESIAN_POINT('',(-7.799318241808,159.8098510464,
    -38.13445254963));
#497 = CARTESIAN_POINT('',(-7.879774565185,159.8058793577,
    -38.50502607006));
#498 = CARTESIAN_POINT('',(-7.939930508909,159.80288204081,
    -38.87750119755));
#499 = CARTESIAN_POINT('',(-7.97997451115,159.80087755113,-39.2512288352
    ));
#500 = CARTESIAN_POINT('',(-8.,159.7998748435,-39.62559627777));
#501 = CARTESIAN_POINT('',(-8.,159.7998748435,-40.52272625393));
#502 = CARTESIAN_POINT('',(-7.960965562827,159.8018290521,
    -41.04525154171));
#503 = CARTESIAN_POINT('',(-7.882947772488,159.8057347165,
    -41.56602550844));
#504 = CARTESIAN_POINT('',(-7.765584670393,159.81155675993,
    -42.08342784948));
#505 = CARTESIAN_POINT('',(-7.60813823364,159.81922523386,
    -42.59564428322));
#506 = CARTESIAN_POINT('',(-7.409537009316,159.8286270589,
    -43.10052152535));
#507 = CARTESIAN_POINT('',(-7.1684244048,159.83959205445,-43.59540126473
    ));
#508 = CARTESIAN_POINT('',(-6.660778557445,159.86145125597,
    -44.45247548928));
#509 = CARTESIAN_POINT('',(-6.411359906008,159.87183691279,
    -44.82017294448));
#510 = CARTESIAN_POINT('',(-6.134168803801,159.88291334189,
    -45.17835593154));
#511 = CARTESIAN_POINT('',(-5.82838671984,159.89453357681,
    -45.52503540517));
#512 = CARTESIAN_POINT('',(-5.493204912609,159.90651264557,
    -45.85786458938));
#513 = CARTESIAN_POINT('',(-5.127882335727,159.9186220159,
    -46.17408375124));
#514 = CARTESIAN_POINT('',(-4.731821004777,159.93058641072,
    -46.47044800853));
#515 = CARTESIAN_POINT('',(-3.85681977457,159.9541360713,-47.02902795634
    ));
#516 = CARTESIAN_POINT('',(-3.370540630199,159.96578957555,
    -47.29161308316));
#517 = CARTESIAN_POINT('',(-2.849262525476,159.97652058526,
    -47.52243493067));
#518 = CARTESIAN_POINT('',(-2.297617729285,159.98578394641,
    -47.71436321393));
#519 = CARTESIAN_POINT('',(-1.721258546446,159.99307422861,
    -47.86163441515));
#520 = CARTESIAN_POINT('',(-1.126639148426,159.99799552551,
    -47.95990211779));
#521 = CARTESIAN_POINT('',(-0.520759262526,160.00031488803,
    -48.0062981659));
#522 = CARTESIAN_POINT('',(0.676311808651,159.99964810922,
    -47.99296176424));
#523 = CARTESIAN_POINT('',(1.257792525351,159.9968618849,-47.93721843734
    ));
#524 = CARTESIAN_POINT('',(1.8272536309,159.99170166815,-47.8338586121)
  );
#525 = CARTESIAN_POINT('',(2.378664413067,159.98440502218,
    -47.68572206103));
#526 = CARTESIAN_POINT('',(2.906496272051,159.97533442899,
    -47.49684598247));
#527 = CARTESIAN_POINT('',(3.405917559715,159.9649384696,-47.27241581993
    ));
#528 = CARTESIAN_POINT('',(3.87296030497,159.95370166733,-47.0187242261)
  );
#529 = CARTESIAN_POINT('',(5.279677798938,159.91584146968,
    -46.12070927798));
#530 = CARTESIAN_POINT('',(6.091661830811,159.88718965691,
    -45.37557563297));
#531 = CARTESIAN_POINT('',(6.746644401196,159.85994207822,
    -44.55286146802));
#532 = CARTESIAN_POINT('',(7.255699559221,159.83660013833,
    -43.68106780745));
#533 = CARTESIAN_POINT('',(7.629337338737,159.81842953864,
    -42.77953097442));
#534 = CARTESIAN_POINT('',(7.875955523521,159.80608517577,-41.8604945804
    ));
#535 = CARTESIAN_POINT('',(8.,159.7998748435,-40.93183619709));
#536 = CARTESIAN_POINT('',(8.,159.7998748435,-40.));
#537 = PCURVE('',#69,#538);
#538 = DEFINITIONAL_REPRESENTATION('',(#539),#619);
#539 = B_SPLINE_CURVE_WITH_KNOTS('',8,(#540,#541,#542,#543,#544,#545,
    #546,#547,#548,#549,#550,#551,#552,#553,#554,#555,#556,#557,#558,
    #559,#560,#561,#562,#563,#564,#565,#566,#567,#568,#569,#570,#571,
    #572,#573,#574,#575,#576,#577,#578,#579,#580,#581,#582,#583,#584,
    #585,#586,#587,#588,#589,#590,#591,#592,#593,#594,#595,#596,#597,
    #598,#599,#600,#601,#602,#603,#604,#605,#606,#607,#608,#609,#610,
    #611,#612,#613,#614,#615,#616,#617,#618),.UNSPECIFIED.,.F.,.F.,(9,7,
    7,7,7,7,7,7,7,7,7,9),(0.,0.129917806103,0.200176661492,
    0.250519357049,0.326896130316,0.429988076376,0.499433951495,
    0.596391273224,0.672007410236,0.751283761578,0.827610694719,1.),
  .UNSPECIFIED.);
#540 = CARTESIAN_POINT('',(1.520775469989,40.));
#541 = CARTESIAN_POINT('',(1.520775469989,40.705286260093));
#542 = CARTESIAN_POINT('',(1.521220160206,41.40968605596));
#543 = CARTESIAN_POINT('',(1.522107575296,42.10974768388));
#544 = CARTESIAN_POINT('',(1.523445671374,42.801762919183));
#545 = CARTESIAN_POINT('',(1.525250351674,43.481009762577));
#546 = CARTESIAN_POINT('',(1.527543927589,44.141186631638));
#547 = CARTESIAN_POINT('',(1.530353058948,44.773676294291));
#548 = CARTESIAN_POINT('',(1.5355180468,45.686753591363));
#549 = CARTESIAN_POINT('',(1.537494277211,45.996374760134));
#550 = CARTESIAN_POINT('',(1.539636360531,46.292523765018));
#551 = CARTESIAN_POINT('',(1.541945522225,46.572394934081));
#552 = CARTESIAN_POINT('',(1.544421641821,46.832982698984));
#553 = CARTESIAN_POINT('',(1.547063030767,47.071059123584));
#554 = CARTESIAN_POINT('',(1.549866107653,47.283140768029));
#555 = CARTESIAN_POINT('',(1.554945089979,47.596071565589));
#556 = CARTESIAN_POINT('',(1.55714583281,47.711449509993));
#557 = CARTESIAN_POINT('',(1.559416094119,47.809614309948));
#558 = CARTESIAN_POINT('',(1.561743591234,47.888967981995));
#559 = CARTESIAN_POINT('',(1.56411511689,47.948285396323));
#560 = CARTESIAN_POINT('',(1.566516795724,47.986720953552));
#561 = CARTESIAN_POINT('',(1.568934344389,48.003815512819));
#562 = CARTESIAN_POINT('',(1.575023276197,47.992961764244));
#563 = CARTESIAN_POINT('',(1.57865753987,47.937218437348));
#564 = CARTESIAN_POINT('',(1.582216764304,47.8338586121));
#565 = CARTESIAN_POINT('',(1.585663326677,47.685722061037));
#566 = CARTESIAN_POINT('',(1.588962717246,47.496845982476));
#567 = CARTESIAN_POINT('',(1.592084748338,47.272415819937));
#568 = CARTESIAN_POINT('',(1.595004598412,47.018724226109));
#569 = CARTESIAN_POINT('',(1.601346876341,46.371157247309));
#570 = CARTESIAN_POINT('',(1.60462690491,45.955300724914));
#571 = CARTESIAN_POINT('',(1.607550904998,45.505244275861));
#572 = CARTESIAN_POINT('',(1.610130504666,45.028603525837));
#573 = CARTESIAN_POINT('',(1.612379285627,44.531375936128));
#574 = CARTESIAN_POINT('',(1.61431086237,44.018274124838));
#575 = CARTESIAN_POINT('',(1.615937476351,43.492967625433));
#576 = CARTESIAN_POINT('',(1.618165946384,42.59804805414));
#577 = CARTESIAN_POINT('',(1.61892915982,42.233506663506));
#578 = CARTESIAN_POINT('',(1.619561373834,41.865547450363));
#579 = CARTESIAN_POINT('',(1.62006483799,41.494973929936));
#580 = CARTESIAN_POINT('',(1.620441279109,41.122498802448));
#581 = CARTESIAN_POINT('',(1.620691867567,40.748771164795));
#582 = CARTESIAN_POINT('',(1.620817183601,40.374403722222));
#583 = CARTESIAN_POINT('',(1.620817183601,39.477273746061));
#584 = CARTESIAN_POINT('',(1.62057291278,38.954748458284));
#585 = CARTESIAN_POINT('',(1.620084691075,38.433974491557));
#586 = CARTESIAN_POINT('',(1.61935026973,37.916572150515));
#587 = CARTESIAN_POINT('',(1.618365063804,37.404355716776));
#588 = CARTESIAN_POINT('',(1.617122418875,36.899478474645));
#589 = CARTESIAN_POINT('',(1.615613911949,36.404598735269));
#590 = CARTESIAN_POINT('',(1.61243818534,35.547524510715));
#591 = CARTESIAN_POINT('',(1.610877969515,35.179827055514));
#592 = CARTESIAN_POINT('',(1.609144146707,34.821644068451));
#593 = CARTESIAN_POINT('',(1.607231637098,34.474964594823));
#594 = CARTESIAN_POINT('',(1.60513542551,34.142135410615));
#595 = CARTESIAN_POINT('',(1.602850920653,33.825916248755));
#596 = CARTESIAN_POINT('',(1.600374421562,33.529551991461));
#597 = CARTESIAN_POINT('',(1.594903683568,32.970972043659));
#598 = CARTESIAN_POINT('',(1.591863579569,32.70838691684));
#599 = CARTESIAN_POINT('',(1.588604932663,32.477565069322));
#600 = CARTESIAN_POINT('',(1.585156718997,32.285636786067));
#601 = CARTESIAN_POINT('',(1.581554251132,32.138365584846));
#602 = CARTESIAN_POINT('',(1.577837813424,32.040097882202));
#603 = CARTESIAN_POINT('',(1.574051072748,31.993701834091));
#604 = CARTESIAN_POINT('',(1.566569377393,32.007038235756));
#605 = CARTESIAN_POINT('',(1.56293511372,32.062781562652));
#606 = CARTESIAN_POINT('',(1.559375889286,32.1661413879));
#607 = CARTESIAN_POINT('',(1.555929326913,32.314277938963));
#608 = CARTESIAN_POINT('',(1.552629936344,32.503154017524));
#609 = CARTESIAN_POINT('',(1.549507905251,32.727584180063));
#610 = CARTESIAN_POINT('',(1.546588055177,32.981275773891));
#611 = CARTESIAN_POINT('',(1.537792887154,33.879290722014));
#612 = CARTESIAN_POINT('',(1.532715006334,34.624424367021));
#613 = CARTESIAN_POINT('',(1.528617918982,35.447138531976));
#614 = CARTESIAN_POINT('',(1.525433003931,36.318932192544));
#615 = CARTESIAN_POINT('',(1.52309501317,37.220469025579));
#616 = CARTESIAN_POINT('',(1.521551718816,38.139505419592));
#617 = CARTESIAN_POINT('',(1.520775469989,39.068163802902));
#618 = CARTESIAN_POINT('',(1.520775469989,40.));
#619 = ( GEOMETRIC_REPRESENTATION_CONTEXT(2) 
PARAMETRIC_REPRESENTATION_CONTEXT() REPRESENTATION_CONTEXT('2D SPACE',''
  ) );
#620 = PCURVE('',#621,#626);
#621 = CYLINDRICAL_SURFACE('',#622,8.);
#622 = AXIS2_PLACEMENT_3D('',#623,#624,#625);
#623 = CARTESIAN_POINT('',(0.,163.,-40.));
#624 = DIRECTION('',(0.,-1.,2.22044604925E-16));
#625 = DIRECTION('',(1.,0.,0.));
#626 = DEFINITIONAL_REPRESENTATION('',(#627),#707);
#627 = B_SPLINE_CURVE_WITH_KNOTS('',8,(#628,#629,#630,#631,#632,#633,
    #634,#635,#636,#637,#638,#639,#640,#641,#642,#643,#644,#645,#646,
    #647,#648,#649,#650,#651,#652,#653,#654,#655,#656,#657,#658,#659,
    #660,#661,#662,#663,#664,#665,#666,#667,#668,#669,#670,#671,#672,
    #673,#674,#675,#676,#677,#678,#679,#680,#681,#682,#683,#684,#685,
    #686,#687,#688,#689,#690,#691,#692,#693,#694,#695,#696,#697,#698,
    #699,#700,#701,#702,#703,#704,#705,#706),.UNSPECIFIED.,.F.,.F.,(9,7,
    7,7,7,7,7,7,7,7,7,9),(0.,0.129917806103,0.200176661492,
    0.250519357049,0.326896130316,0.429988076376,0.499433951495,
    0.596391273224,0.672007410236,0.751283761578,0.827610694719,1.),
  .UNSPECIFIED.);
#628 = CARTESIAN_POINT('',(0.,3.200125156495));
#629 = CARTESIAN_POINT('',(8.816078251161E-02,3.200125156495));
#630 = CARTESIAN_POINT('',(0.17621061536,3.196567691979));
#631 = CARTESIAN_POINT('',(0.264762984215,3.189468156876));
#632 = CARTESIAN_POINT('',(0.354385547057,3.178940635613));
#633 = CARTESIAN_POINT('',(0.445638676439,3.165207170907));
#634 = CARTESIAN_POINT('',(0.539097474432,3.148657112406));
#635 = CARTESIAN_POINT('',(0.635387739638,3.129936497339));
#636 = CARTESIAN_POINT('',(0.789280193074,3.099291504409));
#637 = CARTESIAN_POINT('',(0.844480302695,3.088166555291));
#638 = CARTESIAN_POINT('',(0.900897168976,3.076847816885));
#639 = CARTESIAN_POINT('',(0.958572522089,3.065545527588));
#640 = CARTESIAN_POINT('',(1.017559949424,3.054505364986));
#641 = CARTESIAN_POINT('',(1.077927000764,3.044004661196));
#642 = CARTESIAN_POINT('',(1.139758797222,3.034344382826));
#643 = CARTESIAN_POINT('',(1.248594366876,3.019740977017));
#644 = CARTESIAN_POINT('',(1.294846729593,3.01423508921));
#645 = CARTESIAN_POINT('',(1.341767612258,3.009460412591));
#646 = CARTESIAN_POINT('',(1.389220427873,3.005543673613));
#647 = CARTESIAN_POINT('',(1.437080300054,3.002587525152));
#648 = CARTESIAN_POINT('',(1.48522968158,3.000663745652));
#649 = CARTESIAN_POINT('',(1.533553913715,2.999809236936));
#650 = CARTESIAN_POINT('',(1.655340088255,3.000351890773));
#651 = CARTESIAN_POINT('',(1.728098248651,3.003138115098));
#652 = CARTESIAN_POINT('',(1.800023210048,3.008298331848));
#653 = CARTESIAN_POINT('',(1.870914906776,3.015594977814));
#654 = CARTESIAN_POINT('',(1.94054973571,3.024665571009));
#655 = CARTESIAN_POINT('',(2.008664573878,3.035061530391));
#656 = CARTESIAN_POINT('',(2.074936282913,3.046298332667));
#657 = CARTESIAN_POINT('',(2.225370267366,3.073599675325));
#658 = CARTESIAN_POINT('',(2.308608298776,3.090145276201));
#659 = CARTESIAN_POINT('',(2.38912401476,3.106737424642));
#660 = CARTESIAN_POINT('',(2.467284491418,3.122725170668));
#661 = CARTESIAN_POINT('',(2.543422861842,3.137623267771));
#662 = CARTESIAN_POINT('',(2.617853816903,3.151081854163));
#663 = CARTESIAN_POINT('',(2.690880272649,3.162848505324));
#664 = CARTESIAN_POINT('',(2.81127923728,3.179412613266));
#665 = CARTESIAN_POINT('',(2.859255160915,3.18523232041));
#666 = CARTESIAN_POINT('',(2.906833240669,3.190148953594));
#667 = CARTESIAN_POINT('',(2.954096140831,3.194120642291));
#668 = CARTESIAN_POINT('',(3.001124115036,3.197117959188));
#669 = CARTESIAN_POINT('',(3.047996329842,3.199122448868));
#670 = CARTESIAN_POINT('',(3.094792188312,3.200125156495));
#671 = CARTESIAN_POINT('',(3.206933435332,3.200125156495));
#672 = CARTESIAN_POINT('',(3.272249311831,3.198170947893));
#673 = CARTESIAN_POINT('',(3.337770605296,3.1942652835));
#674 = CARTESIAN_POINT('',(3.40372011226,3.188443240068));
#675 = CARTESIAN_POINT('',(3.470318338934,3.180774766132));
#676 = CARTESIAN_POINT('',(3.537790373772,3.171372941095));
#677 = CARTESIAN_POINT('',(3.606374397219,3.160407945544));
#678 = CARTESIAN_POINT('',(3.730890995807,3.138548744029));
#679 = CARTESIAN_POINT('',(3.786325522774,3.128163087205));
#680 = CARTESIAN_POINT('',(3.842753039997,3.117086658109));
#681 = CARTESIAN_POINT('',(3.900293340198,3.105466423183));
#682 = CARTESIAN_POINT('',(3.959070656708,3.093487354425));
#683 = CARTESIAN_POINT('',(4.019217624484,3.0813779841));
#684 = CARTESIAN_POINT('',(4.080880923838,3.069413589277));
#685 = CARTESIAN_POINT('',(4.210642647234,3.045863928692));
#686 = CARTESIAN_POINT('',(4.279539345995,3.034210424447));
#687 = CARTESIAN_POINT('',(4.350433404511,3.023479414732));
#688 = CARTESIAN_POINT('',(4.422944315973,3.014216053586));
#689 = CARTESIAN_POINT('',(4.496762559022,3.006925771387));
#690 = CARTESIAN_POINT('',(4.571623925693,3.002004474483));
#691 = CARTESIAN_POINT('',(4.647289572049,2.999685111965));
#692 = CARTESIAN_POINT('',(4.796932741844,3.000351890773));
#693 = CARTESIAN_POINT('',(4.869690902241,3.003138115098));
#694 = CARTESIAN_POINT('',(4.941615863638,3.008298331848));
#695 = CARTESIAN_POINT('',(5.012507560366,3.015594977814));
#696 = CARTESIAN_POINT('',(5.082142389299,3.024665571009));
#697 = CARTESIAN_POINT('',(5.150257227468,3.035061530391));
#698 = CARTESIAN_POINT('',(5.216528936503,3.046298332667));
#699 = CARTESIAN_POINT('',(5.425143599027,3.08415853032));
#700 = CARTESIAN_POINT('',(5.560814103634,3.112810343086));
#701 = CARTESIAN_POINT('',(5.689762123179,3.140057921771));
#702 = CARTESIAN_POINT('',(5.813481777998,3.163399861666));
#703 = CARTESIAN_POINT('',(5.933338398524,3.181570461359));
#704 = CARTESIAN_POINT('',(6.050622934461,3.193914824223));
#705 = CARTESIAN_POINT('',(6.166705782542,3.200125156495));
#706 = CARTESIAN_POINT('',(6.28318530718,3.200125156495));
#707 = ( GEOMETRIC_REPRESENTATION_CONTEXT(2) 
PARAMETRIC_REPRESENTATION_CONTEXT() REPRESENTATION_CONTEXT('2D SPACE',''
  ) );
#708 = FACE_BOUND('',#709,.T.);
#709 = EDGE_LOOP('',(#710));
#710 = ORIENTED_EDGE('',*,*,#711,.T.);
#711 = EDGE_CURVE('',#712,#712,#714,.T.);
#712 = VERTEX_POINT('',#713);
#713 = CARTESIAN_POINT('',(-160.,2.069653090559E-14,-35.));
#714 = SURFACE_CURVE('',#715,(#803,#894),.PCURVE_S1.);
#715 = B_SPLINE_CURVE_WITH_KNOTS('',6,(#716,#717,#718,#719,#720,#721,
    #722,#723,#724,#725,#726,#727,#728,#729,#730,#731,#732,#733,#734,
    #735,#736,#737,#738,#739,#740,#741,#742,#743,#744,#745,#746,#747,
    #748,#749,#750,#751,#752,#753,#754,#755,#756,#757,#758,#759,#760,
    #761,#762,#763,#764,#765,#766,#767,#768,#769,#770,#771,#772,#773,
    #774,#775,#776,#777,#778,#779,#780,#781,#782,#783,#784,#785,#786,
    #787,#788,#789,#790,#791,#792,#793,#794,#795,#796,#797,#798,#799,
    #800,#801,#802),.UNSPECIFIED.,.T.,.F.,(7,5,5,5,5,5,5,5,5,5,5,5,5,5,5
    ,5,5,7),(0.,4.8369889846E-02,0.12192474,0.181276830455,
    0.250150647184,0.31902445864,0.378376545279,0.420260573483,
    0.479709118866,0.531617701248,0.58052475923,0.622346572358,
    0.68161050051,0.75038201125,0.81915352199,0.878417446304,
    0.920239260262,1.),.UNSPECIFIED.);
#716 = CARTESIAN_POINT('',(-160.,2.22044604925E-14,-35.));
#717 = CARTESIAN_POINT('',(-160.,-0.307436789198,-35.));
#718 = CARTESIAN_POINT('',(-159.9992914749,-0.614202042183,
    -35.02268431038));
#719 = CARTESIAN_POINT('',(-159.9978784971,-0.916828266217,-35.067866216
    ));
#720 = CARTESIAN_POINT('',(-159.9958236559,-1.211917577146,
    -35.13442969102));
#721 = CARTESIAN_POINT('',(-159.9932325725,-1.496330408219,
    -35.22036092448));
#722 = CARTESIAN_POINT('',(-159.9856852786,-2.179543585892,
    -35.47852567115));
#723 = CARTESIAN_POINT('',(-159.9802013816,-2.560605570324,
    -35.67232492348));
#724 = CARTESIAN_POINT('',(-159.9741692775,-2.908586361826,
    -35.89680717418));
#725 = CARTESIAN_POINT('',(-159.9679524453,-3.22272376525,
    -36.14553487157));
#726 = CARTESIAN_POINT('',(-159.9618370133,-3.503134329722,
    -36.41279661644));
#727 = CARTESIAN_POINT('',(-159.9513544406,-3.950201661558,
    -36.91989496454));
#728 = CARTESIAN_POINT('',(-159.9468640129,-4.128952351463,
    -37.1557237766));
#729 = CARTESIAN_POINT('',(-159.9426648829,-4.287526471058,
    -37.39895580061));
#730 = CARTESIAN_POINT('',(-159.9388300404,-4.426636486653,
    -37.64806240928));
#731 = CARTESIAN_POINT('',(-159.9354116718,-4.546921826469,
    -37.90185414978));
#732 = CARTESIAN_POINT('',(-159.9290086625,-4.767200349313,
    -38.45821418986));
#733 = CARTESIAN_POINT('',(-159.926181691,-4.860842360256,
    -38.76207512991));
#734 = CARTESIAN_POINT('',(-159.9240270447,-4.930550577304,
    -39.06936907317));
#735 = CARTESIAN_POINT('',(-159.9225799458,-4.976846387245,
    -39.37883698322));
#736 = CARTESIAN_POINT('',(-159.9218559171,-5.,-39.68939872183));
#737 = CARTESIAN_POINT('',(-159.9218559171,-5.,-40.31060125438));
#738 = CARTESIAN_POINT('',(-159.922579946,-4.97684638092,-40.62116305451
    ));
#739 = CARTESIAN_POINT('',(-159.9240270446,-4.930550581535,
    -40.93063092717));
#740 = CARTESIAN_POINT('',(-159.9261816908,-4.860842368577,
    -41.2379248325));
#741 = CARTESIAN_POINT('',(-159.9290086628,-4.767200340201,
    -41.54178583314));
#742 = CARTESIAN_POINT('',(-159.9354116716,-4.546921833071,
    -42.09814583354));
#743 = CARTESIAN_POINT('',(-159.9388300408,-4.426636471518,
    -42.35193761631));
#744 = CARTESIAN_POINT('',(-159.9426648829,-4.287526474085,
    -42.60104420021));
#745 = CARTESIAN_POINT('',(-159.9468640125,-4.12895236803,
    -42.84427619818));
#746 = CARTESIAN_POINT('',(-159.9513544409,-3.950201648447,
    -43.08010505033));
#747 = CARTESIAN_POINT('',(-159.9593390874,-3.60966744099,
    -43.46636528849));
#748 = CARTESIAN_POINT('',(-159.9627385637,-3.458329120204,
    -43.62155312576));
#749 = CARTESIAN_POINT('',(-159.9661973243,-3.296344687043,
    -43.77134570861));
#750 = CARTESIAN_POINT('',(-159.9696711673,-3.123546982683,
    -43.91487008831));
#751 = CARTESIAN_POINT('',(-159.9731083235,-2.939818765775,
    -44.05113974022));
#752 = CARTESIAN_POINT('',(-159.9811914869,-2.46875791674,
    -44.36056888232));
#753 = CARTESIAN_POINT('',(-159.9857620641,-2.169003888504,
    -44.52607769882));
#754 = CARTESIAN_POINT('',(-159.9899499974,-1.847559409592,
    -44.67061033784));
#755 = CARTESIAN_POINT('',(-159.993526884,-1.506989944586,
    -44.78983529773));
#756 = CARTESIAN_POINT('',(-159.9962871406,-1.150576369876,
    -44.88009223454));
#757 = CARTESIAN_POINT('',(-159.9996607037,-0.460493609942,
    -44.98939060625));
#758 = CARTESIAN_POINT('',(-160.0004949421,-0.131088677392,
    -45.01578834272));
#759 = CARTESIAN_POINT('',(-160.0004978343,0.201312686788,-45.0157610246
    ));
#760 = CARTESIAN_POINT('',(-159.9996483216,0.53170396722,-44.98900412617
    ));
#761 = CARTESIAN_POINT('',(-159.9980189805,0.855166229983,
    -44.93676872102));
#762 = CARTESIAN_POINT('',(-159.9935974309,1.461243042307,
    -44.79126255201));
#763 = CARTESIAN_POINT('',(-159.9908799373,1.744858049617,-44.7006063807
    ));
#764 = CARTESIAN_POINT('',(-159.9876886447,2.016337939242,-44.5918165986
    ));
#765 = CARTESIAN_POINT('',(-159.9841403427,2.2742364299,-44.46703563586)
  );
#766 = CARTESIAN_POINT('',(-159.9803564101,2.517423510558,
    -44.32860156222));
#767 = CARTESIAN_POINT('',(-159.9731083235,2.939818765698,
    -44.05113974027));
#768 = CARTESIAN_POINT('',(-159.9696711673,3.123546982707,
    -43.91487008831));
#769 = CARTESIAN_POINT('',(-159.9661973243,3.296344687112,
    -43.77134570855));
#770 = CARTESIAN_POINT('',(-159.9627385637,3.458329120217,
    -43.62155312573));
#771 = CARTESIAN_POINT('',(-159.9593390874,3.609667440929,
    -43.46636528856));
#772 = CARTESIAN_POINT('',(-159.9513544406,3.950201661559,
    -43.08010503545));
#773 = CARTESIAN_POINT('',(-159.9468640129,4.128952351463,
    -42.84427622339));
#774 = CARTESIAN_POINT('',(-159.9426648829,4.287526471059,
    -42.60104419938));
#775 = CARTESIAN_POINT('',(-159.9388300404,4.426636486653,
    -42.35193759071));
#776 = CARTESIAN_POINT('',(-159.9354116718,4.546921826469,
    -42.09814585021));
#777 = CARTESIAN_POINT('',(-159.9290086625,4.767200349313,
    -41.54178581013));
#778 = CARTESIAN_POINT('',(-159.926181691,4.860842360256,-41.23792487008
    ));
#779 = CARTESIAN_POINT('',(-159.9240270447,4.930550577304,
    -40.93063092682));
#780 = CARTESIAN_POINT('',(-159.9225799458,4.976846387245,
    -40.62116301677));
#781 = CARTESIAN_POINT('',(-159.9218559171,5.,-40.31060127816));
#782 = CARTESIAN_POINT('',(-159.9218559171,5.,-39.68939872183));
#783 = CARTESIAN_POINT('',(-159.9225799458,4.976846387245,
    -39.37883698322));
#784 = CARTESIAN_POINT('',(-159.9240270447,4.930550577304,
    -39.06936907317));
#785 = CARTESIAN_POINT('',(-159.926181691,4.860842360256,-38.76207512991
    ));
#786 = CARTESIAN_POINT('',(-159.9290086625,4.767200349313,
    -38.45821418986));
#787 = CARTESIAN_POINT('',(-159.9354116716,4.546921833071,
    -37.90185416646));
#788 = CARTESIAN_POINT('',(-159.9388300408,4.426636471518,
    -37.64806238368));
#789 = CARTESIAN_POINT('',(-159.9426648829,4.287526474085,
    -37.39895579978));
#790 = CARTESIAN_POINT('',(-159.9468640125,4.12895236803,-37.15572380181
    ));
#791 = CARTESIAN_POINT('',(-159.9513544409,3.950201648448,
    -36.91989494966));
#792 = CARTESIAN_POINT('',(-159.9593390874,3.609667438267,
    -36.53363470841));
#793 = CARTESIAN_POINT('',(-159.9627385636,3.458329125234,
    -36.37844687872));
#794 = CARTESIAN_POINT('',(-159.9661973243,3.296344686616,
    -36.22865429171));
#795 = CARTESIAN_POINT('',(-159.9696711674,3.123546977455,
    -36.08512990735));
#796 = CARTESIAN_POINT('',(-159.9731083234,2.939818769426,
    -35.94886026217));
#797 = CARTESIAN_POINT('',(-159.9828212282,2.373781816409,-35.5770434807
    ));
#798 = CARTESIAN_POINT('',(-159.988931819,1.957353638754,-35.36017929385
    ));
#799 = CARTESIAN_POINT('',(-159.9942160101,1.501511866931,
    -35.18503309332));
#800 = CARTESIAN_POINT('',(-159.998043982,1.015426500813,-35.06260689811
    ));
#801 = CARTESIAN_POINT('',(-160.,0.510747444847,-35.));
#802 = CARTESIAN_POINT('',(-160.,2.22044604925E-14,-35.));
#803 = PCURVE('',#69,#804);
#804 = DEFINITIONAL_REPRESENTATION('',(#805),#893);
#805 = B_SPLINE_CURVE_WITH_KNOTS('',6,(#806,#807,#808,#809,#810,#811,
    #812,#813,#814,#815,#816,#817,#818,#819,#820,#821,#822,#823,#824,
    #825,#826,#827,#828,#829,#830,#831,#832,#833,#834,#835,#836,#837,
    #838,#839,#840,#841,#842,#843,#844,#845,#846,#847,#848,#849,#850,
    #851,#852,#853,#854,#855,#856,#857,#858,#859,#860,#861,#862,#863,
    #864,#865,#866,#867,#868,#869,#870,#871,#872,#873,#874,#875,#876,
    #877,#878,#879,#880,#881,#882,#883,#884,#885,#886,#887,#888,#889,
    #890,#891,#892),.UNSPECIFIED.,.T.,.F.,(7,5,5,5,5,5,5,5,5,5,5,5,5,5,5
    ,5,5,7),(0.,4.8369889846E-02,0.12192474,0.181276830455,
    0.250150647184,0.31902445864,0.378376545279,0.420260573483,
    0.479709118866,0.531617701248,0.58052475923,0.622346572358,
    0.68161050051,0.75038201125,0.81915352199,0.878417446304,
    0.920239260262,1.),.UNSPECIFIED.);
#806 = CARTESIAN_POINT('',(3.14159265359,45.));
#807 = CARTESIAN_POINT('',(3.143514133522,45.));
#808 = CARTESIAN_POINT('',(3.145431416281,44.977315689612));
#809 = CARTESIAN_POINT('',(3.147322843139,44.932133783993));
#810 = CARTESIAN_POINT('',(3.149167189238,44.865570308975));
#811 = CARTESIAN_POINT('',(3.150944839928,44.779639075516));
#812 = CARTESIAN_POINT('',(3.155215182822,44.521474328843));
#813 = CARTESIAN_POINT('',(3.157597053491,44.327675076511));
#814 = CARTESIAN_POINT('',(3.159772248113,44.103192825818));
#815 = CARTESIAN_POINT('',(3.161735984992,43.854465128426));
#816 = CARTESIAN_POINT('',(3.163488965375,43.587203383553));
#817 = CARTESIAN_POINT('',(3.166283904185,43.080105035459));
#818 = CARTESIAN_POINT('',(3.167401446923,42.844276223394));
#819 = CARTESIAN_POINT('',(3.168392881451,42.601044199384));
#820 = CARTESIAN_POINT('',(3.169262648912,42.351937590719));
#821 = CARTESIAN_POINT('',(3.170014735619,42.098145850213));
#822 = CARTESIAN_POINT('',(3.171392057893,41.541785810131));
#823 = CARTESIAN_POINT('',(3.171977586765,41.237924870088));
#824 = CARTESIAN_POINT('',(3.17241347109,40.930630926826));
#825 = CARTESIAN_POINT('',(3.172702961305,40.621163016771));
#826 = CARTESIAN_POINT('',(3.172847742089,40.310601278167));
#827 = CARTESIAN_POINT('',(3.172847742089,39.689398745613));
#828 = CARTESIAN_POINT('',(3.172702961266,39.378836945487));
#829 = CARTESIAN_POINT('',(3.172413471116,39.069369072825));
#830 = CARTESIAN_POINT('',(3.171977586817,38.762075167494));
#831 = CARTESIAN_POINT('',(3.171392057836,38.458214166853));
#832 = CARTESIAN_POINT('',(3.17001473566,37.90185416646));
#833 = CARTESIAN_POINT('',(3.169262648817,37.648062383688));
#834 = CARTESIAN_POINT('',(3.16839288147,37.398955799788));
#835 = CARTESIAN_POINT('',(3.167401447027,37.155723801817));
#836 = CARTESIAN_POINT('',(3.166283904103,36.919894949669));
#837 = CARTESIAN_POINT('',(3.164154980326,36.533634711504));
#838 = CARTESIAN_POINT('',(3.163208877682,36.37844687424));
#839 = CARTESIAN_POINT('',(3.162196245193,36.228654291387));
#840 = CARTESIAN_POINT('',(3.161116042765,36.085129911685));
#841 = CARTESIAN_POINT('',(3.159967541856,35.948860259776));
#842 = CARTESIAN_POINT('',(3.157022978135,35.63943111768));
#843 = CARTESIAN_POINT('',(3.155149300934,35.473922301176));
#844 = CARTESIAN_POINT('',(3.15314011077,35.329389662154));
#845 = CARTESIAN_POINT('',(3.151011445263,35.21016470227));
#846 = CARTESIAN_POINT('',(3.148783802887,35.119907765453));
#847 = CARTESIAN_POINT('',(3.1444707341,35.010609393744));
#848 = CARTESIAN_POINT('',(3.142411952362,34.984211657272));
#849 = CARTESIAN_POINT('',(3.140334454045,34.984238975399));
#850 = CARTESIAN_POINT('',(3.138269511501,35.010995873824));
#851 = CARTESIAN_POINT('',(3.136247851844,35.063231278975));
#852 = CARTESIAN_POINT('',(3.132459770966,35.208737447985));
#853 = CARTESIAN_POINT('',(3.130687100483,35.299393619294));
#854 = CARTESIAN_POINT('',(3.12899023951,35.408183401399));
#855 = CARTESIAN_POINT('',(3.127378225643,35.532964364131));
#856 = CARTESIAN_POINT('',(3.125858124307,35.671398437774));
#857 = CARTESIAN_POINT('',(3.123217765324,35.948860259726));
#858 = CARTESIAN_POINT('',(3.122069264415,36.085129911689));
#859 = CARTESIAN_POINT('',(3.120989061986,36.228654291446));
#860 = CARTESIAN_POINT('',(3.119976429497,36.378446874268));
#861 = CARTESIAN_POINT('',(3.119030326854,36.533634711435));
#862 = CARTESIAN_POINT('',(3.116901402995,36.919894964541));
#863 = CARTESIAN_POINT('',(3.115783860256,37.155723776607));
#864 = CARTESIAN_POINT('',(3.114792425728,37.398955800616));
#865 = CARTESIAN_POINT('',(3.113922658268,37.648062409282));
#866 = CARTESIAN_POINT('',(3.113170571561,37.901854149786));
#867 = CARTESIAN_POINT('',(3.111793249287,38.458214189869));
#868 = CARTESIAN_POINT('',(3.111207720415,38.762075129913));
#869 = CARTESIAN_POINT('',(3.11077183609,39.069369073175));
#870 = CARTESIAN_POINT('',(3.110482345874,39.378836983229));
#871 = CARTESIAN_POINT('',(3.11033756509,39.689398721833));
#872 = CARTESIAN_POINT('',(3.11033756509,40.310601278168));
#873 = CARTESIAN_POINT('',(3.110482345874,40.621163016771));
#874 = CARTESIAN_POINT('',(3.11077183609,40.930630926825));
#875 = CARTESIAN_POINT('',(3.111207720415,41.237924870087));
#876 = CARTESIAN_POINT('',(3.111793249287,41.541785810132));
#877 = CARTESIAN_POINT('',(3.11317057152,42.09814583354));
#878 = CARTESIAN_POINT('',(3.113922658362,42.351937616312));
#879 = CARTESIAN_POINT('',(3.11479242571,42.601044200212));
#880 = CARTESIAN_POINT('',(3.115783860153,42.844276198183));
#881 = CARTESIAN_POINT('',(3.116901403077,43.080105050331));
#882 = CARTESIAN_POINT('',(3.11903032687,43.466365291585));
#883 = CARTESIAN_POINT('',(3.119976429466,43.621553121273));
#884 = CARTESIAN_POINT('',(3.120989061989,43.77134570829));
#885 = CARTESIAN_POINT('',(3.122069264448,43.914870092647));
#886 = CARTESIAN_POINT('',(3.1232177653,44.051139737825));
#887 = CARTESIAN_POINT('',(3.126756017057,44.4229565193));
#888 = CARTESIAN_POINT('',(3.129358965364,44.639820706145));
#889 = CARTESIAN_POINT('',(3.132208146067,44.814966906677));
#890 = CARTESIAN_POINT('',(3.135246237923,44.937393101881));
#891 = CARTESIAN_POINT('',(3.138400482059,45.));
#892 = CARTESIAN_POINT('',(3.14159265359,45.));
#893 = ( GEOMETRIC_REPRESENTATION_CONTEXT(2) 
PARAMETRIC_REPRESENTATION_CONTEXT() REPRESENTATION_CONTEXT('2D SPACE',''
  ) );
#894 = PCURVE('',#895,#900);
#895 = CYLINDRICAL_SURFACE('',#896,5.);
#896 = AXIS2_PLACEMENT_3D('',#897,#898,#899);
#897 = CARTESIAN_POINT('',(-162.,1.885956070687E-14,-40.));
#898 = DIRECTION('',(1.,2.540718180781E-33,2.22044604925E-16));
#899 = DIRECTION('',(-2.22044604925E-16,1.224646799147E-16,1.));
#900 = DEFINITIONAL_REPRESENTATION('',(#901),#989);
#901 = B_SPLINE_CURVE_WITH_KNOTS('',6,(#902,#903,#904,#905,#906,#907,
    #908,#909,#910,#911,#912,#913,#914,#915,#916,#917,#918,#919,#920,
    #921,#922,#923,#924,#925,#926,#927,#928,#929,#930,#931,#932,#933,
    #934,#935,#936,#937,#938,#939,#940,#941,#942,#943,#944,#945,#946,
    #947,#948,#949,#950,#951,#952,#953,#954,#955,#956,#957,#958,#959,
    #960,#961,#962,#963,#964,#965,#966,#967,#968,#969,#970,#971,#972,
    #973,#974,#975,#976,#977,#978,#979,#980,#981,#982,#983,#984,#985,
    #986,#987,#988),.UNSPECIFIED.,.F.,.F.,(7,5,5,5,5,5,5,5,5,5,5,5,5,5,5
    ,5,5,7),(0.,4.8369889846E-02,0.12192474,0.181276830455,
    0.250150647184,0.31902445864,0.378376545279,0.420260573483,
    0.479709118866,0.531617701248,0.58052475923,0.622346572358,
    0.68161050051,0.75038201125,0.81915352199,0.878417446304,
    0.920239260262,1.),.UNSPECIFIED.);
#902 = CARTESIAN_POINT('',(-8.881784197001E-16,2.));
#903 = CARTESIAN_POINT('',(6.148735783966E-02,2.));
#904 = CARTESIAN_POINT('',(0.122840359905,2.000708525083));
#905 = CARTESIAN_POINT('',(0.183784193755,2.002121502862));
#906 = CARTESIAN_POINT('',(0.24404798713,2.004176344096));
#907 = CARTESIAN_POINT('',(0.303333389759,2.006767427426));
#908 = CARTESIAN_POINT('',(0.449405876226,2.014314721362));
#909 = CARTESIAN_POINT('',(0.534399111494,2.019798618359));
#910 = CARTESIAN_POINT('',(0.616603032873,2.025830722481));
#911 = CARTESIAN_POINT('',(0.696219515198,2.032047554618));
#912 = CARTESIAN_POINT('',(0.773402682679,2.038162986654));
#913 = CARTESIAN_POINT('',(0.908608885767,2.048645559354));
#914 = CARTESIAN_POINT('',(0.967630730334,2.053135987008));
#915 = CARTESIAN_POINT('',(1.02548965474,2.057335117042));
#916 = CARTESIAN_POINT('',(1.082360916353,2.061169959578));
#917 = CARTESIAN_POINT('',(1.138410585958,2.064588328124));
#918 = CARTESIAN_POINT('',(1.258086669087,2.070991337444));
#919 = CARTESIAN_POINT('',(1.321485798459,2.073818308942));
#920 = CARTESIAN_POINT('',(1.384238491196,2.075972955247));
#921 = CARTESIAN_POINT('',(1.446563850224,2.077420054149));
#922 = CARTESIAN_POINT('',(1.508676071161,2.078144082805));
#923 = CARTESIAN_POINT('',(1.632916577672,2.078144082805));
#924 = CARTESIAN_POINT('',(1.695028811133,2.077420053963));
#925 = CARTESIAN_POINT('',(1.757354162302,2.07597295537));
#926 = CARTESIAN_POINT('',(1.820106847319,2.073818309186));
#927 = CARTESIAN_POINT('',(1.883505989454,2.070991337179));
#928 = CARTESIAN_POINT('',(2.003182064045,2.064588328316));
#929 = CARTESIAN_POINT('',(2.059231743258,2.061169959187));
#930 = CARTESIAN_POINT('',(2.116102998673,2.057335117096));
#931 = CARTESIAN_POINT('',(2.173961917149,2.053135987425));
#932 = CARTESIAN_POINT('',(2.232983771788,2.048645559047));
#933 = CARTESIAN_POINT('',(2.335971250257,2.040660912591));
#934 = CARTESIAN_POINT('',(2.379269173985,2.037261436225));
#935 = CARTESIAN_POINT('',(2.423305247383,2.033802675636));
#936 = CARTESIAN_POINT('',(2.468131830306,2.030328832681));
#937 = CARTESIAN_POINT('',(2.513807210827,2.026891676452));
#938 = CARTESIAN_POINT('',(2.626527167795,2.018808513092));
#939 = CARTESIAN_POINT('',(2.694807857328,2.014237935827));
#940 = CARTESIAN_POINT('',(2.764932564058,2.010050002592));
#941 = CARTESIAN_POINT('',(2.836684534864,2.006473115929));
#942 = CARTESIAN_POINT('',(2.909913771424,2.003712859327));
#943 = CARTESIAN_POINT('',(3.049650717092,2.000339296285));
#944 = CARTESIAN_POINT('',(3.115546494288,1.999505057863));
#945 = CARTESIAN_POINT('',(3.181704946019,1.999502165682));
#946 = CARTESIAN_POINT('',(3.247682724067,2.000351678317));
#947 = CARTESIAN_POINT('',(3.313026532334,2.00198101941));
#948 = CARTESIAN_POINT('',(3.437686252798,2.006402569004));
#949 = CARTESIAN_POINT('',(3.497074762771,2.009120062637));
#950 = CARTESIAN_POINT('',(3.555347584876,2.012311355202));
#951 = CARTESIAN_POINT('',(3.612451215439,2.015859657286));
#952 = CARTESIAN_POINT('',(3.668303309328,2.019643589803));
#953 = CARTESIAN_POINT('',(3.769378096334,2.026891676451));
#954 = CARTESIAN_POINT('',(3.815053476877,2.030328832681));
#955 = CARTESIAN_POINT('',(3.859880059815,2.033802675637));
#956 = CARTESIAN_POINT('',(3.903916133201,2.037261436225));
#957 = CARTESIAN_POINT('',(3.947214056904,2.04066091259));
#958 = CARTESIAN_POINT('',(4.050201539357,2.048645559354));
#959 = CARTESIAN_POINT('',(4.109223383923,2.053135987008));
#960 = CARTESIAN_POINT('',(4.167082308329,2.057335117042));
#961 = CARTESIAN_POINT('',(4.223953569943,2.061169959578));
#962 = CARTESIAN_POINT('',(4.280003239548,2.064588328124));
#963 = CARTESIAN_POINT('',(4.399679322676,2.070991337444));
#964 = CARTESIAN_POINT('',(4.463078452049,2.073818308942));
#965 = CARTESIAN_POINT('',(4.525831144786,2.075972955247));
#966 = CARTESIAN_POINT('',(4.588156503814,2.077420054149));
#967 = CARTESIAN_POINT('',(4.650268724751,2.078144082805));
#968 = CARTESIAN_POINT('',(4.774509236018,2.078144082805));
#969 = CARTESIAN_POINT('',(4.836621456956,2.077420054149));
#970 = CARTESIAN_POINT('',(4.898946815983,2.075972955247));
#971 = CARTESIAN_POINT('',(4.96169950872,2.073818308942));
#972 = CARTESIAN_POINT('',(5.025098638093,2.070991337444));
#973 = CARTESIAN_POINT('',(5.144774717635,2.064588328316));
#974 = CARTESIAN_POINT('',(5.200824396848,2.061169959187));
#975 = CARTESIAN_POINT('',(5.257695652262,2.057335117096));
#976 = CARTESIAN_POINT('',(5.315554570739,2.053135987425));
#977 = CARTESIAN_POINT('',(5.374576425378,2.048645559047));
#978 = CARTESIAN_POINT('',(5.477563904671,2.040660912527));
#979 = CARTESIAN_POINT('',(5.520861826216,2.037261436327));
#980 = CARTESIAN_POINT('',(5.564897900995,2.033802675636));
#981 = CARTESIAN_POINT('',(5.609724485264,2.030328832579));
#982 = CARTESIAN_POINT('',(5.655399863544,2.026891676515));
#983 = CARTESIAN_POINT('',(5.7908466134,2.017178771762));
#984 = CARTESIAN_POINT('',(5.884270022282,2.011068180966));
#985 = CARTESIAN_POINT('',(5.980963778328,2.005783989813));
#986 = CARTESIAN_POINT('',(6.080100124497,2.001956017917));
#987 = CARTESIAN_POINT('',(6.18103581821,2.));
#988 = CARTESIAN_POINT('',(6.28318530718,2.));
#989 = ( GEOMETRIC_REPRESENTATION_CONTEXT(2) 
PARAMETRIC_REPRESENTATION_CONTEXT() REPRESENTATION_CONTEXT('2D SPACE',''
  ) );
#990 = FACE_BOUND('',#991,.T.);
#991 = EDGE_LOOP('',(#992,#1049,#1075));
#992 = ORIENTED_EDGE('',*,*,#993,.F.);
#993 = EDGE_CURVE('',#994,#996,#998,.T.);
#994 = VERTEX_POINT('',#995);
#995 = CARTESIAN_POINT('',(116.89444430272,109.25057844769,
    -44.9873007199));
#996 = VERTEX_POINT('',#997);
#997 = CARTESIAN_POINT('',(113.83979971872,112.42997820866,
    -43.53553390593));
#998 = SURFACE_CURVE('',#999,(#1012,#1028),.PCURVE_S1.);
#999 = B_SPLINE_CURVE_WITH_KNOTS('',6,(#1000,#1001,#1002,#1003,#1004,
    #1005,#1006,#1007,#1008,#1009,#1010,#1011),.UNSPECIFIED.,.F.,.F.,(7,
    5,7),(0.,0.163842195427,1.),.UNSPECIFIED.);
#1000 = CARTESIAN_POINT('',(116.89444490272,109.25057780571,
    -44.98730076575));
#1001 = CARTESIAN_POINT('',(116.80471970905,109.3465807461,
    -44.98044538143));
#1002 = CARTESIAN_POINT('',(116.71503653945,109.4423490575,
    -44.97137781179));
#1003 = CARTESIAN_POINT('',(116.62543893852,109.53783724151,
    -44.96010801496));
#1004 = CARTESIAN_POINT('',(116.53597044533,109.63300039209,
    -44.94664547812));
#1005 = CARTESIAN_POINT('',(116.44667459349,109.72779419559,
    -44.93099921749));
#1006 = CARTESIAN_POINT('',(115.9029826453,110.30384076819,
    -44.82222724288));
#1007 = CARTESIAN_POINT('',(115.45395403173,110.77479712177,
    -44.67461439798));
#1008 = CARTESIAN_POINT('',(115.01620614232,111.22932501145,
    -44.47142119771));
#1009 = CARTESIAN_POINT('',(114.59602920903,111.66144913028,
    -44.21336291963));
#1010 = CARTESIAN_POINT('',(114.20080625447,112.06444481284,
    -43.90106730174));
#1011 = CARTESIAN_POINT('',(113.83979971872,112.42997820866,
    -43.53553390593));
#1012 = PCURVE('',#69,#1013);
#1013 = DEFINITIONAL_REPRESENTATION('',(#1014),#1027);
#1014 = B_SPLINE_CURVE_WITH_KNOTS('',6,(#1015,#1016,#1017,#1018,#1019,
    #1020,#1021,#1022,#1023,#1024,#1025,#1026),.UNSPECIFIED.,.F.,.F.,(7,
    5,7),(0.,0.163842195427,1.),.UNSPECIFIED.);
#1015 = CARTESIAN_POINT('',(0.751610295829,35.01269923425));
#1016 = CARTESIAN_POINT('',(0.752431574723,35.019554618568));
#1017 = CARTESIAN_POINT('',(0.753251602911,35.028622188202));
#1018 = CARTESIAN_POINT('',(0.754069987815,35.039891985031));
#1019 = CARTESIAN_POINT('',(0.754886339554,35.053354521877));
#1020 = CARTESIAN_POINT('',(0.755700270943,35.069000782507));
#1021 = CARTESIAN_POINT('',(0.760650928208,35.177772757113));
#1022 = CARTESIAN_POINT('',(0.764717828586,35.325385602011));
#1023 = CARTESIAN_POINT('',(0.768661791722,35.528578802285));
#1024 = CARTESIAN_POINT('',(0.772428780933,35.786637080369));
#1025 = CARTESIAN_POINT('',(0.775956587869,36.098932698251));
#1026 = CARTESIAN_POINT('',(0.779167533397,36.464466094067));
#1027 = ( GEOMETRIC_REPRESENTATION_CONTEXT(2) 
PARAMETRIC_REPRESENTATION_CONTEXT() REPRESENTATION_CONTEXT('2D SPACE',''
  ) );
#1028 = PCURVE('',#1029,#1034);
#1029 = CYLINDRICAL_SURFACE('',#1030,5.);
#1030 = AXIS2_PLACEMENT_3D('',#1031,#1032,#1033);
#1031 = CARTESIAN_POINT('',(100.89444430272,108.89444430272,-40.));
#1032 = DIRECTION('',(1.,7.850462293419E-17,7.850462293419E-17));
#1033 = DIRECTION('',(0.,0.707106781187,-0.707106781187));
#1034 = DEFINITIONAL_REPRESENTATION('',(#1035),#1048);
#1035 = B_SPLINE_CURVE_WITH_KNOTS('',6,(#1036,#1037,#1038,#1039,#1040,
    #1041,#1042,#1043,#1044,#1045,#1046,#1047),.UNSPECIFIED.,.F.,.F.,(7,
    5,7),(0.,0.163842195427,1.),.UNSPECIFIED.);
#1036 = CARTESIAN_POINT('',(5.569074207346,16.0000006));
#1037 = CARTESIAN_POINT('',(5.588323686152,15.910275406325));
#1038 = CARTESIAN_POINT('',(5.607557882662,15.820592236726));
#1039 = CARTESIAN_POINT('',(5.626780384685,15.730994635792));
#1040 = CARTESIAN_POINT('',(5.645994856792,15.641526142611));
#1041 = CARTESIAN_POINT('',(5.66520504031,15.552230290766));
#1042 = CARTESIAN_POINT('',(5.782450252794,15.008538342573));
#1043 = CARTESIAN_POINT('',(5.880484184985,14.559509729008));
#1044 = CARTESIAN_POINT('',(5.979045490488,14.121761839593));
#1045 = CARTESIAN_POINT('',(6.078638932128,13.701584906306));
#1046 = CARTESIAN_POINT('',(6.179796850007,13.306361951743));
#1047 = CARTESIAN_POINT('',(6.28318530718,12.945355415999));
#1048 = ( GEOMETRIC_REPRESENTATION_CONTEXT(2) 
PARAMETRIC_REPRESENTATION_CONTEXT() REPRESENTATION_CONTEXT('2D SPACE',''
  ) );
#1049 = ORIENTED_EDGE('',*,*,#1050,.T.);
#1050 = EDGE_CURVE('',#994,#1051,#1053,.T.);
#1051 = VERTEX_POINT('',#1052);
#1052 = CARTESIAN_POINT('',(116.89444430272,109.25057844769,
    -35.01269928009));
#1053 = SURFACE_CURVE('',#1054,(#1058,#1064),.PCURVE_S1.);
#1054 = LINE('',#1055,#1056);
#1055 = CARTESIAN_POINT('',(116.89444430272,109.25057844769,-80.));
#1056 = VECTOR('',#1057,1.);
#1057 = DIRECTION('',(0.,0.,1.));
#1058 = PCURVE('',#69,#1059);
#1059 = DEFINITIONAL_REPRESENTATION('',(#1060),#1063);
#1060 = B_SPLINE_CURVE_WITH_KNOTS('',1,(#1061,#1062),.UNSPECIFIED.,.F.,
  .F.,(2,2),(31.87085277073,48.12914722927),.PIECEWISE_BEZIER_KNOTS.);
#1061 = CARTESIAN_POINT('',(0.751610301321,31.87085277073));
#1062 = CARTESIAN_POINT('',(0.751610301321,48.12914722927));
#1063 = ( GEOMETRIC_REPRESENTATION_CONTEXT(2) 
PARAMETRIC_REPRESENTATION_CONTEXT() REPRESENTATION_CONTEXT('2D SPACE',''
  ) );
#1064 = PCURVE('',#1065,#1070);
#1065 = PLANE('',#1066);
#1066 = AXIS2_PLACEMENT_3D('',#1067,#1068,#1069);
#1067 = CARTESIAN_POINT('',(116.89444430272,108.89444430272,-40.));
#1068 = DIRECTION('',(1.,7.850462293419E-17,7.850462293419E-17));
#1069 = DIRECTION('',(0.,0.707106781187,-0.707106781187));
#1070 = DEFINITIONAL_REPRESENTATION('',(#1071),#1074);
#1071 = B_SPLINE_CURVE_WITH_KNOTS('',1,(#1072,#1073),.UNSPECIFIED.,.F.,
  .F.,(2,2),(31.87085277073,48.12914722927),.PIECEWISE_BEZIER_KNOTS.);
#1072 = CARTESIAN_POINT('',(6.,-5.496350262161));
#1073 = CARTESIAN_POINT('',(-5.496350262161,6.));
#1074 = ( GEOMETRIC_REPRESENTATION_CONTEXT(2) 
PARAMETRIC_REPRESENTATION_CONTEXT() REPRESENTATION_CONTEXT('2D SPACE',''
  ) );
#1075 = ORIENTED_EDGE('',*,*,#1076,.F.);
#1076 = EDGE_CURVE('',#996,#1051,#1077,.T.);
#1077 = SURFACE_CURVE('',#1078,(#1121,#1167),.PCURVE_S1.);
#1078 = B_SPLINE_CURVE_WITH_KNOTS('',5,(#1079,#1080,#1081,#1082,#1083,
    #1084,#1085,#1086,#1087,#1088,#1089,#1090,#1091,#1092,#1093,#1094,
    #1095,#1096,#1097,#1098,#1099,#1100,#1101,#1102,#1103,#1104,#1105,
    #1106,#1107,#1108,#1109,#1110,#1111,#1112,#1113,#1114,#1115,#1116,
    #1117,#1118,#1119,#1120),.UNSPECIFIED.,.F.,.F.,(6,4,4,4,4,4,4,4,4,4,
    6),(0.,0.140548791746,0.206595644004,0.246193624065,0.332633269673,
    0.435727898579,0.485947540501,0.5748093545,0.678943135468,
    0.859405849411,1.),.UNSPECIFIED.);
#1079 = CARTESIAN_POINT('',(113.83979971872,112.42997820866,
    -43.53553390593));
#1080 = CARTESIAN_POINT('',(113.62233548031,112.6501693511,
    -43.31534276348));
#1081 = CARTESIAN_POINT('',(113.41773850723,112.85626721048,
    -43.07496139294));
#1082 = CARTESIAN_POINT('',(113.22889165687,113.04561421631,
    -42.81514930679));
#1083 = CARTESIAN_POINT('',(113.05872493313,113.21558491784,
    -42.5370434239));
#1084 = CARTESIAN_POINT('',(112.84038371145,113.43305298521,
    -42.10358435635));
#1085 = CARTESIAN_POINT('',(112.77538198346,113.49768755924,
    -41.96135391213));
#1086 = CARTESIAN_POINT('',(112.71553296356,113.5571133511,
    -41.81573435794));
#1087 = CARTESIAN_POINT('',(112.66115291319,113.61104396534,
    -41.66702053123));
#1088 = CARTESIAN_POINT('',(112.58336520881,113.68811531061,
    -41.42471105063));
#1089 = CARTESIAN_POINT('',(112.55627803942,113.71493448899,
    -41.33290113791));
#1090 = CARTESIAN_POINT('',(112.53132334584,113.73962762836,
    -41.24018369118));
#1091 = CARTESIAN_POINT('',(112.50855749308,113.76214363328,
    -41.14664715145));
#1092 = CARTESIAN_POINT('',(112.44322018837,113.82673765024,
    -40.84662961867));
#1093 = CARTESIAN_POINT('',(112.40906364138,113.86046195289,
    -40.63737251705));
#1094 = CARTESIAN_POINT('',(112.38610486096,113.88311411986,
    -40.42573811836));
#1095 = CARTESIAN_POINT('',(112.37462149868,113.89444430272,
    -40.2128839149));
#1096 = CARTESIAN_POINT('',(112.37462149868,113.89444430272,
    -39.74609812369));
#1097 = CARTESIAN_POINT('',(112.39095595724,113.87832766038,
    -39.49227573231));
#1098 = CARTESIAN_POINT('',(112.42360475952,113.84611520845,
    -39.24050462257));
#1099 = CARTESIAN_POINT('',(112.4720110851,113.79830666857,
    -38.99274153157));
#1100 = CARTESIAN_POINT('',(112.5658399649,113.70546839262,
    -38.63293656572));
#1101 = CARTESIAN_POINT('',(112.60006515567,113.6715840394,
    -38.5164385705));
#1102 = CARTESIAN_POINT('',(112.63767057442,113.63432509553,
    -38.40146829086));
#1103 = CARTESIAN_POINT('',(112.67852828285,113.59380749709,
    -38.2881850317));
#1104 = CARTESIAN_POINT('',(112.80028630983,113.47293696818,
    -37.97954058757));
#1105 = CARTESIAN_POINT('',(112.8877882946,113.38594051451,
    -37.78814362773));
#1106 = CARTESIAN_POINT('',(112.98426940417,113.28983163176,
    -37.60315775671));
#1107 = CARTESIAN_POINT('',(113.08893684403,113.18532361157,
    -37.42511105002));
#1108 = CARTESIAN_POINT('',(113.33219125028,112.94179438708,
    -37.05445760712));
#1109 = CARTESIAN_POINT('',(113.47352992512,112.79991475056,
    -36.8645861912));
#1110 = CARTESIAN_POINT('',(113.62379325624,112.64859946988,
    -36.68524692454));
#1111 = CARTESIAN_POINT('',(113.78186495243,112.48885423439,
    -36.51676208421));
#1112 = CARTESIAN_POINT('',(114.23229999732,112.03190248139,
    -36.08659802381));
#1113 = CARTESIAN_POINT('',(114.53818917452,111.71974584664,
    -35.84711250162));
#1114 = CARTESIAN_POINT('',(114.85949729091,111.38955693003,
    -35.64147366102));
#1115 = CARTESIAN_POINT('',(115.19227956281,111.04495217876,
    -35.47003724999));
#1116 = CARTESIAN_POINT('',(115.79858665823,110.41211265957,
    -35.22665300324));
#1117 = CARTESIAN_POINT('',(116.06901398277,110.12818791937,
    -35.14107074736));
#1118 = CARTESIAN_POINT('',(116.34277523458,109.83897564146,
    -35.07669359645));
#1119 = CARTESIAN_POINT('',(116.61838395263,109.54595374027,
    -35.03379145852));
#1120 = CARTESIAN_POINT('',(116.89444490272,109.25057780571,
    -35.01269923425));
#1121 = PCURVE('',#69,#1122);
#1122 = DEFINITIONAL_REPRESENTATION('',(#1123),#1166);
#1123 = B_SPLINE_CURVE_WITH_KNOTS('',5,(#1124,#1125,#1126,#1127,#1128,
    #1129,#1130,#1131,#1132,#1133,#1134,#1135,#1136,#1137,#1138,#1139,
    #1140,#1141,#1142,#1143,#1144,#1145,#1146,#1147,#1148,#1149,#1150,
    #1151,#1152,#1153,#1154,#1155,#1156,#1157,#1158,#1159,#1160,#1161,
    #1162,#1163,#1164,#1165),.UNSPECIFIED.,.F.,.F.,(6,4,4,4,4,4,4,4,4,4,
    6),(0.,0.140548791746,0.206595644004,0.246193624065,0.332633269673,
    0.435727898579,0.485947540501,0.5748093545,0.678943135468,
    0.859405849411,1.),.UNSPECIFIED.);
#1124 = CARTESIAN_POINT('',(0.779167533397,36.464466094067));
#1125 = CARTESIAN_POINT('',(0.781101752738,36.684657236513));
#1126 = CARTESIAN_POINT('',(0.782916790656,36.925038607054));
#1127 = CARTESIAN_POINT('',(0.78458818383,37.184850693205));
#1128 = CARTESIAN_POINT('',(0.786091391851,37.462956576095));
#1129 = CARTESIAN_POINT('',(0.788017418864,37.89641564365));
#1130 = CARTESIAN_POINT('',(0.788590337902,38.038646087866));
#1131 = CARTESIAN_POINT('',(0.789117466235,38.184265642059));
#1132 = CARTESIAN_POINT('',(0.789596140345,38.332979468761));
#1133 = CARTESIAN_POINT('',(0.790280534443,38.575288949364));
#1134 = CARTESIAN_POINT('',(0.790518772024,38.667098862086));
#1135 = CARTESIAN_POINT('',(0.790738189553,38.759816308813));
#1136 = CARTESIAN_POINT('',(0.790938312025,38.853352848541));
#1137 = CARTESIAN_POINT('',(0.791512542162,39.153370381329));
#1138 = CARTESIAN_POINT('',(0.791812541991,39.362627482946));
#1139 = CARTESIAN_POINT('',(0.792014120373,39.574261881639));
#1140 = CARTESIAN_POINT('',(0.79211494522,39.787116085092));
#1141 = CARTESIAN_POINT('',(0.79211494522,40.25390187631));
#1142 = CARTESIAN_POINT('',(0.791971527038,40.50772426769));
#1143 = CARTESIAN_POINT('',(0.791684871561,40.759495377424));
#1144 = CARTESIAN_POINT('',(0.791259649872,41.007258468423));
#1145 = CARTESIAN_POINT('',(0.790434678183,41.367063434272));
#1146 = CARTESIAN_POINT('',(0.790133669923,41.483561429491));
#1147 = CARTESIAN_POINT('',(0.789802809554,41.598531709134));
#1148 = CARTESIAN_POINT('',(0.789443175014,41.711814968295));
#1149 = CARTESIAN_POINT('',(0.788370890983,42.020459412421));
#1150 = CARTESIAN_POINT('',(0.787599706534,42.211856372265));
#1151 = CARTESIAN_POINT('',(0.786748569996,42.396842243287));
#1152 = CARTESIAN_POINT('',(0.785824136881,42.574888949974));
#1153 = CARTESIAN_POINT('',(0.783672836499,42.945542392874));
#1154 = CARTESIAN_POINT('',(0.782421175413,43.1354138088));
#1155 = CARTESIAN_POINT('',(0.781088368018,43.314753075454));
#1156 = CARTESIAN_POINT('',(0.77968378546,43.483237915786));
#1157 = CARTESIAN_POINT('',(0.775673561055,43.913401976186));
#1158 = CARTESIAN_POINT('',(0.772942030096,44.152887498377));
#1159 = CARTESIAN_POINT('',(0.77006255126,44.358526338975));
#1160 = CARTESIAN_POINT('',(0.767068462888,44.529962750003));
#1161 = CARTESIAN_POINT('',(0.76159090159,44.773346996752));
#1162 = CARTESIAN_POINT('',(0.759140272902,44.858929252639));
#1163 = CARTESIAN_POINT('',(0.756651337557,44.923306403543));
#1164 = CARTESIAN_POINT('',(0.75413715615,44.966208541476));
#1165 = CARTESIAN_POINT('',(0.751610295829,44.98730076575));
#1166 = ( GEOMETRIC_REPRESENTATION_CONTEXT(2) 
PARAMETRIC_REPRESENTATION_CONTEXT() REPRESENTATION_CONTEXT('2D SPACE',''
  ) );
#1167 = PCURVE('',#1029,#1168);
#1168 = DEFINITIONAL_REPRESENTATION('',(#1169),#1212);
#1169 = B_SPLINE_CURVE_WITH_KNOTS('',5,(#1170,#1171,#1172,#1173,#1174,
    #1175,#1176,#1177,#1178,#1179,#1180,#1181,#1182,#1183,#1184,#1185,
    #1186,#1187,#1188,#1189,#1190,#1191,#1192,#1193,#1194,#1195,#1196,
    #1197,#1198,#1199,#1200,#1201,#1202,#1203,#1204,#1205,#1206,#1207,
    #1208,#1209,#1210,#1211),.UNSPECIFIED.,.F.,.F.,(6,4,4,4,4,4,4,4,4,4,
    6),(0.,0.140548791746,0.206595644004,0.246193624065,0.332633269673,
    0.435727898579,0.485947540501,0.5748093545,0.678943135468,
    0.859405849411,1.),.UNSPECIFIED.);
#1170 = CARTESIAN_POINT('',(8.881784197001E-16,12.945355415999));
#1171 = CARTESIAN_POINT('',(6.227945999216E-02,12.727891177587));
#1172 = CARTESIAN_POINT('',(0.125421013099,12.523294204507));
#1173 = CARTESIAN_POINT('',(0.189445579934,12.334447354143));
#1174 = CARTESIAN_POINT('',(0.254404934375,12.164280630404));
#1175 = CARTESIAN_POINT('',(0.351395474856,11.945939408731));
#1176 = CARTESIAN_POINT('',(0.382617817272,11.880937680738));
#1177 = CARTESIAN_POINT('',(0.414041252836,11.821088660835));
#1178 = CARTESIAN_POINT('',(0.445654067727,11.766708610462));
#1179 = CARTESIAN_POINT('',(0.496508320903,11.688920906084));
#1180 = CARTESIAN_POINT('',(0.515632293352,11.661833736698));
#1181 = CARTESIAN_POINT('',(0.534814822252,11.636879043115));
#1182 = CARTESIAN_POINT('',(0.554050871376,11.614113190359));
#1183 = CARTESIAN_POINT('',(0.615429338938,11.548775885651));
#1184 = CARTESIAN_POINT('',(0.657762874454,11.514619338656));
#1185 = CARTESIAN_POINT('',(0.700250533939,11.491660558232));
#1186 = CARTESIAN_POINT('',(0.742821380416,11.480177195957));
#1187 = CARTESIAN_POINT('',(0.836178538659,11.480177195957));
#1188 = CARTESIAN_POINT('',(0.886943026055,11.496511654514));
#1189 = CARTESIAN_POINT('',(0.937570015938,11.529160456793));
#1190 = CARTESIAN_POINT('',(0.98794006325,11.577566782379));
#1191 = CARTESIAN_POINT('',(1.062257910079,11.671395662181));
#1192 = CARTESIAN_POINT('',(1.086511709072,11.705620852944));
#1193 = CARTESIAN_POINT('',(1.110668442843,11.743226271698));
#1194 = CARTESIAN_POINT('',(1.134719972848,11.784083980128));
#1195 = CARTESIAN_POINT('',(1.201013585707,11.905842007109));
#1196 = CARTESIAN_POINT('',(1.243001904409,11.993343991879));
#1197 = CARTESIAN_POINT('',(1.284619121424,12.089825101444));
#1198 = CARTESIAN_POINT('',(1.325856901941,12.194492541303));
#1199 = CARTESIAN_POINT('',(1.414556497862,12.437746947559));
#1200 = CARTESIAN_POINT('',(1.461875035729,12.579085622397));
#1201 = CARTESIAN_POINT('',(1.508697623944,12.729348953517));
#1202 = CARTESIAN_POINT('',(1.555057890401,12.887420649707));
#1203 = CARTESIAN_POINT('',(1.680572196108,13.337855694597));
#1204 = CARTESIAN_POINT('',(1.758861131241,13.643744871794));
#1205 = CARTESIAN_POINT('',(1.836184555054,13.96505298819));
#1206 = CARTESIAN_POINT('',(1.912819612375,14.297835260082));
#1207 = CARTESIAN_POINT('',(2.048425179903,14.904142355505));
#1208 = CARTESIAN_POINT('',(2.107569699552,15.174569680044));
#1209 = CARTESIAN_POINT('',(2.166615139406,15.448330931858));
#1210 = CARTESIAN_POINT('',(2.225681815736,15.72393964991));
#1211 = CARTESIAN_POINT('',(2.284907426628,16.0000006));
#1212 = ( GEOMETRIC_REPRESENTATION_CONTEXT(2) 
PARAMETRIC_REPRESENTATION_CONTEXT() REPRESENTATION_CONTEXT('2D SPACE',''
  ) );
#1213 = FACE_BOUND('',#1214,.T.);
#1214 = EDGE_LOOP('',(#1215,#1243,#1403));
#1215 = ORIENTED_EDGE('',*,*,#1216,.F.);
#1216 = EDGE_CURVE('',#1217,#1219,#1221,.T.);
#1217 = VERTEX_POINT('',#1218);
#1218 = CARTESIAN_POINT('',(-116.8944443027,109.25057844769,
    -44.9873007199));
#1219 = VERTEX_POINT('',#1220);
#1220 = CARTESIAN_POINT('',(-116.8944443027,109.25057844769,
    -35.01269928009));
#1221 = SURFACE_CURVE('',#1222,(#1226,#1232),.PCURVE_S1.);
#1222 = LINE('',#1223,#1224);
#1223 = CARTESIAN_POINT('',(-116.8944443027,109.25057844769,-80.));
#1224 = VECTOR('',#1225,1.);
#1225 = DIRECTION('',(0.,0.,1.));
#1226 = PCURVE('',#69,#1227);
#1227 = DEFINITIONAL_REPRESENTATION('',(#1228),#1231);
#1228 = B_SPLINE_CURVE_WITH_KNOTS('',1,(#1229,#1230),.UNSPECIFIED.,.F.,
  .F.,(2,2),(31.87085277073,48.12914722927),.PIECEWISE_BEZIER_KNOTS.);
#1229 = CARTESIAN_POINT('',(2.389982352268,31.87085277073));
#1230 = CARTESIAN_POINT('',(2.389982352268,48.12914722927));
#1231 = ( GEOMETRIC_REPRESENTATION_CONTEXT(2) 
PARAMETRIC_REPRESENTATION_CONTEXT() REPRESENTATION_CONTEXT('2D SPACE',''
  ) );
#1232 = PCURVE('',#1233,#1238);
#1233 = PLANE('',#1234);
#1234 = AXIS2_PLACEMENT_3D('',#1235,#1236,#1237);
#1235 = CARTESIAN_POINT('',(-116.8944443027,108.89444430272,-40.));
#1236 = DIRECTION('',(1.,3.925231146709E-17,2.747661802697E-16));
#1237 = DIRECTION('',(-2.22044604925E-16,0.707106781187,0.707106781187)
  );
#1238 = DEFINITIONAL_REPRESENTATION('',(#1239),#1242);
#1239 = B_SPLINE_CURVE_WITH_KNOTS('',1,(#1240,#1241),.UNSPECIFIED.,.F.,
  .F.,(2,2),(31.87085277073,48.12914722927),.PIECEWISE_BEZIER_KNOTS.);
#1240 = CARTESIAN_POINT('',(-5.496350262161,-6.));
#1241 = CARTESIAN_POINT('',(6.,5.496350262161));
#1242 = ( GEOMETRIC_REPRESENTATION_CONTEXT(2) 
PARAMETRIC_REPRESENTATION_CONTEXT() REPRESENTATION_CONTEXT('2D SPACE',''
  ) );
#1243 = ORIENTED_EDGE('',*,*,#1244,.T.);
#1244 = EDGE_CURVE('',#1217,#1245,#1247,.T.);
#1245 = VERTEX_POINT('',#1246);
#1246 = CARTESIAN_POINT('',(-113.8397997187,112.42997820866,
    -36.46446609406));
#1247 = SURFACE_CURVE('',#1248,(#1296,#1347),.PCURVE_S1.);
#1248 = B_SPLINE_CURVE_WITH_KNOTS('',6,(#1249,#1250,#1251,#1252,#1253,
    #1254,#1255,#1256,#1257,#1258,#1259,#1260,#1261,#1262,#1263,#1264,
    #1265,#1266,#1267,#1268,#1269,#1270,#1271,#1272,#1273,#1274,#1275,
    #1276,#1277,#1278,#1279,#1280,#1281,#1282,#1283,#1284,#1285,#1286,
    #1287,#1288,#1289,#1290,#1291,#1292,#1293,#1294,#1295),
  .UNSPECIFIED.,.F.,.F.,(7,5,5,5,5,5,5,5,5,7),(0.,0.320115547179,
    0.425492365865,0.514799904237,0.565143694245,0.667383035828,
    0.753571036588,0.793047846485,0.858753265524,1.),.UNSPECIFIED.);
#1249 = CARTESIAN_POINT('',(-116.8944449027,109.25057780571,
    -44.98730076575));
#1250 = CARTESIAN_POINT('',(-116.3706719825,109.8109972194,
    -44.94728229918));
#1251 = CARTESIAN_POINT('',(-115.8485269974,110.36321126721,
    -44.83189645378));
#1252 = CARTESIAN_POINT('',(-115.3361733858,110.89871318051,
    -44.64317149819));
#1253 = CARTESIAN_POINT('',(-114.8423350923,111.40904018187,
    -44.38231012339));
#1254 = CARTESIAN_POINT('',(-114.377293085,111.88475206897,
    -44.05017139835));
#1255 = CARTESIAN_POINT('',(-113.8152067431,112.45504897788,
    -43.51561787243));
#1256 = CARTESIAN_POINT('',(-113.6805850016,112.59121702213,
    -43.37565705107));
#1257 = CARTESIAN_POINT('',(-113.5510985025,112.72180881565,
    -43.22824215589));
#1258 = CARTESIAN_POINT('',(-113.4273164229,112.84630875127,
    -43.07352413765));
#1259 = CARTESIAN_POINT('',(-113.3098248663,112.96418936914,
    -42.91168501777));
#1260 = CARTESIAN_POINT('',(-113.1054929506,113.1687459307,
    -42.59992382303));
#1261 = CARTESIAN_POINT('',(-113.016704053,113.25744576009,
    -42.45193768639));
#1262 = CARTESIAN_POINT('',(-112.9332919604,113.34061380999,
    -42.29920687889));
#1263 = CARTESIAN_POINT('',(-112.8556691643,113.41787689143,
    -42.1419866624));
#1264 = CARTESIAN_POINT('',(-112.7842272138,113.48888250365,
    -41.98056010255));
#1265 = CARTESIAN_POINT('',(-112.682755726,113.58960876156,
    -41.72204366637));
#1266 = CARTESIAN_POINT('',(-112.6482612946,113.62382174945,
    -41.62762197343));
#1267 = CARTESIAN_POINT('',(-112.6159257417,113.65586975165,
    -41.53204911129));
#1268 = CARTESIAN_POINT('',(-112.58581631,113.68569177129,
    -41.43540427509));
#1269 = CARTESIAN_POINT('',(-112.5579942733,113.7132323429,
    -41.33776955538));
#1270 = CARTESIAN_POINT('',(-112.4807709038,113.78963694158,
    -41.03911338756));
#1271 = CARTESIAN_POINT('',(-112.4386746549,113.83123086351,
    -40.83521072469));
#1272 = CARTESIAN_POINT('',(-112.4067443123,113.86275031872,
    -40.62840566037));
#1273 = CARTESIAN_POINT('',(-112.3853322935,113.88387633683,
    -40.41962960842));
#1274 = CARTESIAN_POINT('',(-112.3746214986,113.89444430272,
    -40.20984023365));
#1275 = CARTESIAN_POINT('',(-112.3746214986,113.89444430272,
    -39.82310419905));
#1276 = CARTESIAN_POINT('',(-112.382233337,113.88693400099,
    -39.64622793065));
#1277 = CARTESIAN_POINT('',(-112.3974531075,113.87191742883,
    -39.46996123191));
#1278 = CARTESIAN_POINT('',(-112.4201879915,113.84947828663,
    -39.29488342137));
#1279 = CARTESIAN_POINT('',(-112.4502567394,113.81978073155,
    -39.12156238658));
#1280 = CARTESIAN_POINT('',(-112.5043984242,113.7662555735,
    -38.87222660374));
#1281 = CARTESIAN_POINT('',(-112.5228906356,113.74796791426,
    -38.79437639139));
#1282 = CARTESIAN_POINT('',(-112.5428422624,113.72822943067,
    -38.71705153079));
#1283 = CARTESIAN_POINT('',(-112.5642265438,113.70706438487,
    -38.64029738195));
#1284 = CARTESIAN_POINT('',(-112.587014485,113.68449905798,
    -38.56415636875));
#1285 = CARTESIAN_POINT('',(-112.6513875124,113.62072036349,
    -38.36302468868));
#1286 = CARTESIAN_POINT('',(-112.6953968665,113.57708362055,
    -38.2392068565));
#1287 = CARTESIAN_POINT('',(-112.7430652879,113.52977549258,
    -38.11737326734));
#1288 = CARTESIAN_POINT('',(-112.7942431828,113.47893122665,
    -37.99767400418));
#1289 = CARTESIAN_POINT('',(-112.8487689949,113.42469734562,
    -37.88025044802));
#1290 = CARTESIAN_POINT('',(-113.0305071681,113.24369781728,
    -37.51798752528));
#1291 = CARTESIAN_POINT('',(-113.1691391579,113.10530498876,
    -37.28202017456));
#1292 = CARTESIAN_POINT('',(-113.3208693415,112.95339769205,
    -37.05810514177));
#1293 = CARTESIAN_POINT('',(-113.4842070938,112.78931290317,
    -36.84688592001));
#1294 = CARTESIAN_POINT('',(-113.6576721436,112.61438958184,
    -36.64887746725));
#1295 = CARTESIAN_POINT('',(-113.8397997187,112.42997820866,
    -36.46446609406));
#1296 = PCURVE('',#69,#1297);
#1297 = DEFINITIONAL_REPRESENTATION('',(#1298),#1346);
#1298 = B_SPLINE_CURVE_WITH_KNOTS('',6,(#1299,#1300,#1301,#1302,#1303,
    #1304,#1305,#1306,#1307,#1308,#1309,#1310,#1311,#1312,#1313,#1314,
    #1315,#1316,#1317,#1318,#1319,#1320,#1321,#1322,#1323,#1324,#1325,
    #1326,#1327,#1328,#1329,#1330,#1331,#1332,#1333,#1334,#1335,#1336,
    #1337,#1338,#1339,#1340,#1341,#1342,#1343,#1344,#1345),
  .UNSPECIFIED.,.F.,.F.,(7,5,5,5,5,5,5,5,5,7),(0.,0.320115547179,
    0.425492365865,0.514799904237,0.565143694245,0.667383035828,
    0.753571036588,0.793047846485,0.858753265524,1.),.UNSPECIFIED.);
#1299 = CARTESIAN_POINT('',(2.38998235776,35.01269923425));
#1300 = CARTESIAN_POINT('',(2.385188122977,35.052717700814));
#1301 = CARTESIAN_POINT('',(2.380438302674,35.168103546213));
#1302 = CARTESIAN_POINT('',(2.37580638132,35.356828501803));
#1303 = CARTESIAN_POINT('',(2.371368048631,35.617689876601));
#1304 = CARTESIAN_POINT('',(2.367210231781,35.949828601643));
#1305 = CARTESIAN_POINT('',(2.362205626012,36.484382127567));
#1306 = CARTESIAN_POINT('',(2.36100887484,36.624342948921));
#1307 = CARTESIAN_POINT('',(2.359859471664,36.771757844107));
#1308 = CARTESIAN_POINT('',(2.358762206564,36.926475862341));
#1309 = CARTESIAN_POINT('',(2.357721997892,37.088314982225));
#1310 = CARTESIAN_POINT('',(2.355914948775,37.400076176968));
#1311 = CARTESIAN_POINT('',(2.355130552347,37.548062313606));
#1312 = CARTESIAN_POINT('',(2.354394364841,37.700793121109));
#1313 = CARTESIAN_POINT('',(2.353709857962,37.8580133376));
#1314 = CARTESIAN_POINT('',(2.353080319893,38.019439897444));
#1315 = CARTESIAN_POINT('',(2.352186717592,38.277956333627));
#1316 = CARTESIAN_POINT('',(2.351883068305,38.372378026569));
#1317 = CARTESIAN_POINT('',(2.351598527693,38.46795088871));
#1318 = CARTESIAN_POINT('',(2.351333662569,38.564595724904));
#1319 = CARTESIAN_POINT('',(2.351088988938,38.66223044462));
#1320 = CARTESIAN_POINT('',(2.350410033183,38.960886612438));
#1321 = CARTESIAN_POINT('',(2.350040164804,39.164789275305));
#1322 = CARTESIAN_POINT('',(2.349759747812,39.371594339621));
#1323 = CARTESIAN_POINT('',(2.349571750208,39.580370391574));
#1324 = CARTESIAN_POINT('',(2.349477708369,39.790159766346));
#1325 = CARTESIAN_POINT('',(2.349477708369,40.176895800947));
#1326 = CARTESIAN_POINT('',(2.349544540922,40.353772069342));
#1327 = CARTESIAN_POINT('',(2.349678170964,40.530038768083));
#1328 = CARTESIAN_POINT('',(2.349877818109,40.705116578629));
#1329 = CARTESIAN_POINT('',(2.350141955413,40.878437613417));
#1330 = CARTESIAN_POINT('',(2.350617787931,41.127773396257));
#1331 = CARTESIAN_POINT('',(2.350780336042,41.205623608608));
#1332 = CARTESIAN_POINT('',(2.35095574573,41.282948469204));
#1333 = CARTESIAN_POINT('',(2.351143791454,41.359702618043));
#1334 = CARTESIAN_POINT('',(2.351344228883,41.435843631245));
#1335 = CARTESIAN_POINT('',(2.351910590921,41.636975311318));
#1336 = CARTESIAN_POINT('',(2.352297939083,41.7607931435));
#1337 = CARTESIAN_POINT('',(2.35271768304,41.882626732657));
#1338 = CARTESIAN_POINT('',(2.35316856385,42.002325995817));
#1339 = CARTESIAN_POINT('',(2.353649219966,42.119749551972));
#1340 = CARTESIAN_POINT('',(2.355252312593,42.482012474712));
#1341 = CARTESIAN_POINT('',(2.356476600541,42.717979825439));
#1342 = CARTESIAN_POINT('',(2.35781849918,42.941894858229));
#1343 = CARTESIAN_POINT('',(2.359265516301,43.153114079982));
#1344 = CARTESIAN_POINT('',(2.360805200151,43.351122532746));
#1345 = CARTESIAN_POINT('',(2.362425120193,43.535533905933));
#1346 = ( GEOMETRIC_REPRESENTATION_CONTEXT(2) 
PARAMETRIC_REPRESENTATION_CONTEXT() REPRESENTATION_CONTEXT('2D SPACE',''
  ) );
#1347 = PCURVE('',#1348,#1353);
#1348 = CYLINDRICAL_SURFACE('',#1349,5.);
#1349 = AXIS2_PLACEMENT_3D('',#1350,#1351,#1352);
#1350 = CARTESIAN_POINT('',(-116.8944443027,108.89444430272,-40.));
#1351 = DIRECTION('',(1.,3.925231146709E-17,2.747661802697E-16));
#1352 = DIRECTION('',(-2.22044604925E-16,0.707106781187,0.707106781187)
  );
#1353 = DEFINITIONAL_REPRESENTATION('',(#1354),#1402);
#1354 = B_SPLINE_CURVE_WITH_KNOTS('',6,(#1355,#1356,#1357,#1358,#1359,
    #1360,#1361,#1362,#1363,#1364,#1365,#1366,#1367,#1368,#1369,#1370,
    #1371,#1372,#1373,#1374,#1375,#1376,#1377,#1378,#1379,#1380,#1381,
    #1382,#1383,#1384,#1385,#1386,#1387,#1388,#1389,#1390,#1391,#1392,
    #1393,#1394,#1395,#1396,#1397,#1398,#1399,#1400,#1401),
  .UNSPECIFIED.,.F.,.F.,(7,5,5,5,5,5,5,5,5,7),(0.,0.320115547179,
    0.425492365865,0.514799904237,0.565143694245,0.667383035828,
    0.753571036588,0.793047846485,0.858753265524,1.),.UNSPECIFIED.);
#1355 = CARTESIAN_POINT('',(3.998277880552,-6.E-07));
#1356 = CARTESIAN_POINT('',(4.11064716406,0.523772320177));
#1357 = CARTESIAN_POINT('',(4.222454165626,1.045917305267));
#1358 = CARTESIAN_POINT('',(4.33452012328,1.558270916911));
#1359 = CARTESIAN_POINT('',(4.447589256003,2.052109210387));
#1360 = CARTESIAN_POINT('',(4.56243449123,2.517151217702));
#1361 = CARTESIAN_POINT('',(4.718765682792,3.079237559622));
#1362 = CARTESIAN_POINT('',(4.757778422229,3.213859301031));
#1363 = CARTESIAN_POINT('',(4.797101526738,3.343345800152));
#1364 = CARTESIAN_POINT('',(4.836751425799,3.467127879822));
#1365 = CARTESIAN_POINT('',(4.876747524032,3.584619436336));
#1366 = CARTESIAN_POINT('',(4.951323238423,3.788951352061));
#1367 = CARTESIAN_POINT('',(4.985801194542,3.877740249721));
#1368 = CARTESIAN_POINT('',(5.020537706359,3.961152342241));
#1369 = CARTESIAN_POINT('',(5.055526788419,4.038775138388));
#1370 = CARTESIAN_POINT('',(5.090764983573,4.110217088843));
#1371 = CARTESIAN_POINT('',(5.14625427148,4.21168857667));
#1372 = CARTESIAN_POINT('',(5.166334306177,4.246183008081));
#1373 = CARTESIAN_POINT('',(5.186486126289,4.278518560999));
#1374 = CARTESIAN_POINT('',(5.206705450574,4.308627992651));
#1375 = CARTESIAN_POINT('',(5.22698828172,4.336450029424));
#1376 = CARTESIAN_POINT('',(5.288643182344,4.413673398909));
#1377 = CARTESIAN_POINT('',(5.330213111487,4.455769647757));
#1378 = CARTESIAN_POINT('',(5.371972964582,4.487699990356));
#1379 = CARTESIAN_POINT('',(5.413861216372,4.509112009171));
#1380 = CARTESIAN_POINT('',(5.455819097051,4.519822804043));
#1381 = CARTESIAN_POINT('',(5.533166303971,4.519822804043));
#1382 = CARTESIAN_POINT('',(5.568541561434,4.512210965717));
#1383 = CARTESIAN_POINT('',(5.603874605146,4.496991195133));
#1384 = CARTESIAN_POINT('',(5.639129200243,4.474256311222));
#1385 = CARTESIAN_POINT('',(5.674267907718,4.444187563244));
#1386 = CARTESIAN_POINT('',(5.725271152772,4.390045878511));
#1387 = CARTESIAN_POINT('',(5.741262042894,4.371553667075));
#1388 = CARTESIAN_POINT('',(5.757218527739,4.351602040326));
#1389 = CARTESIAN_POINT('',(5.773137956713,4.330217758902));
#1390 = CARTESIAN_POINT('',(5.789017975375,4.30742981769));
#1391 = CARTESIAN_POINT('',(5.831218295089,4.243056790308));
#1392 = CARTESIAN_POINT('',(5.857461429276,4.199047436197));
#1393 = CARTESIAN_POINT('',(5.883581326337,4.151379014792));
#1394 = CARTESIAN_POINT('',(5.909572569884,4.10020111989));
#1395 = CARTESIAN_POINT('',(5.935428928798,4.045675307784));
#1396 = CARTESIAN_POINT('',(6.016421583885,3.863937134574));
#1397 = CARTESIAN_POINT('',(6.071009972512,3.725305144742));
#1398 = CARTESIAN_POINT('',(6.124953776586,3.573574961159));
#1399 = CARTESIAN_POINT('',(6.178285476533,3.410237208842));
#1400 = CARTESIAN_POINT('',(6.231025894176,3.236772159067));
#1401 = CARTESIAN_POINT('',(6.28318530718,3.054644584001));
#1402 = ( GEOMETRIC_REPRESENTATION_CONTEXT(2) 
PARAMETRIC_REPRESENTATION_CONTEXT() REPRESENTATION_CONTEXT('2D SPACE',''
  ) );
#1403 = ORIENTED_EDGE('',*,*,#1404,.T.);
#1404 = EDGE_CURVE('',#1245,#1219,#1405,.T.);
#1405 = SURFACE_CURVE('',#1406,(#1419,#1435),.PCURVE_S1.);
#1406 = B_SPLINE_CURVE_WITH_KNOTS('',6,(#1407,#1408,#1409,#1410,#1411,
    #1412,#1413,#1414,#1415,#1416,#1417,#1418),.UNSPECIFIED.,.F.,.F.,(7,
    5,7),(0.,0.836568849039,1.),.UNSPECIFIED.);
#1407 = CARTESIAN_POINT('',(-113.8397997187,112.42997820866,
    -36.46446609406));
#1408 = CARTESIAN_POINT('',(-114.200982809,112.06426604437,
    -36.09875392977));
#1409 = CARTESIAN_POINT('',(-114.5964162728,111.66105445757,
    -35.78633113635));
#1410 = CARTESIAN_POINT('',(-115.0168243409,111.22868923774,
    -35.52819896544));
#1411 = CARTESIAN_POINT('',(-115.4548133197,110.77390489454,
    -35.32498689875));
#1412 = CARTESIAN_POINT('',(-115.9040843773,110.30268523491,
    -35.17741057092));
#1413 = CARTESIAN_POINT('',(-116.4477938705,109.72660599283,
    -35.0688048043));
#1414 = CARTESIAN_POINT('',(-116.5368675973,109.63204612942,
    -35.05321960897));
#1415 = CARTESIAN_POINT('',(-116.6261127719,109.53711910341,
    -35.03980727018));
#1416 = CARTESIAN_POINT('',(-116.7154861856,109.44186890096,
    -35.02857673948));
#1417 = CARTESIAN_POINT('',(-116.804944631,109.34634008708,
    -35.01953743357));
#1418 = CARTESIAN_POINT('',(-116.8944449027,109.25057780571,
    -35.01269923425));
#1419 = PCURVE('',#69,#1420);
#1420 = DEFINITIONAL_REPRESENTATION('',(#1421),#1434);
#1421 = B_SPLINE_CURVE_WITH_KNOTS('',6,(#1422,#1423,#1424,#1425,#1426,
    #1427,#1428,#1429,#1430,#1431,#1432,#1433),.UNSPECIFIED.,.F.,.F.,(7,
    5,7),(0.,0.836568849039,1.),.UNSPECIFIED.);
#1422 = CARTESIAN_POINT('',(2.362425120193,43.535533905933));
#1423 = CARTESIAN_POINT('',(2.365637636072,43.901246070223));
#1424 = CARTESIAN_POINT('',(2.369167327619,44.213668863648));
#1425 = CARTESIAN_POINT('',(2.372936404156,44.471801034553));
#1426 = CARTESIAN_POINT('',(2.376882566909,44.675013101246));
#1427 = CARTESIAN_POINT('',(2.380951703884,44.822589429079));
#1428 = CARTESIAN_POINT('',(2.385902584906,44.931195195697));
#1429 = CARTESIAN_POINT('',(2.386714500096,44.946780391028));
#1430 = CARTESIAN_POINT('',(2.387528820588,44.960192729819));
#1431 = CARTESIAN_POINT('',(2.388345162074,44.971423260513));
#1432 = CARTESIAN_POINT('',(2.389163137639,44.980462566427));
#1433 = CARTESIAN_POINT('',(2.38998235776,44.98730076575));
#1434 = ( GEOMETRIC_REPRESENTATION_CONTEXT(2) 
PARAMETRIC_REPRESENTATION_CONTEXT() REPRESENTATION_CONTEXT('2D SPACE',''
  ) );
#1435 = PCURVE('',#1348,#1436);
#1436 = DEFINITIONAL_REPRESENTATION('',(#1437),#1450);
#1437 = B_SPLINE_CURVE_WITH_KNOTS('',6,(#1438,#1439,#1440,#1441,#1442,
    #1443,#1444,#1445,#1446,#1447,#1448,#1449),.UNSPECIFIED.,.F.,.F.,(7,
    5,7),(0.,0.836568849039,1.),.UNSPECIFIED.);
#1438 = CARTESIAN_POINT('',(-8.881784197001E-16,3.054644584001));
#1439 = CARTESIAN_POINT('',(0.103439020533,2.693461493698));
#1440 = CARTESIAN_POINT('',(0.204645460846,2.298028029894));
#1441 = CARTESIAN_POINT('',(0.304286339406,1.877619961749));
#1442 = CARTESIAN_POINT('',(0.402894603688,1.439630982958));
#1443 = CARTESIAN_POINT('',(0.50097558436,0.990359925382));
#1444 = CARTESIAN_POINT('',(0.618221054327,0.446650432188));
#1445 = CARTESIAN_POINT('',(0.637383124195,0.357576705419));
#1446 = CARTESIAN_POINT('',(0.656549488477,0.268331530739));
#1447 = CARTESIAN_POINT('',(0.675723859524,0.178958117066));
#1448 = CARTESIAN_POINT('',(0.69490987539,8.949967163505E-02));
#1449 = CARTESIAN_POINT('',(0.714111099833,-6.E-07));
#1450 = ( GEOMETRIC_REPRESENTATION_CONTEXT(2) 
PARAMETRIC_REPRESENTATION_CONTEXT() REPRESENTATION_CONTEXT('2D SPACE',''
  ) );
#1451 = FACE_BOUND('',#1452,.T.);
#1452 = EDGE_LOOP('',(#1453,#1510,#1650));
#1453 = ORIENTED_EDGE('',*,*,#1454,.T.);
#1454 = EDGE_CURVE('',#1455,#1457,#1459,.T.);
#1455 = VERTEX_POINT('',#1456);
#1456 = CARTESIAN_POINT('',(-116.8944443027,-109.2505784476,
    -35.01269928009));
#1457 = VERTEX_POINT('',#1458);
#1458 = CARTESIAN_POINT('',(-113.8397997187,-112.4299782086,
    -36.46446609406));
#1459 = SURFACE_CURVE('',#1460,(#1473,#1489),.PCURVE_S1.);
#1460 = B_SPLINE_CURVE_WITH_KNOTS('',6,(#1461,#1462,#1463,#1464,#1465,
    #1466,#1467,#1468,#1469,#1470,#1471,#1472),.UNSPECIFIED.,.F.,.F.,(7,
    5,7),(0.,0.163842195427,1.),.UNSPECIFIED.);
#1461 = CARTESIAN_POINT('',(-116.8944449027,-109.2505778057,
    -35.01269923425));
#1462 = CARTESIAN_POINT('',(-116.804719709,-109.3465807461,
    -35.01955461856));
#1463 = CARTESIAN_POINT('',(-116.7150365394,-109.4423490575,
    -35.0286221882));
#1464 = CARTESIAN_POINT('',(-116.6254389385,-109.5378372415,
    -35.03989198503));
#1465 = CARTESIAN_POINT('',(-116.5359704453,-109.633000392,
    -35.05335452187));
#1466 = CARTESIAN_POINT('',(-116.4466745934,-109.7277941955,
    -35.0690007825));
#1467 = CARTESIAN_POINT('',(-115.9029826453,-110.3038407681,
    -35.17777275711));
#1468 = CARTESIAN_POINT('',(-115.4539540317,-110.7747971217,
    -35.32538560201));
#1469 = CARTESIAN_POINT('',(-115.0162061423,-111.2293250114,
    -35.52857880228));
#1470 = CARTESIAN_POINT('',(-114.596029209,-111.6614491302,
    -35.78663708037));
#1471 = CARTESIAN_POINT('',(-114.2008062544,-112.0644448128,
    -36.09893269825));
#1472 = CARTESIAN_POINT('',(-113.8397997187,-112.4299782086,
    -36.46446609406));
#1473 = PCURVE('',#69,#1474);
#1474 = DEFINITIONAL_REPRESENTATION('',(#1475),#1488);
#1475 = B_SPLINE_CURVE_WITH_KNOTS('',6,(#1476,#1477,#1478,#1479,#1480,
    #1481,#1482,#1483,#1484,#1485,#1486,#1487),.UNSPECIFIED.,.F.,.F.,(7,
    5,7),(0.,0.163842195427,1.),.UNSPECIFIED.);
#1476 = CARTESIAN_POINT('',(3.893202949419,44.98730076575));
#1477 = CARTESIAN_POINT('',(3.894024228313,44.980445381432));
#1478 = CARTESIAN_POINT('',(3.894844256501,44.971377811798));
#1479 = CARTESIAN_POINT('',(3.895662641405,44.960108014969));
#1480 = CARTESIAN_POINT('',(3.896478993144,44.946645478123));
#1481 = CARTESIAN_POINT('',(3.897292924533,44.930999217493));
#1482 = CARTESIAN_POINT('',(3.902243581798,44.822227242887));
#1483 = CARTESIAN_POINT('',(3.906310482176,44.674614397989));
#1484 = CARTESIAN_POINT('',(3.910254445311,44.471421197716));
#1485 = CARTESIAN_POINT('',(3.914021434523,44.21336291963));
#1486 = CARTESIAN_POINT('',(3.917549241459,43.90106730175));
#1487 = CARTESIAN_POINT('',(3.920760186987,43.535533905933));
#1488 = ( GEOMETRIC_REPRESENTATION_CONTEXT(2) 
PARAMETRIC_REPRESENTATION_CONTEXT() REPRESENTATION_CONTEXT('2D SPACE',''
  ) );
#1489 = PCURVE('',#1490,#1495);
#1490 = CYLINDRICAL_SURFACE('',#1491,5.);
#1491 = AXIS2_PLACEMENT_3D('',#1492,#1493,#1494);
#1492 = CARTESIAN_POINT('',(-116.8944443027,-108.8944443027,-40.));
#1493 = DIRECTION('',(1.,-7.850462293419E-17,2.355138688026E-16));
#1494 = DIRECTION('',(-2.22044604925E-16,-0.707106781187,0.707106781187)
  );
#1495 = DEFINITIONAL_REPRESENTATION('',(#1496),#1509);
#1496 = B_SPLINE_CURVE_WITH_KNOTS('',6,(#1497,#1498,#1499,#1500,#1501,
    #1502,#1503,#1504,#1505,#1506,#1507,#1508),.UNSPECIFIED.,.F.,.F.,(7,
    5,7),(0.,0.163842195427,1.),.UNSPECIFIED.);
#1497 = CARTESIAN_POINT('',(5.569074207346,-6.E-07));
#1498 = CARTESIAN_POINT('',(5.588323686152,8.972459367498E-02));
#1499 = CARTESIAN_POINT('',(5.607557882662,0.179407763274));
#1500 = CARTESIAN_POINT('',(5.626780384685,0.269005364208));
#1501 = CARTESIAN_POINT('',(5.645994856792,0.358473857389));
#1502 = CARTESIAN_POINT('',(5.66520504031,0.447769709234));
#1503 = CARTESIAN_POINT('',(5.782450252794,0.991461657427));
#1504 = CARTESIAN_POINT('',(5.880484184985,1.440490270993));
#1505 = CARTESIAN_POINT('',(5.979045490488,1.878238160406));
#1506 = CARTESIAN_POINT('',(6.078638932128,2.298415093694));
#1507 = CARTESIAN_POINT('',(6.179796850007,2.693638048257));
#1508 = CARTESIAN_POINT('',(6.28318530718,3.054644584001));
#1509 = ( GEOMETRIC_REPRESENTATION_CONTEXT(2) 
PARAMETRIC_REPRESENTATION_CONTEXT() REPRESENTATION_CONTEXT('2D SPACE',''
  ) );
#1510 = ORIENTED_EDGE('',*,*,#1511,.T.);
#1511 = EDGE_CURVE('',#1457,#1512,#1514,.T.);
#1512 = VERTEX_POINT('',#1513);
#1513 = CARTESIAN_POINT('',(-116.8944443027,-109.2505784476,
    -44.9873007199));
#1514 = SURFACE_CURVE('',#1515,(#1558,#1604),.PCURVE_S1.);
#1515 = B_SPLINE_CURVE_WITH_KNOTS('',5,(#1516,#1517,#1518,#1519,#1520,
    #1521,#1522,#1523,#1524,#1525,#1526,#1527,#1528,#1529,#1530,#1531,
    #1532,#1533,#1534,#1535,#1536,#1537,#1538,#1539,#1540,#1541,#1542,
    #1543,#1544,#1545,#1546,#1547,#1548,#1549,#1550,#1551,#1552,#1553,
    #1554,#1555,#1556,#1557),.UNSPECIFIED.,.F.,.F.,(6,4,4,4,4,4,4,4,4,4,
    6),(0.,0.140548791646,0.206595643847,0.246193623873,0.332633269406,
    0.435727899082,0.485947540959,0.574809354877,0.678943135753,
    0.859405849536,1.),.UNSPECIFIED.);
#1516 = CARTESIAN_POINT('',(-113.8397997187,-112.4299782086,
    -36.46446609406));
#1517 = CARTESIAN_POINT('',(-113.6223354803,-112.650169351,
    -36.68465723647));
#1518 = CARTESIAN_POINT('',(-113.4177385071,-112.8562672105,
    -36.92503860707));
#1519 = CARTESIAN_POINT('',(-113.2288916568,-113.0456142163,
    -37.18485069325));
#1520 = CARTESIAN_POINT('',(-113.0587249331,-113.2155849178,
    -37.46295657604));
#1521 = CARTESIAN_POINT('',(-112.8403837114,-113.4330529852,
    -37.89641564365));
#1522 = CARTESIAN_POINT('',(-112.7753819834,-113.4976875592,
    -38.03864608786));
#1523 = CARTESIAN_POINT('',(-112.7155329635,-113.5571133511,
    -38.18426564205));
#1524 = CARTESIAN_POINT('',(-112.6611529131,-113.6110439653,
    -38.33297946876));
#1525 = CARTESIAN_POINT('',(-112.5833652088,-113.6881153106,
    -38.57528894936));
#1526 = CARTESIAN_POINT('',(-112.5562780394,-113.7149344889,
    -38.66709886208));
#1527 = CARTESIAN_POINT('',(-112.5313233458,-113.7396276283,
    -38.75981630881));
#1528 = CARTESIAN_POINT('',(-112.508557493,-113.7621436332,
    -38.85335284854));
#1529 = CARTESIAN_POINT('',(-112.4432201883,-113.8267376502,
    -39.15337038132));
#1530 = CARTESIAN_POINT('',(-112.4090636413,-113.8604619528,
    -39.36262748294));
#1531 = CARTESIAN_POINT('',(-112.3861048609,-113.8831141198,
    -39.57426188163));
#1532 = CARTESIAN_POINT('',(-112.3746214986,-113.8944443027,
    -39.78711608509));
#1533 = CARTESIAN_POINT('',(-112.3746214986,-113.8944443027,
    -40.25390187842));
#1534 = CARTESIAN_POINT('',(-112.3909559567,-113.8783276608,
    -40.50772426244));
#1535 = CARTESIAN_POINT('',(-112.4236047603,-113.8461152075,
    -40.75949538259));
#1536 = CARTESIAN_POINT('',(-112.4720110845,-113.798306669,
    -41.00725846639));
#1537 = CARTESIAN_POINT('',(-112.5658399649,-113.7054683926,
    -41.36706343427));
#1538 = CARTESIAN_POINT('',(-112.6000651556,-113.6715840394,
    -41.48356142949));
#1539 = CARTESIAN_POINT('',(-112.6376705744,-113.6343250955,
    -41.59853170913));
#1540 = CARTESIAN_POINT('',(-112.6785282828,-113.593807497,
    -41.71181496829));
#1541 = CARTESIAN_POINT('',(-112.8002863098,-113.4729369681,
    -42.02045941242));
#1542 = CARTESIAN_POINT('',(-112.8877882946,-113.3859405145,
    -42.21185637226));
#1543 = CARTESIAN_POINT('',(-112.9842694041,-113.2898316317,
    -42.39684224328));
#1544 = CARTESIAN_POINT('',(-113.088936844,-113.1853236115,
    -42.57488894997));
#1545 = CARTESIAN_POINT('',(-113.3321912502,-112.941794387,
    -42.94554239287));
#1546 = CARTESIAN_POINT('',(-113.4735299251,-112.7999147505,
    -43.13541380879));
#1547 = CARTESIAN_POINT('',(-113.6237932562,-112.6485994698,
    -43.31475307545));
#1548 = CARTESIAN_POINT('',(-113.7818649524,-112.4888542343,
    -43.48323791578));
#1549 = CARTESIAN_POINT('',(-114.2322999973,-112.0319024813,
    -43.91340197618));
#1550 = CARTESIAN_POINT('',(-114.5381891745,-111.7197458466,
    -44.15288749837));
#1551 = CARTESIAN_POINT('',(-114.8594972909,-111.38955693,
    -44.35852633897));
#1552 = CARTESIAN_POINT('',(-115.1922795628,-111.0449521787,-44.52996275
    ));
#1553 = CARTESIAN_POINT('',(-115.7985866582,-110.4121126595,
    -44.77334699675));
#1554 = CARTESIAN_POINT('',(-116.0690139827,-110.1281879193,
    -44.85892925263));
#1555 = CARTESIAN_POINT('',(-116.3427752345,-109.8389756414,
    -44.92330640354));
#1556 = CARTESIAN_POINT('',(-116.6183839526,-109.5459537402,
    -44.96620854147));
#1557 = CARTESIAN_POINT('',(-116.8944449027,-109.2505778057,
    -44.98730076575));
#1558 = PCURVE('',#69,#1559);
#1559 = DEFINITIONAL_REPRESENTATION('',(#1560),#1603);
#1560 = B_SPLINE_CURVE_WITH_KNOTS('',5,(#1561,#1562,#1563,#1564,#1565,
    #1566,#1567,#1568,#1569,#1570,#1571,#1572,#1573,#1574,#1575,#1576,
    #1577,#1578,#1579,#1580,#1581,#1582,#1583,#1584,#1585,#1586,#1587,
    #1588,#1589,#1590,#1591,#1592,#1593,#1594,#1595,#1596,#1597,#1598,
    #1599,#1600,#1601,#1602),.UNSPECIFIED.,.F.,.F.,(6,4,4,4,4,4,4,4,4,4,
    6),(0.,0.140548791646,0.206595643847,0.246193623873,0.332633269406,
    0.435727899082,0.485947540959,0.574809354877,0.678943135753,
    0.859405849536,1.),.UNSPECIFIED.);
#1561 = CARTESIAN_POINT('',(3.920760186987,43.535533905933));
#1562 = CARTESIAN_POINT('',(3.922694406328,43.315342763526));
#1563 = CARTESIAN_POINT('',(3.924509444246,43.074961392921));
#1564 = CARTESIAN_POINT('',(3.92618083742,42.815149306747));
#1565 = CARTESIAN_POINT('',(3.927684045441,42.537043423954));
#1566 = CARTESIAN_POINT('',(3.929610072454,42.10358435635));
#1567 = CARTESIAN_POINT('',(3.930182991492,41.961353912134));
#1568 = CARTESIAN_POINT('',(3.930710119825,41.815734357941));
#1569 = CARTESIAN_POINT('',(3.931188793934,41.667020531239));
#1570 = CARTESIAN_POINT('',(3.931873188033,41.424711050636));
#1571 = CARTESIAN_POINT('',(3.932111425614,41.332901137914));
#1572 = CARTESIAN_POINT('',(3.932330843142,41.240183691187));
#1573 = CARTESIAN_POINT('',(3.932530965614,41.146647151459));
#1574 = CARTESIAN_POINT('',(3.933105195752,40.846629618671));
#1575 = CARTESIAN_POINT('',(3.93340519558,40.637372517053));
#1576 = CARTESIAN_POINT('',(3.933606773963,40.425738118361));
#1577 = CARTESIAN_POINT('',(3.93370759881,40.212883914908));
#1578 = CARTESIAN_POINT('',(3.93370759881,39.746098121573));
#1579 = CARTESIAN_POINT('',(3.933564180632,39.492275737554));
#1580 = CARTESIAN_POINT('',(3.933277525143,39.240504617401));
#1581 = CARTESIAN_POINT('',(3.932852303466,38.992741533603));
#1582 = CARTESIAN_POINT('',(3.932027331773,38.632936565728));
#1583 = CARTESIAN_POINT('',(3.931726323512,38.516438570509));
#1584 = CARTESIAN_POINT('',(3.931395463144,38.401468290866));
#1585 = CARTESIAN_POINT('',(3.931035828603,38.288185031705));
#1586 = CARTESIAN_POINT('',(3.929963544573,37.979540587577));
#1587 = CARTESIAN_POINT('',(3.929192360124,37.788143627736));
#1588 = CARTESIAN_POINT('',(3.928341223586,37.603157756714));
#1589 = CARTESIAN_POINT('',(3.927416790471,37.425111050025));
#1590 = CARTESIAN_POINT('',(3.925265490089,37.054457607126));
#1591 = CARTESIAN_POINT('',(3.924013829003,36.864586191201));
#1592 = CARTESIAN_POINT('',(3.922681021608,36.685246924547));
#1593 = CARTESIAN_POINT('',(3.921276439049,36.516762084214));
#1594 = CARTESIAN_POINT('',(3.917266214645,36.086598023814));
#1595 = CARTESIAN_POINT('',(3.914534683685,35.847112501623));
#1596 = CARTESIAN_POINT('',(3.91165520485,35.641473661025));
#1597 = CARTESIAN_POINT('',(3.908661116477,35.470037249997));
#1598 = CARTESIAN_POINT('',(3.903183555179,35.226653003248));
#1599 = CARTESIAN_POINT('',(3.900732926491,35.141070747361));
#1600 = CARTESIAN_POINT('',(3.898243991146,35.076693596456));
#1601 = CARTESIAN_POINT('',(3.89572980974,35.033791458524));
#1602 = CARTESIAN_POINT('',(3.893202949419,35.01269923425));
#1603 = ( GEOMETRIC_REPRESENTATION_CONTEXT(2) 
PARAMETRIC_REPRESENTATION_CONTEXT() REPRESENTATION_CONTEXT('2D SPACE',''
  ) );
#1604 = PCURVE('',#1490,#1605);
#1605 = DEFINITIONAL_REPRESENTATION('',(#1606),#1649);
#1606 = B_SPLINE_CURVE_WITH_KNOTS('',5,(#1607,#1608,#1609,#1610,#1611,
    #1612,#1613,#1614,#1615,#1616,#1617,#1618,#1619,#1620,#1621,#1622,
    #1623,#1624,#1625,#1626,#1627,#1628,#1629,#1630,#1631,#1632,#1633,
    #1634,#1635,#1636,#1637,#1638,#1639,#1640,#1641,#1642,#1643,#1644,
    #1645,#1646,#1647,#1648),.UNSPECIFIED.,.F.,.F.,(6,4,4,4,4,4,4,4,4,4,
    6),(0.,0.140548791646,0.206595643847,0.246193623873,0.332633269406,
    0.435727899082,0.485947540959,0.574809354877,0.678943135753,
    0.859405849536,1.),.UNSPECIFIED.);
#1607 = CARTESIAN_POINT('',(0.,3.054644584001));
#1608 = CARTESIAN_POINT('',(6.227945998134E-02,3.272108822376));
#1609 = CARTESIAN_POINT('',(0.125421013107,3.47670579553));
#1610 = CARTESIAN_POINT('',(0.189445579944,3.665552645873));
#1611 = CARTESIAN_POINT('',(0.254404934364,3.835719369571));
#1612 = CARTESIAN_POINT('',(0.351395474856,4.05406059127));
#1613 = CARTESIAN_POINT('',(0.382617817272,4.119062319262));
#1614 = CARTESIAN_POINT('',(0.414041252836,4.178911339164));
#1615 = CARTESIAN_POINT('',(0.445654067727,4.233291389538));
#1616 = CARTESIAN_POINT('',(0.496508320903,4.311079093916));
#1617 = CARTESIAN_POINT('',(0.515632293352,4.338166263302));
#1618 = CARTESIAN_POINT('',(0.534814822252,4.363120956885));
#1619 = CARTESIAN_POINT('',(0.554050871376,4.385886809641));
#1620 = CARTESIAN_POINT('',(0.615429338938,4.451224114349));
#1621 = CARTESIAN_POINT('',(0.657762874454,4.485380661344));
#1622 = CARTESIAN_POINT('',(0.700250533939,4.508339441768));
#1623 = CARTESIAN_POINT('',(0.742821380416,4.519822804043));
#1624 = CARTESIAN_POINT('',(0.836178539083,4.519822804043));
#1625 = CARTESIAN_POINT('',(0.886943024995,4.503488345945));
#1626 = CARTESIAN_POINT('',(0.937570016994,4.47083954234));
#1627 = CARTESIAN_POINT('',(0.987940062832,4.42243321815));
#1628 = CARTESIAN_POINT('',(1.062257910079,4.328604337819));
#1629 = CARTESIAN_POINT('',(1.086511709072,4.294379147056));
#1630 = CARTESIAN_POINT('',(1.110668442843,4.256773728302));
#1631 = CARTESIAN_POINT('',(1.134719972849,4.215916019872));
#1632 = CARTESIAN_POINT('',(1.201013585708,4.09415799289));
#1633 = CARTESIAN_POINT('',(1.243001904408,4.006656008121));
#1634 = CARTESIAN_POINT('',(1.284619121424,3.910174898557));
#1635 = CARTESIAN_POINT('',(1.325856901941,3.805507458697));
#1636 = CARTESIAN_POINT('',(1.414556497862,3.562253052441));
#1637 = CARTESIAN_POINT('',(1.461875035728,3.420914377603));
#1638 = CARTESIAN_POINT('',(1.508697623944,3.270651046483));
#1639 = CARTESIAN_POINT('',(1.555057890401,3.112579350293));
#1640 = CARTESIAN_POINT('',(1.680572196108,2.662144305403));
#1641 = CARTESIAN_POINT('',(1.75886113124,2.356255128206));
#1642 = CARTESIAN_POINT('',(1.836184555054,2.03494701181));
#1643 = CARTESIAN_POINT('',(1.912819612375,1.702164739918));
#1644 = CARTESIAN_POINT('',(2.048425179904,1.095857644495));
#1645 = CARTESIAN_POINT('',(2.107569699552,0.825430319956));
#1646 = CARTESIAN_POINT('',(2.166615139406,0.551669068142));
#1647 = CARTESIAN_POINT('',(2.225681815736,0.27606035009));
#1648 = CARTESIAN_POINT('',(2.284907426628,-6.E-07));
#1649 = ( GEOMETRIC_REPRESENTATION_CONTEXT(2) 
PARAMETRIC_REPRESENTATION_CONTEXT() REPRESENTATION_CONTEXT('2D SPACE',''
  ) );
#1650 = ORIENTED_EDGE('',*,*,#1651,.T.);
#1651 = EDGE_CURVE('',#1512,#1455,#1652,.T.);
#1652 = SURFACE_CURVE('',#1653,(#1657,#1663),.PCURVE_S1.);
#1653 = LINE('',#1654,#1655);
#1654 = CARTESIAN_POINT('',(-116.8944443027,-109.2505784476,-80.));
#1655 = VECTOR('',#1656,1.);
#1656 = DIRECTION('',(0.,0.,1.));
#1657 = PCURVE('',#69,#1658);
#1658 = DEFINITIONAL_REPRESENTATION('',(#1659),#1662);
#1659 = B_SPLINE_CURVE_WITH_KNOTS('',1,(#1660,#1661),.UNSPECIFIED.,.F.,
  .F.,(2,2),(31.87085277073,48.12914722927),.PIECEWISE_BEZIER_KNOTS.);
#1660 = CARTESIAN_POINT('',(3.893202954911,31.87085277073));
#1661 = CARTESIAN_POINT('',(3.893202954911,48.12914722927));
#1662 = ( GEOMETRIC_REPRESENTATION_CONTEXT(2) 
PARAMETRIC_REPRESENTATION_CONTEXT() REPRESENTATION_CONTEXT('2D SPACE',''
  ) );
#1663 = PCURVE('',#1664,#1669);
#1664 = PLANE('',#1665);
#1665 = AXIS2_PLACEMENT_3D('',#1666,#1667,#1668);
#1666 = CARTESIAN_POINT('',(-116.8944443027,-108.8944443027,-40.));
#1667 = DIRECTION('',(1.,-7.850462293419E-17,2.355138688026E-16));
#1668 = DIRECTION('',(-2.22044604925E-16,-0.707106781187,0.707106781187)
  );
#1669 = DEFINITIONAL_REPRESENTATION('',(#1670),#1673);
#1670 = B_SPLINE_CURVE_WITH_KNOTS('',1,(#1671,#1672),.UNSPECIFIED.,.F.,
  .F.,(2,2),(31.87085277073,48.12914722927),.PIECEWISE_BEZIER_KNOTS.);
#1671 = CARTESIAN_POINT('',(-5.496350262161,6.));
#1672 = CARTESIAN_POINT('',(6.,-5.496350262161));
#1673 = ( GEOMETRIC_REPRESENTATION_CONTEXT(2) 
PARAMETRIC_REPRESENTATION_CONTEXT() REPRESENTATION_CONTEXT('2D SPACE',''
  ) );
#1674 = FACE_BOUND('',#1675,.T.);
#1675 = EDGE_LOOP('',(#1676,#1838,#1864));
#1676 = ORIENTED_EDGE('',*,*,#1677,.F.);
#1677 = EDGE_CURVE('',#1678,#1680,#1682,.T.);
#1678 = VERTEX_POINT('',#1679);
#1679 = CARTESIAN_POINT('',(116.89444430272,-109.2505784476,
    -35.01269928009));
#1680 = VERTEX_POINT('',#1681);
#1681 = CARTESIAN_POINT('',(113.83979971872,-112.4299782086,
    -43.53553390593));
#1682 = SURFACE_CURVE('',#1683,(#1731,#1782),.PCURVE_S1.);
#1683 = B_SPLINE_CURVE_WITH_KNOTS('',6,(#1684,#1685,#1686,#1687,#1688,
    #1689,#1690,#1691,#1692,#1693,#1694,#1695,#1696,#1697,#1698,#1699,
    #1700,#1701,#1702,#1703,#1704,#1705,#1706,#1707,#1708,#1709,#1710,
    #1711,#1712,#1713,#1714,#1715,#1716,#1717,#1718,#1719,#1720,#1721,
    #1722,#1723,#1724,#1725,#1726,#1727,#1728,#1729,#1730),
  .UNSPECIFIED.,.F.,.F.,(7,5,5,5,5,5,5,5,5,7),(0.,0.320115530216,
    0.425492343318,0.514799876959,0.565143667209,0.667383015129,
    0.753571021252,0.793047833606,0.858753256734,1.),.UNSPECIFIED.);
#1684 = CARTESIAN_POINT('',(116.89444490272,-109.2505778057,
    -35.01269923425));
#1685 = CARTESIAN_POINT('',(116.37067198255,-109.8109972194,
    -35.05271770081));
#1686 = CARTESIAN_POINT('',(115.84852699746,-110.3632112672,
    -35.16810354621));
#1687 = CARTESIAN_POINT('',(115.33617338581,-110.8987131805,
    -35.3568285018));
#1688 = CARTESIAN_POINT('',(114.84233509234,-111.4090401818,
    -35.6176898766));
#1689 = CARTESIAN_POINT('',(114.37729308502,-111.8847520689,
    -35.94982860164));
#1690 = CARTESIAN_POINT('',(113.8152067431,-112.4550489778,
    -36.48438212756));
#1691 = CARTESIAN_POINT('',(113.68058500169,-112.5912170221,
    -36.62434294892));
#1692 = CARTESIAN_POINT('',(113.55109850257,-112.7218088156,
    -36.7717578441));
#1693 = CARTESIAN_POINT('',(113.4273164229,-112.8463087512,
    -36.92647586234));
#1694 = CARTESIAN_POINT('',(113.30982486639,-112.9641893691,
    -37.08831498222));
#1695 = CARTESIAN_POINT('',(113.10549295066,-113.1687459307,
    -37.40007617696));
#1696 = CARTESIAN_POINT('',(113.016704053,-113.25744576,-37.5480623136)
  );
#1697 = CARTESIAN_POINT('',(112.93329196048,-113.3406138099,
    -37.7007931211));
#1698 = CARTESIAN_POINT('',(112.85566916434,-113.4178768914,
    -37.8580133376));
#1699 = CARTESIAN_POINT('',(112.78422721388,-113.4888825036,
    -38.01943989744));
#1700 = CARTESIAN_POINT('',(112.68275572394,-113.5896087636,
    -38.27795633901));
#1701 = CARTESIAN_POINT('',(112.64826129486,-113.6238217492,
    -38.37237802498));
#1702 = CARTESIAN_POINT('',(112.61592574351,-113.6558697498,
    -38.46795088317));
#1703 = CARTESIAN_POINT('',(112.58581631081,-113.6856917705,
    -38.56459572353));
#1704 = CARTESIAN_POINT('',(112.55799427184,-113.7132323443,
    -38.66223045027));
#1705 = CARTESIAN_POINT('',(112.48077090383,-113.7896369415,
    -38.96088661239));
#1706 = CARTESIAN_POINT('',(112.43867465496,-113.8312308635,
    -39.16478927538));
#1707 = CARTESIAN_POINT('',(112.40674431236,-113.8627503187,
    -39.37159433962));
#1708 = CARTESIAN_POINT('',(112.38533229356,-113.8838763368,
    -39.58037039149));
#1709 = CARTESIAN_POINT('',(112.37462149868,-113.8944443027,
    -39.79015976639));
#1710 = CARTESIAN_POINT('',(112.37462149868,-113.8944443027,
    -40.17689580094));
#1711 = CARTESIAN_POINT('',(112.38223333701,-113.8869340009,
    -40.35377206934));
#1712 = CARTESIAN_POINT('',(112.39745310759,-113.8719174288,
    -40.53003876808));
#1713 = CARTESIAN_POINT('',(112.4201879915,-113.8494782866,
    -40.70511657862));
#1714 = CARTESIAN_POINT('',(112.45025673948,-113.8197807315,
    -40.87843761341));
#1715 = CARTESIAN_POINT('',(112.50439842421,-113.7662555735,
    -41.12777339625));
#1716 = CARTESIAN_POINT('',(112.52289063565,-113.7479679142,
    -41.2056236086));
#1717 = CARTESIAN_POINT('',(112.5428422624,-113.7282294306,
    -41.2829484692));
#1718 = CARTESIAN_POINT('',(112.56422654382,-113.7070643848,
    -41.35970261804));
#1719 = CARTESIAN_POINT('',(112.58701448503,-113.6844990579,
    -41.43584363124));
#1720 = CARTESIAN_POINT('',(112.65138751242,-113.6207203634,
    -41.63697531131));
#1721 = CARTESIAN_POINT('',(112.69539686653,-113.5770836205,
    -41.7607931435));
#1722 = CARTESIAN_POINT('',(112.74306528793,-113.5297754925,
    -41.88262673265));
#1723 = CARTESIAN_POINT('',(112.79424318283,-113.4789312266,
    -42.00232599581));
#1724 = CARTESIAN_POINT('',(112.84876899494,-113.4246973456,
    -42.11974955197));
#1725 = CARTESIAN_POINT('',(113.03050716815,-113.2436978172,
    -42.48201247471));
#1726 = CARTESIAN_POINT('',(113.16913915798,-113.1053049887,
    -42.71797982543));
#1727 = CARTESIAN_POINT('',(113.32086934156,-112.953397692,
    -42.94189485822));
#1728 = CARTESIAN_POINT('',(113.48420709388,-112.7893129031,
    -43.15311407998));
#1729 = CARTESIAN_POINT('',(113.65767214366,-112.6143895818,
    -43.35112253274));
#1730 = CARTESIAN_POINT('',(113.83979971872,-112.4299782086,
    -43.53553390593));
#1731 = PCURVE('',#69,#1732);
#1732 = DEFINITIONAL_REPRESENTATION('',(#1733),#1781);
#1733 = B_SPLINE_CURVE_WITH_KNOTS('',6,(#1734,#1735,#1736,#1737,#1738,
    #1739,#1740,#1741,#1742,#1743,#1744,#1745,#1746,#1747,#1748,#1749,
    #1750,#1751,#1752,#1753,#1754,#1755,#1756,#1757,#1758,#1759,#1760,
    #1761,#1762,#1763,#1764,#1765,#1766,#1767,#1768,#1769,#1770,#1771,
    #1772,#1773,#1774,#1775,#1776,#1777,#1778,#1779,#1780),
  .UNSPECIFIED.,.F.,.F.,(7,5,5,5,5,5,5,5,5,7),(0.,0.320115530216,
    0.425492343318,0.514799876959,0.565143667209,0.667383015129,
    0.753571021252,0.793047833606,0.858753256734,1.),.UNSPECIFIED.);
#1734 = CARTESIAN_POINT('',(5.53157501135,44.98730076575));
#1735 = CARTESIAN_POINT('',(5.526780776567,44.947282299186));
#1736 = CARTESIAN_POINT('',(5.522030956263,44.831896453787));
#1737 = CARTESIAN_POINT('',(5.517399034909,44.643171498197));
#1738 = CARTESIAN_POINT('',(5.512960702221,44.382310123399));
#1739 = CARTESIAN_POINT('',(5.508802885371,44.050171398357));
#1740 = CARTESIAN_POINT('',(5.503798279602,43.515617872433));
#1741 = CARTESIAN_POINT('',(5.50260152843,43.375657051079));
#1742 = CARTESIAN_POINT('',(5.501452125254,43.228242155893));
#1743 = CARTESIAN_POINT('',(5.500354860154,43.073524137659));
#1744 = CARTESIAN_POINT('',(5.499314651482,42.911685017775));
#1745 = CARTESIAN_POINT('',(5.497507602365,42.599923823031));
#1746 = CARTESIAN_POINT('',(5.496723205937,42.451937686394));
#1747 = CARTESIAN_POINT('',(5.495987018431,42.299206878892));
#1748 = CARTESIAN_POINT('',(5.495302511551,42.1419866624));
#1749 = CARTESIAN_POINT('',(5.494672973483,41.980560102555));
#1750 = CARTESIAN_POINT('',(5.493779371163,41.722043660989));
#1751 = CARTESIAN_POINT('',(5.493475721896,41.627621975019));
#1752 = CARTESIAN_POINT('',(5.493191181298,41.532049116821));
#1753 = CARTESIAN_POINT('',(5.492926316165,41.435404276466));
#1754 = CARTESIAN_POINT('',(5.492681642515,41.337769549721));
#1755 = CARTESIAN_POINT('',(5.492002686773,41.03911338761));
#1756 = CARTESIAN_POINT('',(5.491632818394,40.835210724617));
#1757 = CARTESIAN_POINT('',(5.491352401402,40.628405660379));
#1758 = CARTESIAN_POINT('',(5.491164403798,40.419629608504));
#1759 = CARTESIAN_POINT('',(5.491070361959,40.209840233605));
#1760 = CARTESIAN_POINT('',(5.491070361959,39.823104199053));
#1761 = CARTESIAN_POINT('',(5.491137194512,39.646227930657));
#1762 = CARTESIAN_POINT('',(5.491270824554,39.469961231917));
#1763 = CARTESIAN_POINT('',(5.491470471699,39.294883421372));
#1764 = CARTESIAN_POINT('',(5.491734609003,39.121562386582));
#1765 = CARTESIAN_POINT('',(5.49221044152,38.872226603743));
#1766 = CARTESIAN_POINT('',(5.492372989632,38.794376391392));
#1767 = CARTESIAN_POINT('',(5.492548399319,38.717051530796));
#1768 = CARTESIAN_POINT('',(5.492736445044,38.640297381957));
#1769 = CARTESIAN_POINT('',(5.492936882473,38.564156368755));
#1770 = CARTESIAN_POINT('',(5.493503244511,38.363024688681));
#1771 = CARTESIAN_POINT('',(5.493890592673,38.2392068565));
#1772 = CARTESIAN_POINT('',(5.49431033663,38.117373267343));
#1773 = CARTESIAN_POINT('',(5.49476121744,37.997674004183));
#1774 = CARTESIAN_POINT('',(5.495241873556,37.880250448028));
#1775 = CARTESIAN_POINT('',(5.496844966183,37.517987525288));
#1776 = CARTESIAN_POINT('',(5.49806925413,37.282020174561));
#1777 = CARTESIAN_POINT('',(5.499411152769,37.058105141771));
#1778 = CARTESIAN_POINT('',(5.500858169891,36.846885920018));
#1779 = CARTESIAN_POINT('',(5.50239785374,36.648877467254));
#1780 = CARTESIAN_POINT('',(5.504017773783,36.464466094067));
#1781 = ( GEOMETRIC_REPRESENTATION_CONTEXT(2) 
PARAMETRIC_REPRESENTATION_CONTEXT() REPRESENTATION_CONTEXT('2D SPACE',''
  ) );
#1782 = PCURVE('',#1783,#1788);
#1783 = CYLINDRICAL_SURFACE('',#1784,5.);
#1784 = AXIS2_PLACEMENT_3D('',#1785,#1786,#1787);
#1785 = CARTESIAN_POINT('',(100.89444430272,-108.8944443027,-40.));
#1786 = DIRECTION('',(1.,-3.925231146709E-17,1.962615573355E-16));
#1787 = DIRECTION('',(1.110223024625E-16,-0.707106781187,-0.707106781187
    ));
#1788 = DEFINITIONAL_REPRESENTATION('',(#1789),#1837);
#1789 = B_SPLINE_CURVE_WITH_KNOTS('',6,(#1790,#1791,#1792,#1793,#1794,
    #1795,#1796,#1797,#1798,#1799,#1800,#1801,#1802,#1803,#1804,#1805,
    #1806,#1807,#1808,#1809,#1810,#1811,#1812,#1813,#1814,#1815,#1816,
    #1817,#1818,#1819,#1820,#1821,#1822,#1823,#1824,#1825,#1826,#1827,
    #1828,#1829,#1830,#1831,#1832,#1833,#1834,#1835,#1836),
  .UNSPECIFIED.,.F.,.F.,(7,5,5,5,5,5,5,5,5,7),(0.,0.320115530216,
    0.425492343318,0.514799876959,0.565143667209,0.667383015129,
    0.753571021252,0.793047833606,0.858753256734,1.),.UNSPECIFIED.);
#1790 = CARTESIAN_POINT('',(3.998277880552,16.0000006));
#1791 = CARTESIAN_POINT('',(4.11064716406,15.476227679824));
#1792 = CARTESIAN_POINT('',(4.222454165626,14.954082694732));
#1793 = CARTESIAN_POINT('',(4.33452012328,14.441729083091));
#1794 = CARTESIAN_POINT('',(4.447589256003,13.947890789613));
#1795 = CARTESIAN_POINT('',(4.56243449123,13.482848782298));
#1796 = CARTESIAN_POINT('',(4.718765682792,12.920762440378));
#1797 = CARTESIAN_POINT('',(4.757778422229,12.786140698969));
#1798 = CARTESIAN_POINT('',(4.797101526738,12.656654199848));
#1799 = CARTESIAN_POINT('',(4.836751425799,12.532872120178));
#1800 = CARTESIAN_POINT('',(4.876747524032,12.415380563664));
#1801 = CARTESIAN_POINT('',(4.951323238423,12.211048647938));
#1802 = CARTESIAN_POINT('',(4.985801194541,12.12225975028));
#1803 = CARTESIAN_POINT('',(5.020537706359,12.03884765776));
#1804 = CARTESIAN_POINT('',(5.055526788419,11.961224861612));
#1805 = CARTESIAN_POINT('',(5.090764983574,11.889782911156));
#1806 = CARTESIAN_POINT('',(5.146254272636,11.788311421217));
#1807 = CARTESIAN_POINT('',(5.166334305861,11.753816992136));
#1808 = CARTESIAN_POINT('',(5.186486125125,11.721481440791));
#1809 = CARTESIAN_POINT('',(5.206705450268,11.691372008087));
#1810 = CARTESIAN_POINT('',(5.226988282888,11.663549969113));
#1811 = CARTESIAN_POINT('',(5.288643182334,11.586326601103));
#1812 = CARTESIAN_POINT('',(5.330213111503,11.544230352232));
#1813 = CARTESIAN_POINT('',(5.371972964582,11.512300009639));
#1814 = CARTESIAN_POINT('',(5.413861216356,11.490887990837));
#1815 = CARTESIAN_POINT('',(5.455819097061,11.480177195957));
#1816 = CARTESIAN_POINT('',(5.533166303972,11.480177195957));
#1817 = CARTESIAN_POINT('',(5.568541561434,11.487789034283));
#1818 = CARTESIAN_POINT('',(5.603874605146,11.503008804867));
#1819 = CARTESIAN_POINT('',(5.639129200243,11.525743688778));
#1820 = CARTESIAN_POINT('',(5.674267907718,11.555812436756));
#1821 = CARTESIAN_POINT('',(5.725271152772,11.609954121489));
#1822 = CARTESIAN_POINT('',(5.741262042894,11.628446332925));
#1823 = CARTESIAN_POINT('',(5.757218527739,11.648397959674));
#1824 = CARTESIAN_POINT('',(5.773137956713,11.669782241098));
#1825 = CARTESIAN_POINT('',(5.789017975375,11.69257018231));
#1826 = CARTESIAN_POINT('',(5.831218295089,11.756943209692));
#1827 = CARTESIAN_POINT('',(5.857461429276,11.800952563803));
#1828 = CARTESIAN_POINT('',(5.883581326337,11.848620985208));
#1829 = CARTESIAN_POINT('',(5.909572569884,11.89979888011));
#1830 = CARTESIAN_POINT('',(5.935428928798,11.954324692216));
#1831 = CARTESIAN_POINT('',(6.016421583885,12.136062865426));
#1832 = CARTESIAN_POINT('',(6.071009972512,12.274694855258));
#1833 = CARTESIAN_POINT('',(6.124953776586,12.426425038841));
#1834 = CARTESIAN_POINT('',(6.178285476533,12.589762791158));
#1835 = CARTESIAN_POINT('',(6.231025894176,12.763227840933));
#1836 = CARTESIAN_POINT('',(6.28318530718,12.945355415999));
#1837 = ( GEOMETRIC_REPRESENTATION_CONTEXT(2) 
PARAMETRIC_REPRESENTATION_CONTEXT() REPRESENTATION_CONTEXT('2D SPACE',''
  ) );
#1838 = ORIENTED_EDGE('',*,*,#1839,.F.);
#1839 = EDGE_CURVE('',#1840,#1678,#1842,.T.);
#1840 = VERTEX_POINT('',#1841);
#1841 = CARTESIAN_POINT('',(116.89444430272,-109.2505784476,
    -44.9873007199));
#1842 = SURFACE_CURVE('',#1843,(#1847,#1853),.PCURVE_S1.);
#1843 = LINE('',#1844,#1845);
#1844 = CARTESIAN_POINT('',(116.89444430272,-109.2505784476,-80.));
#1845 = VECTOR('',#1846,1.);
#1846 = DIRECTION('',(0.,0.,1.));
#1847 = PCURVE('',#69,#1848);
#1848 = DEFINITIONAL_REPRESENTATION('',(#1849),#1852);
#1849 = B_SPLINE_CURVE_WITH_KNOTS('',1,(#1850,#1851),.UNSPECIFIED.,.F.,
  .F.,(2,2),(31.87085277073,48.12914722927),.PIECEWISE_BEZIER_KNOTS.);
#1850 = CARTESIAN_POINT('',(5.531575005858,31.87085277073));
#1851 = CARTESIAN_POINT('',(5.531575005858,48.12914722927));
#1852 = ( GEOMETRIC_REPRESENTATION_CONTEXT(2) 
PARAMETRIC_REPRESENTATION_CONTEXT() REPRESENTATION_CONTEXT('2D SPACE',''
  ) );
#1853 = PCURVE('',#1854,#1859);
#1854 = PLANE('',#1855);
#1855 = AXIS2_PLACEMENT_3D('',#1856,#1857,#1858);
#1856 = CARTESIAN_POINT('',(116.89444430272,-108.8944443027,-40.));
#1857 = DIRECTION('',(1.,-3.925231146709E-17,1.962615573355E-16));
#1858 = DIRECTION('',(1.110223024625E-16,-0.707106781187,-0.707106781187
    ));
#1859 = DEFINITIONAL_REPRESENTATION('',(#1860),#1863);
#1860 = B_SPLINE_CURVE_WITH_KNOTS('',1,(#1861,#1862),.UNSPECIFIED.,.F.,
  .F.,(2,2),(31.87085277073,48.12914722927),.PIECEWISE_BEZIER_KNOTS.);
#1861 = CARTESIAN_POINT('',(6.,5.496350262161));
#1862 = CARTESIAN_POINT('',(-5.496350262161,-6.));
#1863 = ( GEOMETRIC_REPRESENTATION_CONTEXT(2) 
PARAMETRIC_REPRESENTATION_CONTEXT() REPRESENTATION_CONTEXT('2D SPACE',''
  ) );
#1864 = ORIENTED_EDGE('',*,*,#1865,.F.);
#1865 = EDGE_CURVE('',#1680,#1840,#1866,.T.);
#1866 = SURFACE_CURVE('',#1867,(#1880,#1896),.PCURVE_S1.);
#1867 = B_SPLINE_CURVE_WITH_KNOTS('',6,(#1868,#1869,#1870,#1871,#1872,
    #1873,#1874,#1875,#1876,#1877,#1878,#1879),.UNSPECIFIED.,.F.,.F.,(7,
    5,7),(0.,0.836568849039,1.),.UNSPECIFIED.);
#1868 = CARTESIAN_POINT('',(113.83979971872,-112.4299782086,
    -43.53553390593));
#1869 = CARTESIAN_POINT('',(114.20098280903,-112.0642660443,
    -43.90124607022));
#1870 = CARTESIAN_POINT('',(114.59641627283,-111.6610544575,
    -44.21366886364));
#1871 = CARTESIAN_POINT('',(115.01682434097,-111.2286892377,
    -44.47180103455));
#1872 = CARTESIAN_POINT('',(115.45481331977,-110.7739048945,
    -44.67501310124));
#1873 = CARTESIAN_POINT('',(115.90408437734,-110.3026852349,
    -44.82258942907));
#1874 = CARTESIAN_POINT('',(116.44779387054,-109.7266059928,
    -44.93119519569));
#1875 = CARTESIAN_POINT('',(116.53686759731,-109.6320461294,
    -44.94678039102));
#1876 = CARTESIAN_POINT('',(116.62611277198,-109.5371191034,
    -44.96019272981));
#1877 = CARTESIAN_POINT('',(116.71548618566,-109.4418689009,
    -44.97142326051));
#1878 = CARTESIAN_POINT('',(116.80494463109,-109.346340087,
    -44.98046256642));
#1879 = CARTESIAN_POINT('',(116.89444490272,-109.2505778057,
    -44.98730076575));
#1880 = PCURVE('',#69,#1881);
#1881 = DEFINITIONAL_REPRESENTATION('',(#1882),#1895);
#1882 = B_SPLINE_CURVE_WITH_KNOTS('',6,(#1883,#1884,#1885,#1886,#1887,
    #1888,#1889,#1890,#1891,#1892,#1893,#1894),.UNSPECIFIED.,.F.,.F.,(7,
    5,7),(0.,0.836568849039,1.),.UNSPECIFIED.);
#1883 = CARTESIAN_POINT('',(5.504017773783,36.464466094067));
#1884 = CARTESIAN_POINT('',(5.507230289662,36.098753929776));
#1885 = CARTESIAN_POINT('',(5.510759981209,35.786331136352));
#1886 = CARTESIAN_POINT('',(5.514529057746,35.528198965447));
#1887 = CARTESIAN_POINT('',(5.518475220498,35.324986898754));
#1888 = CARTESIAN_POINT('',(5.522544357474,35.177410570921));
#1889 = CARTESIAN_POINT('',(5.527495238496,35.068804804303));
#1890 = CARTESIAN_POINT('',(5.528307153686,35.053219608972));
#1891 = CARTESIAN_POINT('',(5.529121474178,35.039807270181));
#1892 = CARTESIAN_POINT('',(5.529937815664,35.028576739487));
#1893 = CARTESIAN_POINT('',(5.530755791229,35.019537433573));
#1894 = CARTESIAN_POINT('',(5.53157501135,35.01269923425));
#1895 = ( GEOMETRIC_REPRESENTATION_CONTEXT(2) 
PARAMETRIC_REPRESENTATION_CONTEXT() REPRESENTATION_CONTEXT('2D SPACE',''
  ) );
#1896 = PCURVE('',#1783,#1897);
#1897 = DEFINITIONAL_REPRESENTATION('',(#1898),#1911);
#1898 = B_SPLINE_CURVE_WITH_KNOTS('',6,(#1899,#1900,#1901,#1902,#1903,
    #1904,#1905,#1906,#1907,#1908,#1909,#1910),.UNSPECIFIED.,.F.,.F.,(7,
    5,7),(0.,0.836568849039,1.),.UNSPECIFIED.);
#1899 = CARTESIAN_POINT('',(-8.881784197001E-16,12.945355415999));
#1900 = CARTESIAN_POINT('',(0.103439020533,13.306538506302));
#1901 = CARTESIAN_POINT('',(0.204645460846,13.701971970106));
#1902 = CARTESIAN_POINT('',(0.304286339405,14.122380038249));
#1903 = CARTESIAN_POINT('',(0.402894603688,14.560369017043));
#1904 = CARTESIAN_POINT('',(0.50097558436,15.009640074617));
#1905 = CARTESIAN_POINT('',(0.618221054327,15.553349567812));
#1906 = CARTESIAN_POINT('',(0.637383124195,15.642423294581));
#1907 = CARTESIAN_POINT('',(0.656549488477,15.731668469261));
#1908 = CARTESIAN_POINT('',(0.675723859524,15.821041882934));
#1909 = CARTESIAN_POINT('',(0.69490987539,15.910500328365));
#1910 = CARTESIAN_POINT('',(0.714111099833,16.0000006));
#1911 = ( GEOMETRIC_REPRESENTATION_CONTEXT(2) 
PARAMETRIC_REPRESENTATION_CONTEXT() REPRESENTATION_CONTEXT('2D SPACE',''
  ) );
#1912 = ADVANCED_FACE('',(#1913,#1916),#81,.F.);
#1913 = FACE_BOUND('',#1914,.F.);
#1914 = EDGE_LOOP('',(#1915));
#1915 = ORIENTED_EDGE('',*,*,#59,.T.);
#1916 = FACE_BOUND('',#1917,.F.);
#1917 = EDGE_LOOP('',(#1918));
#1918 = ORIENTED_EDGE('',*,*,#1919,.F.);
#1919 = EDGE_CURVE('',#1920,#1920,#1922,.T.);
#1920 = VERTEX_POINT('',#1921);
#1921 = CARTESIAN_POINT('',(148.,-3.624954525476E-14,-80.));
#1922 = SURFACE_CURVE('',#1923,(#1928,#1935),.PCURVE_S1.);
#1923 = CIRCLE('',#1924,148.);
#1924 = AXIS2_PLACEMENT_3D('',#1925,#1926,#1927);
#1925 = CARTESIAN_POINT('',(0.,0.,-80.));
#1926 = DIRECTION('',(0.,0.,1.));
#1927 = DIRECTION('',(1.,0.,-0.));
#1928 = PCURVE('',#81,#1929);
#1929 = DEFINITIONAL_REPRESENTATION('',(#1930),#1934);
#1930 = CIRCLE('',#1931,148.);
#1931 = AXIS2_PLACEMENT_2D('',#1932,#1933);
#1932 = CARTESIAN_POINT('',(0.,0.));
#1933 = DIRECTION('',(1.,0.));
#1934 = ( GEOMETRIC_REPRESENTATION_CONTEXT(2) 
PARAMETRIC_REPRESENTATION_CONTEXT() REPRESENTATION_CONTEXT('2D SPACE',''
  ) );
#1935 = PCURVE('',#1936,#1941);
#1936 = CYLINDRICAL_SURFACE('',#1937,148.);
#1937 = AXIS2_PLACEMENT_3D('',#1938,#1939,#1940);
#1938 = CARTESIAN_POINT('',(0.,0.,-82.));
#1939 = DIRECTION('',(0.,0.,1.));
#1940 = DIRECTION('',(1.,0.,0.));
#1941 = DEFINITIONAL_REPRESENTATION('',(#1942),#1946);
#1942 = LINE('',#1943,#1944);
#1943 = CARTESIAN_POINT('',(0.,2.));
#1944 = VECTOR('',#1945,1.);
#1945 = DIRECTION('',(1.,0.));
#1946 = ( GEOMETRIC_REPRESENTATION_CONTEXT(2) 
PARAMETRIC_REPRESENTATION_CONTEXT() REPRESENTATION_CONTEXT('2D SPACE',''
  ) );
#1947 = ADVANCED_FACE('',(#1948),#210,.F.);
#1948 = FACE_BOUND('',#1949,.F.);
#1949 = EDGE_LOOP('',(#1950,#1951,#1974,#2114,#2252,#2253));
#1950 = ORIENTED_EDGE('',*,*,#312,.F.);
#1951 = ORIENTED_EDGE('',*,*,#1952,.F.);
#1952 = EDGE_CURVE('',#1953,#94,#1955,.T.);
#1953 = VERTEX_POINT('',#1954);
#1954 = CARTESIAN_POINT('',(148.,-1.873709602695E-14,-45.));
#1955 = SEAM_CURVE('',#1956,(#1960,#1967),.PCURVE_S1.);
#1956 = LINE('',#1957,#1958);
#1957 = CARTESIAN_POINT('',(146.,-1.224646799147E-15,-45.));
#1958 = VECTOR('',#1959,1.);
#1959 = DIRECTION('',(1.,0.,2.22044604925E-16));
#1960 = PCURVE('',#210,#1961);
#1961 = DEFINITIONAL_REPRESENTATION('',(#1962),#1966);
#1962 = LINE('',#1963,#1964);
#1963 = CARTESIAN_POINT('',(6.28318530718,-0.));
#1964 = VECTOR('',#1965,1.);
#1965 = DIRECTION('',(0.,1.));
#1966 = ( GEOMETRIC_REPRESENTATION_CONTEXT(2) 
PARAMETRIC_REPRESENTATION_CONTEXT() REPRESENTATION_CONTEXT('2D SPACE',''
  ) );
#1967 = PCURVE('',#210,#1968);
#1968 = DEFINITIONAL_REPRESENTATION('',(#1969),#1973);
#1969 = LINE('',#1970,#1971);
#1970 = CARTESIAN_POINT('',(0.,-0.));
#1971 = VECTOR('',#1972,1.);
#1972 = DIRECTION('',(0.,1.));
#1973 = ( GEOMETRIC_REPRESENTATION_CONTEXT(2) 
PARAMETRIC_REPRESENTATION_CONTEXT() REPRESENTATION_CONTEXT('2D SPACE',''
  ) );
#1974 = ORIENTED_EDGE('',*,*,#1975,.T.);
#1975 = EDGE_CURVE('',#1953,#1976,#1978,.T.);
#1976 = VERTEX_POINT('',#1977);
#1977 = CARTESIAN_POINT('',(148.,-3.624954525476E-14,-35.));
#1978 = SURFACE_CURVE('',#1979,(#2022,#2068),.PCURVE_S1.);
#1979 = B_SPLINE_CURVE_WITH_KNOTS('',6,(#1980,#1981,#1982,#1983,#1984,
    #1985,#1986,#1987,#1988,#1989,#1990,#1991,#1992,#1993,#1994,#1995,
    #1996,#1997,#1998,#1999,#2000,#2001,#2002,#2003,#2004,#2005,#2006,
    #2007,#2008,#2009,#2010,#2011,#2012,#2013,#2014,#2015,#2016,#2017,
    #2018,#2019,#2020,#2021),.UNSPECIFIED.,.F.,.F.,(7,5,5,5,5,5,5,5,7),(
    0.,9.671217291611E-02,0.24378253356,0.3624539782,0.500161539183,
    0.63786908963,0.756540542008,0.84028632382,1.),.UNSPECIFIED.);
#1980 = CARTESIAN_POINT('',(148.,-2.832769448824E-15,-45.));
#1981 = CARTESIAN_POINT('',(148.,0.307438791731,-45.));
#1982 = CARTESIAN_POINT('',(147.99923401715,0.614205445469,
    -44.97731540083));
#1983 = CARTESIAN_POINT('',(147.99770645877,0.916832450378,
    -44.93213305289));
#1984 = CARTESIAN_POINT('',(147.99548499262,1.211921639832,
    -44.86556921255));
#1985 = CARTESIAN_POINT('',(147.99268380881,1.496333123413,
    -44.77963804953));
#1986 = CARTESIAN_POINT('',(147.98452448146,2.179546859217,
    -44.52147309195));
#1987 = CARTESIAN_POINT('',(147.97859582878,2.560609186006,
    -44.32767291938));
#1988 = CARTESIAN_POINT('',(147.9720745006,2.908588723034,
    -44.10319082126));
#1989 = CARTESIAN_POINT('',(147.96535342364,3.222724558427,
    -43.85446417007));
#1990 = CARTESIAN_POINT('',(147.95874190948,3.503134187062,
    -43.58720354537));
#1991 = CARTESIAN_POINT('',(147.94740890857,3.95020010657,
    -43.08010679924));
#1992 = CARTESIAN_POINT('',(147.94255415858,4.128950140521,
    -42.84427923576));
#1993 = CARTESIAN_POINT('',(147.93801429614,4.28752426998,
    -42.60104783675));
#1994 = CARTESIAN_POINT('',(147.93386824275,4.426634799523,
    -42.35194099573));
#1995 = CARTESIAN_POINT('',(147.93017243304,4.546920973207,
    -42.0981480053));
#1996 = CARTESIAN_POINT('',(147.92324976565,4.767199548567,
    -41.54178783258));
#1997 = CARTESIAN_POINT('',(147.92019334845,4.860841531208,
    -41.2379278789));
#1998 = CARTESIAN_POINT('',(147.91786380329,4.930550072164,
    -40.93063392732));
#1999 = CARTESIAN_POINT('',(147.91629923113,4.976846222475,
    -40.6211652626));
#2000 = CARTESIAN_POINT('',(147.91551642745,5.,-40.31060239067));
#2001 = CARTESIAN_POINT('',(147.91551642745,5.,-39.68939763308));
#2002 = CARTESIAN_POINT('',(147.91629923133,4.976846216154,
    -39.37883469967));
#2003 = CARTESIAN_POINT('',(147.91786380315,4.930550076393,
    -39.06936607232));
#2004 = CARTESIAN_POINT('',(147.92019334819,4.860841539524,
    -38.76207215865));
#2005 = CARTESIAN_POINT('',(147.92324976593,4.767199539461,
    -38.45821214441));
#2006 = CARTESIAN_POINT('',(147.93017243325,4.546920966605,
    -37.90185197801));
#2007 = CARTESIAN_POINT('',(147.93386824233,4.42663481466,
    -37.64805902986));
#2008 = CARTESIAN_POINT('',(147.9380142962,4.287524266953,
    -37.39895216407));
#2009 = CARTESIAN_POINT('',(147.94255415903,4.128950123952,
    -37.15572073902));
#2010 = CARTESIAN_POINT('',(147.94740890824,3.950200119682,
    -36.91989321562));
#2011 = CARTESIAN_POINT('',(147.95604132758,3.609667146808,
    -36.53363437782));
#2012 = CARTESIAN_POINT('',(147.95971659338,3.458328773991,
    -36.37844654848));
#2013 = CARTESIAN_POINT('',(147.96345593273,3.296344448694,
    -36.22865411192));
#2014 = CARTESIAN_POINT('',(147.96721156005,3.123546926212,
    -36.08512988622));
#2015 = CARTESIAN_POINT('',(147.97092750987,2.939818847744,
    -35.94886031362));
#2016 = CARTESIAN_POINT('',(147.98142809923,2.373787774113,
    -35.57704739418));
#2017 = CARTESIAN_POINT('',(147.98803421639,1.957363474152,
    -35.36018393331));
#2018 = CARTESIAN_POINT('',(147.99374691423,1.50152355459,
    -35.18503681833));
#2019 = CARTESIAN_POINT('',(147.99788532255,1.015437747862,
    -35.06260876187));
#2020 = CARTESIAN_POINT('',(148.,0.510755039401,-35.));
#2021 = CARTESIAN_POINT('',(148.,5.359377197861E-15,-35.));
#2022 = PCURVE('',#210,#2023);
#2023 = DEFINITIONAL_REPRESENTATION('',(#2024),#2067);
#2024 = B_SPLINE_CURVE_WITH_KNOTS('',6,(#2025,#2026,#2027,#2028,#2029,
    #2030,#2031,#2032,#2033,#2034,#2035,#2036,#2037,#2038,#2039,#2040,
    #2041,#2042,#2043,#2044,#2045,#2046,#2047,#2048,#2049,#2050,#2051,
    #2052,#2053,#2054,#2055,#2056,#2057,#2058,#2059,#2060,#2061,#2062,
    #2063,#2064,#2065,#2066),.UNSPECIFIED.,.F.,.F.,(7,5,5,5,5,5,5,5,7),(
    0.,9.671217291611E-02,0.24378253356,0.3624539782,0.500161539183,
    0.63786908963,0.756540542008,0.84028632382,1.),.UNSPECIFIED.);
#2025 = CARTESIAN_POINT('',(-8.881784197001E-16,2.));
#2026 = CARTESIAN_POINT('',(6.148775834621E-02,2.));
#2027 = CARTESIAN_POINT('',(0.122841040623,1.99923401715));
#2028 = CARTESIAN_POINT('',(0.183785038427,1.997706458771));
#2029 = CARTESIAN_POINT('',(0.24404882505,1.995484992621));
#2030 = CARTESIAN_POINT('',(0.303333970273,1.992683808818));
#2031 = CARTESIAN_POINT('',(0.44940657607,1.98452448146));
#2032 = CARTESIAN_POINT('',(0.534399940591,1.978595828781));
#2033 = CARTESIAN_POINT('',(0.616603645074,1.972074500601));
#2034 = CARTESIAN_POINT('',(0.696219763747,1.965353423649));
#2035 = CARTESIAN_POINT('',(0.773402639534,1.958741909483));
#2036 = CARTESIAN_POINT('',(0.908608415493,1.947408908574));
#2037 = CARTESIAN_POINT('',(0.967629986145,1.942554158583));
#2038 = CARTESIAN_POINT('',(1.025488808615,1.938014296147));
#2039 = CARTESIAN_POINT('',(1.082360158837,1.933868242754));
#2040 = CARTESIAN_POINT('',(1.138410122386,1.930172433043));
#2041 = CARTESIAN_POINT('',(1.258086234046,1.92324976565));
#2042 = CARTESIAN_POINT('',(1.321485177944,1.920193348459));
#2043 = CARTESIAN_POINT('',(1.384237886278,1.917863803291));
#2044 = CARTESIAN_POINT('',(1.446563401164,1.916299231137));
#2045 = CARTESIAN_POINT('',(1.508675848659,1.915516427453));
#2046 = CARTESIAN_POINT('',(1.632916800177,1.915516427453));
#2047 = CARTESIAN_POINT('',(1.695029260189,1.916299231338));
#2048 = CARTESIAN_POINT('',(1.757354767221,1.917863803158));
#2049 = CARTESIAN_POINT('',(1.820107467839,1.920193348196));
#2050 = CARTESIAN_POINT('',(1.883506424492,1.923249765936));
#2051 = CARTESIAN_POINT('',(2.003182534791,1.93017243325));
#2052 = CARTESIAN_POINT('',(2.05923248873,1.93386824233));
#2053 = CARTESIAN_POINT('',(2.116103845152,1.938014296205));
#2054 = CARTESIAN_POINT('',(2.173962673553,1.942554159034));
#2055 = CARTESIAN_POINT('',(2.232984234131,1.947408908241));
#2056 = CARTESIAN_POINT('',(2.335971339227,1.956041327585));
#2057 = CARTESIAN_POINT('',(2.379269268614,1.959716593382));
#2058 = CARTESIAN_POINT('',(2.423305306727,1.963455932734));
#2059 = CARTESIAN_POINT('',(2.468131842545,1.967211560052));
#2060 = CARTESIAN_POINT('',(2.513807191213,1.970927509872));
#2061 = CARTESIAN_POINT('',(2.649252534194,1.981428099234));
#2062 = CARTESIAN_POINT('',(2.742675215047,1.988034216395));
#2063 = CARTESIAN_POINT('',(2.839368701492,1.993746914236));
#2064 = CARTESIAN_POINT('',(2.938505221496,1.997885322554));
#2065 = CARTESIAN_POINT('',(3.03944164571,2.));
#2066 = CARTESIAN_POINT('',(3.14159265359,2.));
#2067 = ( GEOMETRIC_REPRESENTATION_CONTEXT(2) 
PARAMETRIC_REPRESENTATION_CONTEXT() REPRESENTATION_CONTEXT('2D SPACE',''
  ) );
#2068 = PCURVE('',#1936,#2069);
#2069 = DEFINITIONAL_REPRESENTATION('',(#2070),#2113);
#2070 = B_SPLINE_CURVE_WITH_KNOTS('',6,(#2071,#2072,#2073,#2074,#2075,
    #2076,#2077,#2078,#2079,#2080,#2081,#2082,#2083,#2084,#2085,#2086,
    #2087,#2088,#2089,#2090,#2091,#2092,#2093,#2094,#2095,#2096,#2097,
    #2098,#2099,#2100,#2101,#2102,#2103,#2104,#2105,#2106,#2107,#2108,
    #2109,#2110,#2111,#2112),.UNSPECIFIED.,.F.,.F.,(7,5,5,5,5,5,5,5,7),(
    0.,9.671217291611E-02,0.24378253356,0.3624539782,0.500161539183,
    0.63786908963,0.756540542008,0.84028632382,1.),.UNSPECIFIED.);
#2071 = CARTESIAN_POINT('',(0.,37.));
#2072 = CARTESIAN_POINT('',(2.077289133318E-03,37.));
#2073 = CARTESIAN_POINT('',(4.150036702291E-03,37.022684599161));
#2074 = CARTESIAN_POINT('',(6.194830134767E-03,37.067866947104));
#2075 = CARTESIAN_POINT('',(8.188723904284E-03,37.134430787443));
#2076 = CARTESIAN_POINT('',(1.011051219014E-02,37.22036195047));
#2077 = CARTESIAN_POINT('',(1.472715040455E-02,37.478526908043));
#2078 = CARTESIAN_POINT('',(1.73021905956E-02,37.672327080619));
#2079 = CARTESIAN_POINT('',(1.965380128749E-02,37.896809178732));
#2080 = CARTESIAN_POINT('',(2.177681847372E-02,38.145535829929));
#2081 = CARTESIAN_POINT('',(2.367200169207E-02,38.41279645463));
#2082 = CARTESIAN_POINT('',(2.66936877779E-02,38.919893200752));
#2083 = CARTESIAN_POINT('',(2.790190170536E-02,39.15572076424));
#2084 = CARTESIAN_POINT('',(2.897378608837E-02,39.398952163247));
#2085 = CARTESIAN_POINT('',(2.991413892136E-02,39.64805900427));
#2086 = CARTESIAN_POINT('',(3.072726664066E-02,39.901851994693));
#2087 = CARTESIAN_POINT('',(3.22163702043E-02,40.458212167415));
#2088 = CARTESIAN_POINT('',(3.284942281565E-02,40.762072121096));
#2089 = CARTESIAN_POINT('',(3.332068927168E-02,41.069366072675));
#2090 = CARTESIAN_POINT('',(3.363367978448E-02,41.378834737394));
#2091 = CARTESIAN_POINT('',(3.379021357345E-02,41.689397609321));
#2092 = CARTESIAN_POINT('',(3.379021357345E-02,42.310602366912));
#2093 = CARTESIAN_POINT('',(3.363367974175E-02,42.621165300325));
#2094 = CARTESIAN_POINT('',(3.332068930027E-02,42.930633927675));
#2095 = CARTESIAN_POINT('',(3.284942287186E-02,43.237927841345));
#2096 = CARTESIAN_POINT('',(3.221637014273E-02,43.541787855586));
#2097 = CARTESIAN_POINT('',(3.072726659603E-02,44.098148021983));
#2098 = CARTESIAN_POINT('',(2.991413902368E-02,44.351940970134));
#2099 = CARTESIAN_POINT('',(2.897378606791E-02,44.601047835925));
#2100 = CARTESIAN_POINT('',(2.790190159337E-02,44.844279260973));
#2101 = CARTESIAN_POINT('',(2.669368786653E-02,45.080106784375));
#2102 = CARTESIAN_POINT('',(2.439205023101E-02,45.46636562218));
#2103 = CARTESIAN_POINT('',(2.336919275032E-02,45.621553451512));
#2104 = CARTESIAN_POINT('',(2.227441372083E-02,45.771345888071));
#2105 = CARTESIAN_POINT('',(2.110658898359E-02,45.914870113776));
#2106 = CARTESIAN_POINT('',(1.986493090289E-02,46.05113968638));
#2107 = CARTESIAN_POINT('',(1.603973857295E-02,46.42295260582));
#2108 = CARTESIAN_POINT('',(1.322571694274E-02,46.639816066684));
#2109 = CARTESIAN_POINT('',(1.014550315698E-02,46.814963181667));
#2110 = CARTESIAN_POINT('',(6.86106590972E-03,46.937391238122));
#2111 = CARTESIAN_POINT('',(3.45104756352E-03,47.));
#2112 = CARTESIAN_POINT('',(0.,47.));
#2113 = ( GEOMETRIC_REPRESENTATION_CONTEXT(2) 
PARAMETRIC_REPRESENTATION_CONTEXT() REPRESENTATION_CONTEXT('2D SPACE',''
  ) );
#2114 = ORIENTED_EDGE('',*,*,#2115,.T.);
#2115 = EDGE_CURVE('',#1976,#1953,#2116,.T.);
#2116 = SURFACE_CURVE('',#2117,(#2160,#2206),.PCURVE_S1.);
#2117 = B_SPLINE_CURVE_WITH_KNOTS('',6,(#2118,#2119,#2120,#2121,#2122,
    #2123,#2124,#2125,#2126,#2127,#2128,#2129,#2130,#2131,#2132,#2133,
    #2134,#2135,#2136,#2137,#2138,#2139,#2140,#2141,#2142,#2143,#2144,
    #2145,#2146,#2147,#2148,#2149,#2150,#2151,#2152,#2153,#2154,#2155,
    #2156,#2157,#2158,#2159),.UNSPECIFIED.,.F.,.F.,(7,5,5,5,5,5,5,5,7),(
    0.,9.67121723949E-02,0.243782532127,0.3624539838,0.50016153343,
    0.637869093596,0.756540545217,0.84028632491,1.),.UNSPECIFIED.);
#2118 = CARTESIAN_POINT('',(148.,-1.24344978758E-14,-35.));
#2119 = CARTESIAN_POINT('',(148.,-0.307438791735,-35.));
#2120 = CARTESIAN_POINT('',(147.99923401715,-0.614205445344,
    -35.02268459912));
#2121 = CARTESIAN_POINT('',(147.99770645877,-0.916832450463,
    -35.06786694713));
#2122 = CARTESIAN_POINT('',(147.99548499261,-1.211921640004,
    -35.13443078749));
#2123 = CARTESIAN_POINT('',(147.99268380882,-1.49633312324,
    -35.2203619504));
#2124 = CARTESIAN_POINT('',(147.98452448146,-2.179546859145,
    -35.47852690801));
#2125 = CARTESIAN_POINT('',(147.97859582878,-2.560609186028,
    -35.67232708061));
#2126 = CARTESIAN_POINT('',(147.9720745006,-2.908588723096,
    -35.89680917877));
#2127 = CARTESIAN_POINT('',(147.96535342364,-3.222724558437,
    -36.14553582996));
#2128 = CARTESIAN_POINT('',(147.95874190948,-3.50313418701,
    -36.41279645457));
#2129 = CARTESIAN_POINT('',(147.94740890824,-3.950200119683,
    -36.91989321562));
#2130 = CARTESIAN_POINT('',(147.94255415903,-4.128950123952,
    -37.15572073902));
#2131 = CARTESIAN_POINT('',(147.9380142962,-4.287524266952,
    -37.39895216407));
#2132 = CARTESIAN_POINT('',(147.93386824233,-4.426634814661,
    -37.64805902986));
#2133 = CARTESIAN_POINT('',(147.93017243325,-4.546920966605,
    -37.90185197801));
#2134 = CARTESIAN_POINT('',(147.92324976593,-4.767199539461,
    -38.45821214441));
#2135 = CARTESIAN_POINT('',(147.92019334819,-4.860841539524,
    -38.76207215865));
#2136 = CARTESIAN_POINT('',(147.91786380315,-4.930550076393,
    -39.06936607232));
#2137 = CARTESIAN_POINT('',(147.91629923133,-4.976846216154,
    -39.37883469967));
#2138 = CARTESIAN_POINT('',(147.91551642745,-5.,-39.68939763308));
#2139 = CARTESIAN_POINT('',(147.91551642745,-5.,-40.31060239067));
#2140 = CARTESIAN_POINT('',(147.91629923113,-4.976846222475,
    -40.6211652626));
#2141 = CARTESIAN_POINT('',(147.91786380329,-4.930550072164,
    -40.93063392732));
#2142 = CARTESIAN_POINT('',(147.92019334845,-4.860841531208,
    -41.2379278789));
#2143 = CARTESIAN_POINT('',(147.92324976565,-4.767199548568,
    -41.54178783258));
#2144 = CARTESIAN_POINT('',(147.93017243325,-4.546920966605,
    -42.09814802198));
#2145 = CARTESIAN_POINT('',(147.93386824233,-4.42663481466,
    -42.35194097013));
#2146 = CARTESIAN_POINT('',(147.9380142962,-4.287524266953,
    -42.60104783592));
#2147 = CARTESIAN_POINT('',(147.94255415903,-4.128950123952,
    -42.84427926097));
#2148 = CARTESIAN_POINT('',(147.94740890824,-3.950200119682,
    -43.08010678437));
#2149 = CARTESIAN_POINT('',(147.95604132751,-3.609667149472,
    -43.46636561915));
#2150 = CARTESIAN_POINT('',(147.95971659349,-3.458328768972,
    -43.62155345597));
#2151 = CARTESIAN_POINT('',(147.96345593273,-3.29634444919,
    -43.77134588833));
#2152 = CARTESIAN_POINT('',(147.96721155994,-3.123546931466,
    -43.91487010943));
#2153 = CARTESIAN_POINT('',(147.97092750994,-2.939818844014,
    -44.05113968883));
#2154 = CARTESIAN_POINT('',(147.98142809922,-2.373787774369,
    -44.42295260565));
#2155 = CARTESIAN_POINT('',(147.98803421639,-1.957363474158,
    -44.63981606675));
#2156 = CARTESIAN_POINT('',(147.99374691424,-1.501523554243,
    -44.81496318182));
#2157 = CARTESIAN_POINT('',(147.99788532255,-1.015437747687,
    -44.93739123802));
#2158 = CARTESIAN_POINT('',(148.,-0.510755039813,-45.));
#2159 = CARTESIAN_POINT('',(148.,-2.13162820728E-14,-45.));
#2160 = PCURVE('',#210,#2161);
#2161 = DEFINITIONAL_REPRESENTATION('',(#2162),#2205);
#2162 = B_SPLINE_CURVE_WITH_KNOTS('',6,(#2163,#2164,#2165,#2166,#2167,
    #2168,#2169,#2170,#2171,#2172,#2173,#2174,#2175,#2176,#2177,#2178,
    #2179,#2180,#2181,#2182,#2183,#2184,#2185,#2186,#2187,#2188,#2189,
    #2190,#2191,#2192,#2193,#2194,#2195,#2196,#2197,#2198,#2199,#2200,
    #2201,#2202,#2203,#2204),.UNSPECIFIED.,.F.,.F.,(7,5,5,5,5,5,5,5,7),(
    0.,9.67121723949E-02,0.243782532127,0.3624539838,0.50016153343,
    0.637869093596,0.756540545217,0.84028632491,1.),.UNSPECIFIED.);
#2163 = CARTESIAN_POINT('',(3.14159265359,2.));
#2164 = CARTESIAN_POINT('',(3.203080411937,2.));
#2165 = CARTESIAN_POINT('',(3.264433694186,1.999234017151));
#2166 = CARTESIAN_POINT('',(3.325377692035,1.99770645877));
#2167 = CARTESIAN_POINT('',(3.385641478676,1.995484992619));
#2168 = CARTESIAN_POINT('',(3.444926623826,1.992683808821));
#2169 = CARTESIAN_POINT('',(3.590999229645,1.984524481461));
#2170 = CARTESIAN_POINT('',(3.675992594184,1.978595828781));
#2171 = CARTESIAN_POINT('',(3.758196298678,1.9720745006));
#2172 = CARTESIAN_POINT('',(3.837812417343,1.965353423649));
#2173 = CARTESIAN_POINT('',(3.914995293108,1.958741909485));
#2174 = CARTESIAN_POINT('',(4.050201073048,1.947408908241));
#2175 = CARTESIAN_POINT('',(4.109222633627,1.942554159034));
#2176 = CARTESIAN_POINT('',(4.167081462027,1.938014296205));
#2177 = CARTESIAN_POINT('',(4.22395281845,1.93386824233));
#2178 = CARTESIAN_POINT('',(4.280002772388,1.93017243325));
#2179 = CARTESIAN_POINT('',(4.399678882688,1.923249765936));
#2180 = CARTESIAN_POINT('',(4.463077839341,1.920193348196));
#2181 = CARTESIAN_POINT('',(4.525830539959,1.917863803158));
#2182 = CARTESIAN_POINT('',(4.588156046991,1.916299231338));
#2183 = CARTESIAN_POINT('',(4.650268507002,1.915516427453));
#2184 = CARTESIAN_POINT('',(4.77450945852,1.915516427453));
#2185 = CARTESIAN_POINT('',(4.836621906016,1.916299231137));
#2186 = CARTESIAN_POINT('',(4.898947420902,1.917863803291));
#2187 = CARTESIAN_POINT('',(4.961700129235,1.920193348459));
#2188 = CARTESIAN_POINT('',(5.025099073134,1.92324976565));
#2189 = CARTESIAN_POINT('',(5.144775188381,1.93017243325));
#2190 = CARTESIAN_POINT('',(5.20082514232,1.93386824233));
#2191 = CARTESIAN_POINT('',(5.257696498742,1.938014296205));
#2192 = CARTESIAN_POINT('',(5.315555327143,1.942554159034));
#2193 = CARTESIAN_POINT('',(5.374576887721,1.947408908241));
#2194 = CARTESIAN_POINT('',(5.477563992011,1.956041327517));
#2195 = CARTESIAN_POINT('',(5.520861923557,1.959716593492));
#2196 = CARTESIAN_POINT('',(5.564897960276,1.963455932733));
#2197 = CARTESIAN_POINT('',(5.609724494763,1.967211559941));
#2198 = CARTESIAN_POINT('',(5.655399845695,1.970927509941));
#2199 = CARTESIAN_POINT('',(5.790845187722,1.981428099229));
#2200 = CARTESIAN_POINT('',(5.884267868645,1.988034216396));
#2201 = CARTESIAN_POINT('',(5.980961355151,1.993746914242));
#2202 = CARTESIAN_POINT('',(6.080097875119,1.99788532255));
#2203 = CARTESIAN_POINT('',(6.181034299217,2.));
#2204 = CARTESIAN_POINT('',(6.28318530718,2.));
#2205 = ( GEOMETRIC_REPRESENTATION_CONTEXT(2) 
PARAMETRIC_REPRESENTATION_CONTEXT() REPRESENTATION_CONTEXT('2D SPACE',''
  ) );
#2206 = PCURVE('',#1936,#2207);
#2207 = DEFINITIONAL_REPRESENTATION('',(#2208),#2251);
#2208 = B_SPLINE_CURVE_WITH_KNOTS('',6,(#2209,#2210,#2211,#2212,#2213,
    #2214,#2215,#2216,#2217,#2218,#2219,#2220,#2221,#2222,#2223,#2224,
    #2225,#2226,#2227,#2228,#2229,#2230,#2231,#2232,#2233,#2234,#2235,
    #2236,#2237,#2238,#2239,#2240,#2241,#2242,#2243,#2244,#2245,#2246,
    #2247,#2248,#2249,#2250),.UNSPECIFIED.,.F.,.F.,(7,5,5,5,5,5,5,5,7),(
    0.,9.67121723949E-02,0.243782532127,0.3624539838,0.50016153343,
    0.637869093596,0.756540545217,0.84028632491,1.),.UNSPECIFIED.);
#2209 = CARTESIAN_POINT('',(6.28318530718,47.));
#2210 = CARTESIAN_POINT('',(6.281108018046,47.));
#2211 = CARTESIAN_POINT('',(6.279035270478,46.977315400876));
#2212 = CARTESIAN_POINT('',(6.276990477044,46.932133052864));
#2213 = CARTESIAN_POINT('',(6.274996583274,46.865569212505));
#2214 = CARTESIAN_POINT('',(6.273074794991,46.779638049595));
#2215 = CARTESIAN_POINT('',(6.268458156776,46.521473091984));
#2216 = CARTESIAN_POINT('',(6.265883116584,46.32767291939));
#2217 = CARTESIAN_POINT('',(6.263531505892,46.103190821224));
#2218 = CARTESIAN_POINT('',(6.261408488706,45.85446417004));
#2219 = CARTESIAN_POINT('',(6.259513305488,45.587203545428));
#2220 = CARTESIAN_POINT('',(6.256491619313,45.080106784374));
#2221 = CARTESIAN_POINT('',(6.255283405586,44.844279260974));
#2222 = CARTESIAN_POINT('',(6.254211521112,44.601047835926));
#2223 = CARTESIAN_POINT('',(6.253271168156,44.351940970133));
#2224 = CARTESIAN_POINT('',(6.252458040584,44.098148021982));
#2225 = CARTESIAN_POINT('',(6.250968937037,43.541787855586));
#2226 = CARTESIAN_POINT('',(6.250335884308,43.237927841345));
#2227 = CARTESIAN_POINT('',(6.249864617879,42.930633927675));
#2228 = CARTESIAN_POINT('',(6.249551627438,42.621165300326));
#2229 = CARTESIAN_POINT('',(6.249395093606,42.310602366912));
#2230 = CARTESIAN_POINT('',(6.249395093606,41.689397609321));
#2231 = CARTESIAN_POINT('',(6.249551627395,41.378834737394));
#2232 = CARTESIAN_POINT('',(6.249864617908,41.069366072675));
#2233 = CARTESIAN_POINT('',(6.250335884364,40.762072121096));
#2234 = CARTESIAN_POINT('',(6.250968936975,40.458212167416));
#2235 = CARTESIAN_POINT('',(6.252458040584,39.901851978018));
#2236 = CARTESIAN_POINT('',(6.253271168156,39.648059029866));
#2237 = CARTESIAN_POINT('',(6.254211521112,39.398952164075));
#2238 = CARTESIAN_POINT('',(6.255283405586,39.155720739026));
#2239 = CARTESIAN_POINT('',(6.256491619313,38.919893215625));
#2240 = CARTESIAN_POINT('',(6.258793256931,38.533634380841));
#2241 = CARTESIAN_POINT('',(6.259816114463,38.378446544026));
#2242 = CARTESIAN_POINT('',(6.260910893455,38.228654111665));
#2243 = CARTESIAN_POINT('',(6.26207871816,38.085129890562));
#2244 = CARTESIAN_POINT('',(6.263320376302,37.94886031117));
#2245 = CARTESIAN_POINT('',(6.267145568605,37.577047394348));
#2246 = CARTESIAN_POINT('',(6.269959590237,37.360183933241));
#2247 = CARTESIAN_POINT('',(6.273039804025,37.185036818179));
#2248 = CARTESIAN_POINT('',(6.276324241271,37.062608761979));
#2249 = CARTESIAN_POINT('',(6.279734259613,37.));
#2250 = CARTESIAN_POINT('',(6.28318530718,37.));
#2251 = ( GEOMETRIC_REPRESENTATION_CONTEXT(2) 
PARAMETRIC_REPRESENTATION_CONTEXT() REPRESENTATION_CONTEXT('2D SPACE',''
  ) );
#2252 = ORIENTED_EDGE('',*,*,#1952,.T.);
#2253 = ORIENTED_EDGE('',*,*,#116,.F.);
#2254 = ADVANCED_FACE('',(#2255,#2258),#299,.T.);
#2255 = FACE_BOUND('',#2256,.T.);
#2256 = EDGE_LOOP('',(#2257));
#2257 = ORIENTED_EDGE('',*,*,#284,.T.);
#2258 = FACE_BOUND('',#2259,.T.);
#2259 = EDGE_LOOP('',(#2260));
#2260 = ORIENTED_EDGE('',*,*,#2261,.F.);
#2261 = EDGE_CURVE('',#2262,#2262,#2264,.T.);
#2262 = VERTEX_POINT('',#2263);
#2263 = CARTESIAN_POINT('',(148.,-3.624954525476E-14,0.));
#2264 = SURFACE_CURVE('',#2265,(#2270,#2277),.PCURVE_S1.);
#2265 = CIRCLE('',#2266,148.);
#2266 = AXIS2_PLACEMENT_3D('',#2267,#2268,#2269);
#2267 = CARTESIAN_POINT('',(0.,0.,0.));
#2268 = DIRECTION('',(0.,0.,1.));
#2269 = DIRECTION('',(1.,0.,-0.));
#2270 = PCURVE('',#299,#2271);
#2271 = DEFINITIONAL_REPRESENTATION('',(#2272),#2276);
#2272 = CIRCLE('',#2273,148.);
#2273 = AXIS2_PLACEMENT_2D('',#2274,#2275);
#2274 = CARTESIAN_POINT('',(0.,0.));
#2275 = DIRECTION('',(1.,0.));
#2276 = ( GEOMETRIC_REPRESENTATION_CONTEXT(2) 
PARAMETRIC_REPRESENTATION_CONTEXT() REPRESENTATION_CONTEXT('2D SPACE',''
  ) );
#2277 = PCURVE('',#1936,#2278);
#2278 = DEFINITIONAL_REPRESENTATION('',(#2279),#2283);
#2279 = LINE('',#2280,#2281);
#2280 = CARTESIAN_POINT('',(0.,82.));
#2281 = VECTOR('',#2282,1.);
#2282 = DIRECTION('',(1.,0.));
#2283 = ( GEOMETRIC_REPRESENTATION_CONTEXT(2) 
PARAMETRIC_REPRESENTATION_CONTEXT() REPRESENTATION_CONTEXT('2D SPACE',''
  ) );
#2284 = ADVANCED_FACE('',(#2285,#2933),#621,.F.);
#2285 = FACE_BOUND('',#2286,.F.);
#2286 = EDGE_LOOP('',(#2287,#2312,#2561,#2562,#2737,#2758,#2759,#2760));
#2287 = ORIENTED_EDGE('',*,*,#2288,.T.);
#2288 = EDGE_CURVE('',#2289,#2291,#2293,.T.);
#2289 = VERTEX_POINT('',#2290);
#2290 = CARTESIAN_POINT('',(8.,149.,-40.));
#2291 = VERTEX_POINT('',#2292);
#2292 = CARTESIAN_POINT('',(8.,147.78362561528,-40.));
#2293 = SEAM_CURVE('',#2294,(#2298,#2305),.PCURVE_S1.);
#2294 = LINE('',#2295,#2296);
#2295 = CARTESIAN_POINT('',(8.,163.,-40.));
#2296 = VECTOR('',#2297,1.);
#2297 = DIRECTION('',(0.,-1.,2.22044604925E-16));
#2298 = PCURVE('',#621,#2299);
#2299 = DEFINITIONAL_REPRESENTATION('',(#2300),#2304);
#2300 = LINE('',#2301,#2302);
#2301 = CARTESIAN_POINT('',(6.28318530718,-0.));
#2302 = VECTOR('',#2303,1.);
#2303 = DIRECTION('',(0.,1.));
#2304 = ( GEOMETRIC_REPRESENTATION_CONTEXT(2) 
PARAMETRIC_REPRESENTATION_CONTEXT() REPRESENTATION_CONTEXT('2D SPACE',''
  ) );
#2305 = PCURVE('',#621,#2306);
#2306 = DEFINITIONAL_REPRESENTATION('',(#2307),#2311);
#2307 = LINE('',#2308,#2309);
#2308 = CARTESIAN_POINT('',(0.,-0.));
#2309 = VECTOR('',#2310,1.);
#2310 = DIRECTION('',(0.,1.));
#2311 = ( GEOMETRIC_REPRESENTATION_CONTEXT(2) 
PARAMETRIC_REPRESENTATION_CONTEXT() REPRESENTATION_CONTEXT('2D SPACE',''
  ) );
#2312 = ORIENTED_EDGE('',*,*,#2313,.F.);
#2313 = EDGE_CURVE('',#2291,#2291,#2314,.T.);
#2314 = SURFACE_CURVE('',#2315,(#2395,#2478),.PCURVE_S1.);
#2315 = B_SPLINE_CURVE_WITH_KNOTS('',8,(#2316,#2317,#2318,#2319,#2320,
    #2321,#2322,#2323,#2324,#2325,#2326,#2327,#2328,#2329,#2330,#2331,
    #2332,#2333,#2334,#2335,#2336,#2337,#2338,#2339,#2340,#2341,#2342,
    #2343,#2344,#2345,#2346,#2347,#2348,#2349,#2350,#2351,#2352,#2353,
    #2354,#2355,#2356,#2357,#2358,#2359,#2360,#2361,#2362,#2363,#2364,
    #2365,#2366,#2367,#2368,#2369,#2370,#2371,#2372,#2373,#2374,#2375,
    #2376,#2377,#2378,#2379,#2380,#2381,#2382,#2383,#2384,#2385,#2386,
    #2387,#2388,#2389,#2390,#2391,#2392,#2393,#2394),.UNSPECIFIED.,.T.,
  .F.,(9,7,7,7,7,7,7,7,7,7,7,9),(0.,0.129916234453,0.200177156552,
    0.250518831258,0.32689566674,0.429990478649,0.499434651172,
    0.596390352076,0.67200904642,0.751284971556,0.827611505396,1.),
  .UNSPECIFIED.);
#2316 = CARTESIAN_POINT('',(8.,147.78362561528,-40.));
#2317 = CARTESIAN_POINT('',(8.,147.78362561528,-39.29469397478));
#2318 = CARTESIAN_POINT('',(7.928934560741,147.78747255247,
    -38.59027451579));
#2319 = CARTESIAN_POINT('',(7.787117882379,147.79514977568,
    -37.89019760542));
#2320 = CARTESIAN_POINT('',(7.573271584265,147.80653371518,
    -37.19817503656));
#2321 = CARTESIAN_POINT('',(7.284840766309,147.82138386671,
    -36.51893106082));
#2322 = CARTESIAN_POINT('',(6.918237695069,147.83927877423,
    -35.85876738381));
#2323 = CARTESIAN_POINT('',(6.469170822481,147.85951960535,
    -35.22629884993));
#2324 = CARTESIAN_POINT('',(5.643363765573,147.89265227001,
    -34.31324654702));
#2325 = CARTESIAN_POINT('',(5.327364355858,147.90468039805,
    -34.00362784963));
#2326 = CARTESIAN_POINT('',(4.98482034422,147.91691784217,
    -33.70748187191));
#2327 = CARTESIAN_POINT('',(4.615529159459,147.92913734112,-33.427612941
    ));
#2328 = CARTESIAN_POINT('',(4.219503740054,147.9410733339,
    -33.16702575088));
#2329 = CARTESIAN_POINT('',(3.797008846387,147.95242603964,
    -32.9289478966));
#2330 = CARTESIAN_POINT('',(3.348613876114,147.96287011116,
    -32.7168630978));
#2331 = CARTESIAN_POINT('',(2.53610755365,147.97865801448,
    -32.40393215569));
#2332 = CARTESIAN_POINT('',(2.184036759702,147.9846103742,
    -32.28855535699));
#2333 = CARTESIAN_POINT('',(1.820827227679,147.98977226288,
    -32.19039015087));
#2334 = CARTESIAN_POINT('',(1.448445783803,147.99400666027,
    -32.11103527867));
#2335 = CARTESIAN_POINT('',(1.069008171234,147.99720257715,
    -32.05171643798));
#2336 = CARTESIAN_POINT('',(0.684737827329,147.99928240383,
    -32.01327965966));
#2337 = CARTESIAN_POINT('',(0.297923920639,148.00020623443,
    -31.99618441152));
#2338 = CARTESIAN_POINT('',(-0.676334497601,147.99961956387,
    -32.00703848853));
#2339 = CARTESIAN_POINT('',(-1.257829624039,147.99660721339,
    -32.06278578403));
#2340 = CARTESIAN_POINT('',(-1.827297856378,147.99102831937,
    -32.16615082415));
#2341 = CARTESIAN_POINT('',(-2.378709548625,147.98313976532,
    -32.31429203768));
#2342 = CARTESIAN_POINT('',(-2.90653700622,147.97333343289,
    -32.50317086525));
#2343 = CARTESIAN_POINT('',(-3.405949185432,147.96209426558,
    -32.727600647));
#2344 = CARTESIAN_POINT('',(-3.872978370042,147.94994607751,
    -32.9812873062));
#2345 = CARTESIAN_POINT('',(-4.887348786994,147.92043008624,
    -33.62883722383));
#2346 = CARTESIAN_POINT('',(-5.411890825093,147.90254182572,
    -34.04468669875));
#2347 = CARTESIAN_POINT('',(-5.879437145915,147.88460282579,
    -34.49473560813));
#2348 = CARTESIAN_POINT('',(-6.291865408203,147.86731680614,
    -34.97136995327));
#2349 = CARTESIAN_POINT('',(-6.651365731155,147.85120843574,
    -35.46859424592));
#2350 = CARTESIAN_POINT('',(-6.96013082767,147.83665609146,
    -35.98169799844));
#2351 = CARTESIAN_POINT('',(-7.2201303736,147.82393285398,
    -36.50701379764));
#2352 = CARTESIAN_POINT('',(-7.576305494395,147.8060221967,
    -37.40194561543));
#2353 = CARTESIAN_POINT('',(-7.698280196786,147.79972945864,
    -37.76648305309));
#2354 = CARTESIAN_POINT('',(-7.799315283178,147.79441310591,
    -38.13444052301));
#2355 = CARTESIAN_POINT('',(-7.879772474413,147.79011846172,
    -38.50501425822));
#2356 = CARTESIAN_POINT('',(-7.93992938305,147.78687738809,
    -38.87749121105));
#2357 = CARTESIAN_POINT('',(-7.979974136472,147.78470987261,
    -39.25122182991));
#2358 = CARTESIAN_POINT('',(-8.,147.78362561528,-39.62559283598));
#2359 = CARTESIAN_POINT('',(-8.,147.78362561528,-40.52273513661));
#2360 = CARTESIAN_POINT('',(-7.960964236858,147.78573879173,
    -41.04526944104));
#2361 = CARTESIAN_POINT('',(-7.882943757216,147.78996217064,
    -41.56605087041));
#2362 = CARTESIAN_POINT('',(-7.765577218926,147.79625776038,
    -42.08345752847));
#2363 = CARTESIAN_POINT('',(-7.608127781675,147.80454980434,
    -42.59567390368));
#2364 = CARTESIAN_POINT('',(-7.409525595119,147.81471587401,
    -43.10054604131));
#2365 = CARTESIAN_POINT('',(-7.168415884551,147.82657180264,
    -43.59541564973));
#2366 = CARTESIAN_POINT('',(-6.660773961345,147.85020688674,
    -44.45248324902));
#2367 = CARTESIAN_POINT('',(-6.411352096684,147.86143639439,
    -44.82018392278));
#2368 = CARTESIAN_POINT('',(-6.13415949515,147.8734125541,-45.1783669389
    ));
#2369 = CARTESIAN_POINT('',(-5.828377633294,147.88597643692,
    -45.52504449509));
#2370 = CARTESIAN_POINT('',(-5.493197486751,147.89892804797,
    -45.85787089739));
#2371 = CARTESIAN_POINT('',(-5.127877479769,147.91202032065,
    -46.17408727861));
#2372 = CARTESIAN_POINT('',(-4.731818906678,147.9249556703,
    -46.47044934791));
#2373 = CARTESIAN_POINT('',(-3.856839527109,147.95041568303,
    -47.02901534679));
#2374 = CARTESIAN_POINT('',(-3.370574817736,147.96301436312,
    -47.29159547984));
#2375 = CARTESIAN_POINT('',(-2.849306069027,147.97461576455,
    -47.52241736373));
#2376 = CARTESIAN_POINT('',(-2.297665504239,147.98463050423,
    -47.71434892354));
#2377 = CARTESIAN_POINT('',(-1.721304973477,147.99251218678,
    -47.86162525154));
#2378 = CARTESIAN_POINT('',(-1.126677814671,147.99783280251,
    -47.95989845797));
#2379 = CARTESIAN_POINT('',(-0.520782734991,148.00034043364,
    -48.00629842741));
#2380 = CARTESIAN_POINT('',(0.676334492837,147.99961956387,
    -47.99296151152));
#2381 = CARTESIAN_POINT('',(1.257829631769,147.99660721332,
    -47.93721421442));
#2382 = CARTESIAN_POINT('',(1.827297856909,147.99102831942,
    -47.83384917684));
#2383 = CARTESIAN_POINT('',(2.378709541636,147.98313976541,
    -47.68570796426));
#2384 = CARTESIAN_POINT('',(2.906537005528,147.97333343285,
    -47.4968291338));
#2385 = CARTESIAN_POINT('',(3.405949192509,147.96209426546,
    -47.27239935042));
#2386 = CARTESIAN_POINT('',(3.872978366607,147.94994607761,
    -47.01871269599));
#2387 = CARTESIAN_POINT('',(5.279637521201,147.90901533019,
    -46.12073499033));
#2388 = CARTESIAN_POINT('',(6.091601159841,147.87803880737,
    -45.37563310472));
#2389 = CARTESIAN_POINT('',(6.746582273358,147.84857862954,
    -44.55294602618));
#2390 = CARTESIAN_POINT('',(7.25565044606,147.82333933504,
    -43.68116674503));
#2391 = CARTESIAN_POINT('',(7.629308169038,147.80369057087,
    -42.77962624378));
#2392 = CARTESIAN_POINT('',(7.875944793856,147.79034148813,
    -41.86056888799));
#2393 = CARTESIAN_POINT('',(8.,147.78362561528,-40.93187647794));
#2394 = CARTESIAN_POINT('',(8.,147.78362561528,-40.));
#2395 = PCURVE('',#621,#2396);
#2396 = DEFINITIONAL_REPRESENTATION('',(#2397),#2477);
#2397 = B_SPLINE_CURVE_WITH_KNOTS('',8,(#2398,#2399,#2400,#2401,#2402,
    #2403,#2404,#2405,#2406,#2407,#2408,#2409,#2410,#2411,#2412,#2413,
    #2414,#2415,#2416,#2417,#2418,#2419,#2420,#2421,#2422,#2423,#2424,
    #2425,#2426,#2427,#2428,#2429,#2430,#2431,#2432,#2433,#2434,#2435,
    #2436,#2437,#2438,#2439,#2440,#2441,#2442,#2443,#2444,#2445,#2446,
    #2447,#2448,#2449,#2450,#2451,#2452,#2453,#2454,#2455,#2456,#2457,
    #2458,#2459,#2460,#2461,#2462,#2463,#2464,#2465,#2466,#2467,#2468,
    #2469,#2470,#2471,#2472,#2473,#2474,#2475,#2476),.UNSPECIFIED.,.F.,
  .F.,(9,7,7,7,7,7,7,7,7,7,7,9),(0.,0.129916234453,0.200177156552,
    0.250518831258,0.32689566674,0.429990478649,0.499434651172,
    0.596390352076,0.67200904642,0.751284971556,0.827611505396,1.),
  .UNSPECIFIED.);
#2398 = CARTESIAN_POINT('',(0.,15.216374384711));
#2399 = CARTESIAN_POINT('',(8.816325315193E-02,15.216374384711));
#2400 = CARTESIAN_POINT('',(0.176215544154,15.212527447528));
#2401 = CARTESIAN_POINT('',(0.264769910219,15.204850224311));
#2402 = CARTESIAN_POINT('',(0.354393651959,15.193466284811));
#2403 = CARTESIAN_POINT('',(0.445646837559,15.178616133289));
#2404 = CARTESIAN_POINT('',(0.539104360456,15.160721225765));
#2405 = CARTESIAN_POINT('',(0.635391928896,15.140480394641));
#2406 = CARTESIAN_POINT('',(0.789280169751,15.107347729987));
#2407 = CARTESIAN_POINT('',(0.844479860379,15.095319601945));
#2408 = CARTESIAN_POINT('',(0.900896133154,15.083082157826));
#2409 = CARTESIAN_POINT('',(0.958570917842,15.070862658874));
#2410 = CARTESIAN_POINT('',(1.017557986226,15.058926666097));
#2411 = CARTESIAN_POINT('',(1.077925064847,15.047573960354));
#2412 = CARTESIAN_POINT('',(1.139757452707,15.037129888837));
#2413 = CARTESIAN_POINT('',(1.248593072636,15.021341985512));
#2414 = CARTESIAN_POINT('',(1.294844687893,15.015389625792));
#2415 = CARTESIAN_POINT('',(1.341765248783,15.010227737119));
#2416 = CARTESIAN_POINT('',(1.389218080201,15.005993339723));
#2417 = CARTESIAN_POINT('',(1.437078241078,15.002797422841));
#2418 = CARTESIAN_POINT('',(1.485228135221,15.000717596162));
#2419 = CARTESIAN_POINT('',(1.533553064769,14.999793765565));
#2420 = CARTESIAN_POINT('',(1.655342924549,15.00038043613));
#2421 = CARTESIAN_POINT('',(1.728102891551,15.003392786603));
#2422 = CARTESIAN_POINT('',(1.800028820975,15.008971680623));
#2423 = CARTESIAN_POINT('',(1.870920772922,15.016860234676));
#2424 = CARTESIAN_POINT('',(1.940555210884,15.026666567107));
#2425 = CARTESIAN_POINT('',(2.008669013626,15.03790573442));
#2426 = CARTESIAN_POINT('',(2.074938961944,15.050053922488));
#2427 = CARTESIAN_POINT('',(2.225368982978,15.079569913759));
#2428 = CARTESIAN_POINT('',(2.308605774439,15.097458174277));
#2429 = CARTESIAN_POINT('',(2.389120440993,15.115397174204));
#2430 = CARTESIAN_POINT('',(2.46728022234,15.132683193852));
#2431 = CARTESIAN_POINT('',(2.543418420577,15.148791564259));
#2432 = CARTESIAN_POINT('',(2.617849902827,15.163343908531));
#2433 = CARTESIAN_POINT('',(2.690877773383,15.176067146012));
#2434 = CARTESIAN_POINT('',(2.81127838561,15.193977803298));
#2435 = CARTESIAN_POINT('',(2.859253814816,15.200270541351));
#2436 = CARTESIAN_POINT('',(2.906831698086,15.205586894083));
#2437 = CARTESIAN_POINT('',(2.954094646765,15.209881538273));
#2438 = CARTESIAN_POINT('',(3.001122862294,15.213122611909));
#2439 = CARTESIAN_POINT('',(3.047995454204,15.215290127385));
#2440 = CARTESIAN_POINT('',(3.094791758088,15.216374384711));
#2441 = CARTESIAN_POINT('',(3.206934545667,15.216374384711));
#2442 = CARTESIAN_POINT('',(3.272251549279,15.214261208265));
#2443 = CARTESIAN_POINT('',(3.337773797159,15.21003782936));
#2444 = CARTESIAN_POINT('',(3.403723909695,15.203742239615));
#2445 = CARTESIAN_POINT('',(3.470322237287,15.195450195655));
#2446 = CARTESIAN_POINT('',(3.53779373751,15.185284125981));
#2447 = CARTESIAN_POINT('',(3.606376487086,15.173428197354));
#2448 = CARTESIAN_POINT('',(3.730892123149,15.149793113251));
#2449 = CARTESIAN_POINT('',(3.786327201008,15.138563605604));
#2450 = CARTESIAN_POINT('',(3.842754832089,15.126587445899));
#2451 = CARTESIAN_POINT('',(3.900294937432,15.114023563074));
#2452 = CARTESIAN_POINT('',(3.95907186919,15.101071952022));
#2453 = CARTESIAN_POINT('',(4.01921837331,15.087979679348));
#2454 = CARTESIAN_POINT('',(4.080881234984,15.075044329699));
#2455 = CARTESIAN_POINT('',(4.210639717954,15.049584316968));
#2456 = CARTESIAN_POINT('',(4.279534560024,15.036985636879));
#2457 = CARTESIAN_POINT('',(4.350427575789,15.025384235449));
#2458 = CARTESIAN_POINT('',(4.422938133567,15.01536949577));
#2459 = CARTESIAN_POINT('',(4.496756690502,15.007487813218));
#2460 = CARTESIAN_POINT('',(4.571619097905,15.002167197486));
#2461 = CARTESIAN_POINT('',(4.647286637808,14.999659566359));
#2462 = CARTESIAN_POINT('',(4.796935577544,15.000380436127));
#2463 = CARTESIAN_POINT('',(4.869695546153,15.003392786677));
#2464 = CARTESIAN_POINT('',(4.941621474596,15.008971680577));
#2465 = CARTESIAN_POINT('',(5.012513425578,15.016860234584));
#2466 = CARTESIAN_POINT('',(5.082147864425,15.026666567149));
#2467 = CARTESIAN_POINT('',(5.150261668185,15.03790573454));
#2468 = CARTESIAN_POINT('',(5.216531615024,15.050053922388));
#2469 = CARTESIAN_POINT('',(5.425137625883,15.09098466981));
#2470 = CARTESIAN_POINT('',(5.560803845083,15.121961192627));
#2471 = CARTESIAN_POINT('',(5.689749321975,15.151421370459));
#2472 = CARTESIAN_POINT('',(5.813468306447,15.176660664956));
#2473 = CARTESIAN_POINT('',(5.933326176616,15.196309429121));
#2474 = CARTESIAN_POINT('',(6.050613646181,15.209658511864));
#2475 = CARTESIAN_POINT('',(6.166700747437,15.216374384711));
#2476 = CARTESIAN_POINT('',(6.28318530718,15.216374384711));
#2477 = ( GEOMETRIC_REPRESENTATION_CONTEXT(2) 
PARAMETRIC_REPRESENTATION_CONTEXT() REPRESENTATION_CONTEXT('2D SPACE',''
  ) );
#2478 = PCURVE('',#1936,#2479);
#2479 = DEFINITIONAL_REPRESENTATION('',(#2480),#2560);
#2480 = B_SPLINE_CURVE_WITH_KNOTS('',8,(#2481,#2482,#2483,#2484,#2485,
    #2486,#2487,#2488,#2489,#2490,#2491,#2492,#2493,#2494,#2495,#2496,
    #2497,#2498,#2499,#2500,#2501,#2502,#2503,#2504,#2505,#2506,#2507,
    #2508,#2509,#2510,#2511,#2512,#2513,#2514,#2515,#2516,#2517,#2518,
    #2519,#2520,#2521,#2522,#2523,#2524,#2525,#2526,#2527,#2528,#2529,
    #2530,#2531,#2532,#2533,#2534,#2535,#2536,#2537,#2538,#2539,#2540,
    #2541,#2542,#2543,#2544,#2545,#2546,#2547,#2548,#2549,#2550,#2551,
    #2552,#2553,#2554,#2555,#2556,#2557,#2558,#2559),.UNSPECIFIED.,.F.,
  .F.,(9,7,7,7,7,7,7,7,7,7,7,9),(0.,0.129916234453,0.200177156552,
    0.250518831258,0.32689566674,0.429990478649,0.499434651172,
    0.596390352076,0.67200904642,0.751284971556,0.827611505396,1.),
  .UNSPECIFIED.);
#2481 = CARTESIAN_POINT('',(1.516715915181,42.));
#2482 = CARTESIAN_POINT('',(1.516715915181,42.705306025215));
#2483 = CARTESIAN_POINT('',(1.517196790028,43.409725484205));
#2484 = CARTESIAN_POINT('',(1.518156414094,44.109802394575));
#2485 = CARTESIAN_POINT('',(1.519603366396,44.801824963431));
#2486 = CARTESIAN_POINT('',(1.521554798317,45.481068939176));
#2487 = CARTESIAN_POINT('',(1.524034774416,46.141232616186));
#2488 = CARTESIAN_POINT('',(1.527072053576,46.773701150063));
#2489 = CARTESIAN_POINT('',(1.532656320175,47.68675345298));
#2490 = CARTESIAN_POINT('',(1.534792992936,47.99637215037));
#2491 = CARTESIAN_POINT('',(1.537108945308,48.292518128088));
#2492 = CARTESIAN_POINT('',(1.539605503103,48.572387058993));
#2493 = CARTESIAN_POINT('',(1.54228253977,48.832974249111));
#2494 = CARTESIAN_POINT('',(1.545138236501,49.0710521034));
#2495 = CARTESIAN_POINT('',(1.548168731349,49.283136902198));
#2496 = CARTESIAN_POINT('',(1.553659675243,49.59606784431));
#2497 = CARTESIAN_POINT('',(1.556038864367,49.711444643007));
#2498 = CARTESIAN_POINT('',(1.558493215526,49.809609849125));
#2499 = CARTESIAN_POINT('',(1.561009448267,49.888964721327));
#2500 = CARTESIAN_POINT('',(1.56357328413,49.948283562014));
#2501 = CARTESIAN_POINT('',(1.566169723622,49.98672034034));
#2502 = CARTESIAN_POINT('',(1.568783326893,50.003815588478));
#2503 = CARTESIAN_POINT('',(1.575366155237,49.99296151147));
#2504 = CARTESIAN_POINT('',(1.579295187978,49.937214215961));
#2505 = CARTESIAN_POINT('',(1.583143063222,49.833849175841));
#2506 = CARTESIAN_POINT('',(1.586869127459,49.685707962312));
#2507 = CARTESIAN_POINT('',(1.590436087002,49.496829134747));
#2508 = CARTESIAN_POINT('',(1.593811312464,49.272399352993));
#2509 = CARTESIAN_POINT('',(1.596967967507,49.018712693798));
#2510 = CARTESIAN_POINT('',(1.603824722588,48.371162776161));
#2511 = CARTESIAN_POINT('',(1.607370941525,47.955313301246));
#2512 = CARTESIAN_POINT('',(1.610532320468,47.505264391866));
#2513 = CARTESIAN_POINT('',(1.613321417112,47.028630046722));
#2514 = CARTESIAN_POINT('',(1.615752896546,46.531405754072));
#2515 = CARTESIAN_POINT('',(1.617841457094,46.018302001553));
#2516 = CARTESIAN_POINT('',(1.619600311406,45.492986202353));
#2517 = CARTESIAN_POINT('',(1.622009940899,44.598054384561));
#2518 = CARTESIAN_POINT('',(1.622835189735,44.23351694691));
#2519 = CARTESIAN_POINT('',(1.623518803074,43.865559476987));
#2520 = CARTESIAN_POINT('',(1.624063206422,43.494985741778));
#2521 = CARTESIAN_POINT('',(1.6244702616,43.122508788945));
#2522 = CARTESIAN_POINT('',(1.624741230428,42.74877817009));
#2523 = CARTESIAN_POINT('',(1.624876738409,42.374407164018));
#2524 = CARTESIAN_POINT('',(1.624876738409,41.477264863386));
#2525 = CARTESIAN_POINT('',(1.624612597007,40.954730558958));
#2526 = CARTESIAN_POINT('',(1.624084659947,40.433949129589));
#2527 = CARTESIAN_POINT('',(1.623290502787,39.916542471523));
#2528 = CARTESIAN_POINT('',(1.622225181918,39.404326096317));
#2529 = CARTESIAN_POINT('',(1.620881521939,38.899453958688));
#2530 = CARTESIAN_POINT('',(1.619250439398,38.404584350269));
#2531 = CARTESIAN_POINT('',(1.615816710795,37.547516750977));
#2532 = CARTESIAN_POINT('',(1.614129722755,37.179816077213));
#2533 = CARTESIAN_POINT('',(1.612255057792,36.821633061096));
#2534 = CARTESIAN_POINT('',(1.610187230838,36.474955504902));
#2535 = CARTESIAN_POINT('',(1.607920825369,36.142129102605));
#2536 = CARTESIAN_POINT('',(1.605450881593,35.825912721383));
#2537 = CARTESIAN_POINT('',(1.602773400231,35.529550652084));
#2538 = CARTESIAN_POINT('',(1.596858875117,34.97098465321));
#2539 = CARTESIAN_POINT('',(1.593572216916,34.708404520156));
#2540 = CARTESIAN_POINT('',(1.5900492984,34.477582636263));
#2541 = CARTESIAN_POINT('',(1.586321449288,34.285651076459));
#2542 = CARTESIAN_POINT('',(1.582426839632,34.13837474846));
#2543 = CARTESIAN_POINT('',(1.578409004562,34.04010154203));
#2544 = CARTESIAN_POINT('',(1.574315129769,33.993701572588));
#2545 = CARTESIAN_POINT('',(1.566226498385,34.007038488477));
#2546 = CARTESIAN_POINT('',(1.562297465559,34.06278578558));
#2547 = CARTESIAN_POINT('',(1.558449590364,34.166150823155));
#2548 = CARTESIAN_POINT('',(1.554723526178,34.314292035737));
#2549 = CARTESIAN_POINT('',(1.551156566592,34.503170866197));
#2550 = CARTESIAN_POINT('',(1.547781341078,34.727600649579));
#2551 = CARTESIAN_POINT('',(1.544624686106,34.981287304009));
#2552 = CARTESIAN_POINT('',(1.535116209573,35.879265009666));
#2553 = CARTESIAN_POINT('',(1.529626202461,36.624366895277));
#2554 = CARTESIAN_POINT('',(1.525196299392,37.44705397382));
#2555 = CARTESIAN_POINT('',(1.521752453293,38.318833254962));
#2556 = CARTESIAN_POINT('',(1.519224257267,39.220373756219));
#2557 = CARTESIAN_POINT('',(1.517555353195,40.139431112008));
#2558 = CARTESIAN_POINT('',(1.516715915181,41.068123522055));
#2559 = CARTESIAN_POINT('',(1.516715915181,42.));
#2560 = ( GEOMETRIC_REPRESENTATION_CONTEXT(2) 
PARAMETRIC_REPRESENTATION_CONTEXT() REPRESENTATION_CONTEXT('2D SPACE',''
  ) );
#2561 = ORIENTED_EDGE('',*,*,#2288,.F.);
#2562 = ORIENTED_EDGE('',*,*,#2563,.F.);
#2563 = EDGE_CURVE('',#2564,#2289,#2566,.T.);
#2564 = VERTEX_POINT('',#2565);
#2565 = CARTESIAN_POINT('',(8.,159.,-40.));
#2566 = SURFACE_CURVE('',#2567,(#2620,#2676),.PCURVE_S1.);
#2567 = B_SPLINE_CURVE_WITH_KNOTS('',6,(#2568,#2569,#2570,#2571,#2572,
    #2573,#2574,#2575,#2576,#2577,#2578,#2579,#2580,#2581,#2582,#2583,
    #2584,#2585,#2586,#2587,#2588,#2589,#2590,#2591,#2592,#2593,#2594,
    #2595,#2596,#2597,#2598,#2599,#2600,#2601,#2602,#2603,#2604,#2605,
    #2606,#2607,#2608,#2609,#2610,#2611,#2612,#2613,#2614,#2615,#2616,
    #2617,#2618,#2619),.UNSPECIFIED.,.F.,.F.,(7,5,5,5,5,5,5,5,5,5,7),(0.
    ,0.106316963902,0.157817452368,0.295574656311,0.399180875382,
    0.499902762426,0.600335207109,0.703346567241,0.843995489365,
    0.933527957909,1.),.UNSPECIFIED.);
#2568 = CARTESIAN_POINT('',(8.,159.,-40.));
#2569 = CARTESIAN_POINT('',(8.,159.,-39.64936499188));
#2570 = CARTESIAN_POINT('',(7.981557809444,158.97049287062,
    -39.30184122098));
#2571 = CARTESIAN_POINT('',(7.945290126718,158.91246272917,
    -38.96256894765));
#2572 = CARTESIAN_POINT('',(7.893274913175,158.82844744266,
    -38.63653036373));
#2573 = CARTESIAN_POINT('',(7.828965794752,158.72253508509,
    -38.32830839062));
#2574 = CARTESIAN_POINT('',(7.721640777805,158.54158523921,
    -37.90315982815));
#2575 = CARTESIAN_POINT('',(7.684562257707,158.47848142908,
    -37.76882781567));
#2576 = CARTESIAN_POINT('',(7.645736950382,158.41167899819,
    -37.63888478363));
#2577 = CARTESIAN_POINT('',(7.605455465955,158.3415025835,
    -37.51329809494));
#2578 = CARTESIAN_POINT('',(7.563989451977,158.26824621333,
    -37.39202045986));
#2579 = CARTESIAN_POINT('',(7.408178503086,157.98869051063,
    -36.96194999582));
#2580 = CARTESIAN_POINT('',(7.287951269199,157.76480965206,
    -36.67891609288));
#2581 = CARTESIAN_POINT('',(7.165433258063,157.52501636378,
    -36.42413722285));
#2582 = CARTESIAN_POINT('',(7.044095331637,157.27204004691,
    -36.19568179517));
#2583 = CARTESIAN_POINT('',(6.92675565057,157.00730524614,
    -35.99192260574));
#2584 = CARTESIAN_POINT('',(6.732985902808,156.52374067535,
    -35.67655871795));
#2585 = CARTESIAN_POINT('',(6.653633697447,156.30982195282,-35.554644539
    ));
#2586 = CARTESIAN_POINT('',(6.579469620318,156.09026568745,
    -35.44610805673));
#2587 = CARTESIAN_POINT('',(6.511791024798,155.86564342845,
    -35.35091568597));
#2588 = CARTESIAN_POINT('',(6.451815349794,155.63640616844,
    -35.26910608954));
#2589 = CARTESIAN_POINT('',(6.350881290711,155.17590275765,
    -35.13449018966));
#2590 = CARTESIAN_POINT('',(6.309426584908,154.94480925392,
    -35.08092199391));
#2591 = CARTESIAN_POINT('',(6.277456771331,154.71072887844,
    -35.04054094817));
#2592 = CARTESIAN_POINT('',(6.255830942561,154.47463892887,
    -35.01353035607));
#2593 = CARTESIAN_POINT('',(6.244997998398,154.23743808373,-35.));
#2594 = CARTESIAN_POINT('',(6.244997998398,153.76324423707,-35.));
#2595 = CARTESIAN_POINT('',(6.255768772423,153.52672260202,
    -35.01345270531));
#2596 = CARTESIAN_POINT('',(6.277270897085,153.29130237957,
    -35.04030879235));
#2597 = CARTESIAN_POINT('',(6.309060463704,153.05787548753,
    -35.08045954922));
#2598 = CARTESIAN_POINT('',(6.350287712939,152.82741142975,
    -35.13372326493));
#2599 = CARTESIAN_POINT('',(6.450543168116,152.36878696725,
    -35.26738444269));
#2600 = CARTESIAN_POINT('',(6.510015094804,152.14077400413,
    -35.34846196506));
#2601 = CARTESIAN_POINT('',(6.577122438561,151.91731382556,
    -35.44277278561));
#2602 = CARTESIAN_POINT('',(6.65066920844,151.69885168625,
    -35.55027655634));
#2603 = CARTESIAN_POINT('',(6.729380060877,151.48595027875,
    -35.67100270223));
#2604 = CARTESIAN_POINT('',(6.924604302233,150.99715927386,
    -35.98801304987));
#2605 = CARTESIAN_POINT('',(7.044398826452,150.72673684857,
    -36.19574916832));
#2606 = CARTESIAN_POINT('',(7.168376705439,150.46854651048,
    -36.42921037935));
#2607 = CARTESIAN_POINT('',(7.293548576998,150.22409992547,
    -36.69013864861));
#2608 = CARTESIAN_POINT('',(7.416206235118,149.99633205601,
    -36.98060236778));
#2609 = CARTESIAN_POINT('',(7.60486511492,149.65882241515,
    -37.50733331657));
#2610 = CARTESIAN_POINT('',(7.675468684334,149.53589007734,
    -37.72552587181));
#2611 = CARTESIAN_POINT('',(7.74178409456,149.42305525603,
    -37.95702110826));
#2612 = CARTESIAN_POINT('',(7.802181545955,149.32216114169,
    -38.2016654227));
#2613 = CARTESIAN_POINT('',(7.854953853143,149.23518708064,
    -38.45911819814));
#2614 = CARTESIAN_POINT('',(7.930584156923,149.11165702531,
    -38.92903575222));
#2615 = CARTESIAN_POINT('',(7.957643075874,149.06789039212,
    -39.13598820186));
#2616 = CARTESIAN_POINT('',(7.97862046586,149.0342072796,-39.34815841261
    ));
#2617 = CARTESIAN_POINT('',(7.992857771292,149.01142755933,
    -39.56396706656));
#2618 = CARTESIAN_POINT('',(8.,149.,-39.78179203559));
#2619 = CARTESIAN_POINT('',(8.,149.,-40.));
#2620 = PCURVE('',#621,#2621);
#2621 = DEFINITIONAL_REPRESENTATION('',(#2622),#2675);
#2622 = B_SPLINE_CURVE_WITH_KNOTS('',6,(#2623,#2624,#2625,#2626,#2627,
    #2628,#2629,#2630,#2631,#2632,#2633,#2634,#2635,#2636,#2637,#2638,
    #2639,#2640,#2641,#2642,#2643,#2644,#2645,#2646,#2647,#2648,#2649,
    #2650,#2651,#2652,#2653,#2654,#2655,#2656,#2657,#2658,#2659,#2660,
    #2661,#2662,#2663,#2664,#2665,#2666,#2667,#2668,#2669,#2670,#2671,
    #2672,#2673,#2674),.UNSPECIFIED.,.F.,.F.,(7,5,5,5,5,5,5,5,5,5,7),(0.
    ,0.106316963902,0.157817452368,0.295574656311,0.399180875382,
    0.499902762426,0.600335207109,0.703346567241,0.843995489365,
    0.933527957909,1.),.UNSPECIFIED.);
#2623 = CARTESIAN_POINT('',(0.,4.));
#2624 = CARTESIAN_POINT('',(4.382937601488E-02,4.));
#2625 = CARTESIAN_POINT('',(8.72699174366E-02,4.029507129372));
#2626 = CARTESIAN_POINT('',(0.129830167251,4.087537270827));
#2627 = CARTESIAN_POINT('',(0.171027095704,4.171552557338));
#2628 = CARTESIAN_POINT('',(0.210350563416,4.277464914905));
#2629 = CARTESIAN_POINT('',(0.265161311598,4.458414760788));
#2630 = CARTESIAN_POINT('',(0.282576497014,4.521518570916));
#2631 = CARTESIAN_POINT('',(0.29952348743,4.588321001809));
#2632 = CARTESIAN_POINT('',(0.316004942943,4.658497416498));
#2633 = CARTESIAN_POINT('',(0.332023629314,4.731753786666));
#2634 = CARTESIAN_POINT('',(0.389201757758,5.011309489365));
#2635 = CARTESIAN_POINT('',(0.427584372662,5.235190347939));
#2636 = CARTESIAN_POINT('',(0.46287344764,5.474983636214));
#2637 = CARTESIAN_POINT('',(0.495177744422,5.72795995309));
#2638 = CARTESIAN_POINT('',(0.524557181436,5.992694753856));
#2639 = CARTESIAN_POINT('',(0.570824255459,6.476259324645));
#2640 = CARTESIAN_POINT('',(0.589001121113,6.690178047178));
#2641 = CARTESIAN_POINT('',(0.605427826858,6.909734312548));
#2642 = CARTESIAN_POINT('',(0.620025195981,7.134356571541));
#2643 = CARTESIAN_POINT('',(0.63270434851,7.363593831552));
#2644 = CARTESIAN_POINT('',(0.653735993114,7.824097242341));
#2645 = CARTESIAN_POINT('',(0.662201890156,8.055190746078));
#2646 = CARTESIAN_POINT('',(0.668639756919,8.289271121551));
#2647 = CARTESIAN_POINT('',(0.672964949875,8.525361071123));
#2648 = CARTESIAN_POINT('',(0.675131532937,8.762561916269));
#2649 = CARTESIAN_POINT('',(0.675131532937,9.236755762921));
#2650 = CARTESIAN_POINT('',(0.672977383784,9.473277397978));
#2651 = CARTESIAN_POINT('',(0.668676932214,9.70869762043));
#2652 = CARTESIAN_POINT('',(0.662275616686,9.942124512469));
#2653 = CARTESIAN_POINT('',(0.65385720384,10.172588570242));
#2654 = CARTESIAN_POINT('',(0.632971926904,10.63121303275));
#2655 = CARTESIAN_POINT('',(0.620403787277,10.859225995863));
#2656 = CARTESIAN_POINT('',(0.605937536972,11.082686174433));
#2657 = CARTESIAN_POINT('',(0.589660804569,11.301148313743));
#2658 = CARTESIAN_POINT('',(0.571651956733,11.514049721246));
#2659 = CARTESIAN_POINT('',(0.525114326643,12.002840726139));
#2660 = CARTESIAN_POINT('',(0.495151554273,12.273263151426));
#2661 = CARTESIAN_POINT('',(0.462141759592,12.531453489513));
#2662 = CARTESIAN_POINT('',(0.426019665894,12.775900074527));
#2663 = CARTESIAN_POINT('',(0.386668109932,13.003667943985));
#2664 = CARTESIAN_POINT('',(0.316730898657,13.34117758485));
#2665 = CARTESIAN_POINT('',(0.288078207355,13.464109922651));
#2666 = CARTESIAN_POINT('',(0.258004701254,13.576944743966));
#2667 = CARTESIAN_POINT('',(0.226541300973,13.677838858304));
#2668 = CARTESIAN_POINT('',(0.193720427357,13.764812919355));
#2669 = CARTESIAN_POINT('',(0.134224832656,13.888342974685));
#2670 = CARTESIAN_POINT('',(0.108146987701,13.932109607875));
#2671 = CARTESIAN_POINT('',(8.151670609619E-02,13.965792720395));
#2672 = CARTESIAN_POINT('',(5.450412166629E-02,13.988572440664));
#2673 = CARTESIAN_POINT('',(2.727599555024E-02,14.));
#2674 = CARTESIAN_POINT('',(0.,14.));
#2675 = ( GEOMETRIC_REPRESENTATION_CONTEXT(2) 
PARAMETRIC_REPRESENTATION_CONTEXT() REPRESENTATION_CONTEXT('2D SPACE',''
  ) );
#2676 = PCURVE('',#2677,#2682);
#2677 = CYLINDRICAL_SURFACE('',#2678,5.);
#2678 = AXIS2_PLACEMENT_3D('',#2679,#2680,#2681);
#2679 = CARTESIAN_POINT('',(-8.,154.,-40.));
#2680 = DIRECTION('',(1.,4.930380657631E-32,2.22044604925E-16));
#2681 = DIRECTION('',(0.,1.,-2.22044604925E-16));
#2682 = DEFINITIONAL_REPRESENTATION('',(#2683),#2736);
#2683 = B_SPLINE_CURVE_WITH_KNOTS('',6,(#2684,#2685,#2686,#2687,#2688,
    #2689,#2690,#2691,#2692,#2693,#2694,#2695,#2696,#2697,#2698,#2699,
    #2700,#2701,#2702,#2703,#2704,#2705,#2706,#2707,#2708,#2709,#2710,
    #2711,#2712,#2713,#2714,#2715,#2716,#2717,#2718,#2719,#2720,#2721,
    #2722,#2723,#2724,#2725,#2726,#2727,#2728,#2729,#2730,#2731,#2732,
    #2733,#2734,#2735),.UNSPECIFIED.,.F.,.F.,(7,5,5,5,5,5,5,5,5,5,7),(0.
    ,0.106316963902,0.157817452368,0.295574656311,0.399180875382,
    0.499902762426,0.600335207109,0.703346567241,0.843995489365,
    0.933527957909,1.),.UNSPECIFIED.);
#2684 = CARTESIAN_POINT('',(0.,16.));
#2685 = CARTESIAN_POINT('',(7.012700162381E-02,16.));
#2686 = CARTESIAN_POINT('',(0.139631723558,15.981557809444));
#2687 = CARTESIAN_POINT('',(0.208107142943,15.945290126718));
#2688 = CARTESIAN_POINT('',(0.275121332678,15.893274913175));
#2689 = CARTESIAN_POINT('',(0.340137454405,15.828965794752));
#2690 = CARTESIAN_POINT('',(0.432548308075,15.721640777805));
#2691 = CARTESIAN_POINT('',(0.462211363649,15.684562257707));
#2692 = CARTESIAN_POINT('',(0.491405755103,15.645736950382));
#2693 = CARTESIAN_POINT('',(0.520153446199,15.605455465955));
#2694 = CARTESIAN_POINT('',(0.548475087213,15.563989451977));
#2695 = CARTESIAN_POINT('',(0.651063974516,15.408178503086));
#2696 = CARTESIAN_POINT('',(0.722928357958,15.287951269199));
#2697 = CARTESIAN_POINT('',(0.792537524082,15.165433258063));
#2698 = CARTESIAN_POINT('',(0.86039045683,15.044095331637));
#2699 = CARTESIAN_POINT('',(0.927000949896,14.92675565057));
#2700 = CARTESIAN_POINT('',(1.042463337857,14.732985902808));
#2701 = CARTESIAN_POINT('',(1.091619043146,14.653633697447));
#2702 = CARTESIAN_POINT('',(1.140476699045,14.579469620318));
#2703 = CARTESIAN_POINT('',(1.189145652795,14.511791024798));
#2704 = CARTESIAN_POINT('',(1.237742283286,14.451815349794));
#2705 = CARTESIAN_POINT('',(1.333697446117,14.350881290711));
#2706 = CARTESIAN_POINT('',(1.38106557986,14.309426584908));
#2707 = CARTESIAN_POINT('',(1.428457698991,14.277456771331));
#2708 = CARTESIAN_POINT('',(1.475868565738,14.255830942561));
#2709 = CARTESIAN_POINT('',(1.523308710049,14.244997998398));
#2710 = CARTESIAN_POINT('',(1.618147479379,14.244997998398));
#2711 = CARTESIAN_POINT('',(1.665451782111,14.255768772423));
#2712 = CARTESIAN_POINT('',(1.712727044328,14.277270897085));
#2713 = CARTESIAN_POINT('',(1.759983537268,14.309060463704));
#2714 = CARTESIAN_POINT('',(1.807215943289,14.350287712939));
#2715 = CARTESIAN_POINT('',(1.902756868143,14.450543168116));
#2716 = CARTESIAN_POINT('',(1.95107512159,14.510015094804));
#2717 = CARTESIAN_POINT('',(1.999463435469,14.577122438561));
#2718 = CARTESIAN_POINT('',(2.048035671282,14.65066920844));
#2719 = CARTESIAN_POINT('',(2.096898690504,14.729380060877));
#2720 = CARTESIAN_POINT('',(2.213416879123,14.924604302233));
#2721 = CARTESIAN_POINT('',(2.281401162736,15.044398826452));
#2722 = CARTESIAN_POINT('',(2.350679003546,15.168376705439));
#2723 = CARTESIAN_POINT('',(2.421797693173,15.293548576998));
#2724 = CARTESIAN_POINT('',(2.495287397598,15.416206235118));
#2725 = CARTESIAN_POINT('',(2.620404662608,15.60486511492));
#2726 = CARTESIAN_POINT('',(2.670411784474,15.675468684334));
#2727 = CARTESIAN_POINT('',(2.721777866103,15.74178409456));
#2728 = CARTESIAN_POINT('',(2.774540640914,15.802181545955));
#2729 = CARTESIAN_POINT('',(2.828762017642,15.854953853143));
#2730 = CARTESIAN_POINT('',(2.92593859552,15.930584156923));
#2731 = CARTESIAN_POINT('',(2.968194489143,15.957643075874));
#2732 = CARTESIAN_POINT('',(3.011074712665,15.97862046586));
#2733 = CARTESIAN_POINT('',(3.054386068744,15.992857771292));
#2734 = CARTESIAN_POINT('',(3.097951060709,16.));
#2735 = CARTESIAN_POINT('',(3.14159265359,16.));
#2736 = ( GEOMETRIC_REPRESENTATION_CONTEXT(2) 
PARAMETRIC_REPRESENTATION_CONTEXT() REPRESENTATION_CONTEXT('2D SPACE',''
  ) );
#2737 = ORIENTED_EDGE('',*,*,#2738,.F.);
#2738 = EDGE_CURVE('',#454,#2564,#2739,.T.);
#2739 = SEAM_CURVE('',#2740,(#2744,#2751),.PCURVE_S1.);
#2740 = LINE('',#2741,#2742);
#2741 = CARTESIAN_POINT('',(8.,163.,-40.));
#2742 = VECTOR('',#2743,1.);
#2743 = DIRECTION('',(0.,-1.,2.22044604925E-16));
#2744 = PCURVE('',#621,#2745);
#2745 = DEFINITIONAL_REPRESENTATION('',(#2746),#2750);
#2746 = LINE('',#2747,#2748);
#2747 = CARTESIAN_POINT('',(6.28318530718,-0.));
#2748 = VECTOR('',#2749,1.);
#2749 = DIRECTION('',(0.,1.));
#2750 = ( GEOMETRIC_REPRESENTATION_CONTEXT(2) 
PARAMETRIC_REPRESENTATION_CONTEXT() REPRESENTATION_CONTEXT('2D SPACE',''
  ) );
#2751 = PCURVE('',#621,#2752);
#2752 = DEFINITIONAL_REPRESENTATION('',(#2753),#2757);
#2753 = LINE('',#2754,#2755);
#2754 = CARTESIAN_POINT('',(0.,-0.));
#2755 = VECTOR('',#2756,1.);
#2756 = DIRECTION('',(0.,1.));
#2757 = ( GEOMETRIC_REPRESENTATION_CONTEXT(2) 
PARAMETRIC_REPRESENTATION_CONTEXT() REPRESENTATION_CONTEXT('2D SPACE',''
  ) );
#2758 = ORIENTED_EDGE('',*,*,#453,.T.);
#2759 = ORIENTED_EDGE('',*,*,#2738,.T.);
#2760 = ORIENTED_EDGE('',*,*,#2761,.F.);
#2761 = EDGE_CURVE('',#2289,#2564,#2762,.T.);
#2762 = SURFACE_CURVE('',#2763,(#2816,#2872),.PCURVE_S1.);
#2763 = B_SPLINE_CURVE_WITH_KNOTS('',6,(#2764,#2765,#2766,#2767,#2768,
    #2769,#2770,#2771,#2772,#2773,#2774,#2775,#2776,#2777,#2778,#2779,
    #2780,#2781,#2782,#2783,#2784,#2785,#2786,#2787,#2788,#2789,#2790,
    #2791,#2792,#2793,#2794,#2795,#2796,#2797,#2798,#2799,#2800,#2801,
    #2802,#2803,#2804,#2805,#2806,#2807,#2808,#2809,#2810,#2811,#2812,
    #2813,#2814,#2815),.UNSPECIFIED.,.F.,.F.,(7,5,5,5,5,5,5,5,5,5,7),(0.
    ,0.10631696392,0.157817452393,0.295574656338,0.399180875412,
    0.499902762458,0.600335207143,0.703346567277,0.843995489405,
    0.933527957933,1.),.UNSPECIFIED.);
#2764 = CARTESIAN_POINT('',(8.,149.,-40.));
#2765 = CARTESIAN_POINT('',(8.,149.,-40.35063500813));
#2766 = CARTESIAN_POINT('',(7.981557809442,149.02950712937,
    -40.69815877901));
#2767 = CARTESIAN_POINT('',(7.94529012672,149.08753727082,
    -41.03743105232));
#2768 = CARTESIAN_POINT('',(7.893274913178,149.17155255733,
    -41.36346963625));
#2769 = CARTESIAN_POINT('',(7.828965794748,149.27746491491,
    -41.67169160938));
#2770 = CARTESIAN_POINT('',(7.721640777809,149.45841476078,
    -42.09684017183));
#2771 = CARTESIAN_POINT('',(7.684562257707,149.52151857091,
    -42.23117218432));
#2772 = CARTESIAN_POINT('',(7.645736950378,149.58832100181,
    -42.36111521637));
#2773 = CARTESIAN_POINT('',(7.605455465954,149.6584974165,
    -42.48670190505));
#2774 = CARTESIAN_POINT('',(7.563989451981,149.73175378665,
    -42.60797954012));
#2775 = CARTESIAN_POINT('',(7.408178503086,150.01130948936,
    -43.03805000417));
#2776 = CARTESIAN_POINT('',(7.287951269199,150.23519034793,
    -43.32108390711));
#2777 = CARTESIAN_POINT('',(7.165433258063,150.47498363621,
    -43.57586277714));
#2778 = CARTESIAN_POINT('',(7.044095331637,150.72795995309,
    -43.80431820482));
#2779 = CARTESIAN_POINT('',(6.92675565057,150.99269475385,
    -44.00807739425));
#2780 = CARTESIAN_POINT('',(6.732985902808,151.47625932464,
    -44.32344128204));
#2781 = CARTESIAN_POINT('',(6.653633697447,151.69017804717,-44.445355461
    ));
#2782 = CARTESIAN_POINT('',(6.579469620318,151.90973431254,
    -44.55389194327));
#2783 = CARTESIAN_POINT('',(6.511791024798,152.13435657154,
    -44.64908431402));
#2784 = CARTESIAN_POINT('',(6.451815349794,152.36359383155,
    -44.73089391045));
#2785 = CARTESIAN_POINT('',(6.350881290711,152.82409724234,
    -44.86550981033));
#2786 = CARTESIAN_POINT('',(6.309426584908,153.05519074607,
    -44.91907800608));
#2787 = CARTESIAN_POINT('',(6.277456771331,153.28927112155,
    -44.95945905182));
#2788 = CARTESIAN_POINT('',(6.255830942561,153.52536107112,
    -44.98646964392));
#2789 = CARTESIAN_POINT('',(6.244997998398,153.76256191626,-45.));
#2790 = CARTESIAN_POINT('',(6.244997998398,154.23675576292,-45.));
#2791 = CARTESIAN_POINT('',(6.255768772423,154.47327739797,
    -44.98654729469));
#2792 = CARTESIAN_POINT('',(6.277270897085,154.70869762043,
    -44.95969120765));
#2793 = CARTESIAN_POINT('',(6.309060463704,154.94212451246,
    -44.91954045078));
#2794 = CARTESIAN_POINT('',(6.350287712939,155.17258857024,
    -44.86627673506));
#2795 = CARTESIAN_POINT('',(6.450543168116,155.63121303275,
    -44.7326155573));
#2796 = CARTESIAN_POINT('',(6.510015094804,155.85922599586,
    -44.65153803494));
#2797 = CARTESIAN_POINT('',(6.577122438561,156.08268617443,
    -44.55722721438));
#2798 = CARTESIAN_POINT('',(6.650669208439,156.30114831374,
    -44.44972344366));
#2799 = CARTESIAN_POINT('',(6.729380060878,156.51404972124,
    -44.32899729776));
#2800 = CARTESIAN_POINT('',(6.924604302233,157.00284072613,
    -44.01198695012));
#2801 = CARTESIAN_POINT('',(7.044398826452,157.27326315142,
    -43.80425083167));
#2802 = CARTESIAN_POINT('',(7.168376705439,157.53145348951,
    -43.57078962064));
#2803 = CARTESIAN_POINT('',(7.293548576998,157.77590007452,
    -43.30986135138));
#2804 = CARTESIAN_POINT('',(7.416206235118,158.00366794398,
    -43.01939763221));
#2805 = CARTESIAN_POINT('',(7.604865114905,158.34117758482,
    -42.49266668346));
#2806 = CARTESIAN_POINT('',(7.675468684343,158.46410992266,
    -42.27447412816));
#2807 = CARTESIAN_POINT('',(7.741784094571,158.57694474398,
    -42.04297889169));
#2808 = CARTESIAN_POINT('',(7.802181545952,158.67783885829,
    -41.79833457729));
#2809 = CARTESIAN_POINT('',(7.854953853134,158.76481291934,
    -41.5408818019));
#2810 = CARTESIAN_POINT('',(7.930584156923,158.88834297468,
    -41.07096424777));
#2811 = CARTESIAN_POINT('',(7.957643075874,158.93210960787,
    -40.86401179813));
#2812 = CARTESIAN_POINT('',(7.97862046586,158.96579272039,
    -40.65184158738));
#2813 = CARTESIAN_POINT('',(7.992857771292,158.98857244066,
    -40.43603293344));
#2814 = CARTESIAN_POINT('',(8.,159.,-40.2182079644));
#2815 = CARTESIAN_POINT('',(8.,159.,-40.));
#2816 = PCURVE('',#621,#2817);
#2817 = DEFINITIONAL_REPRESENTATION('',(#2818),#2871);
#2818 = B_SPLINE_CURVE_WITH_KNOTS('',6,(#2819,#2820,#2821,#2822,#2823,
    #2824,#2825,#2826,#2827,#2828,#2829,#2830,#2831,#2832,#2833,#2834,
    #2835,#2836,#2837,#2838,#2839,#2840,#2841,#2842,#2843,#2844,#2845,
    #2846,#2847,#2848,#2849,#2850,#2851,#2852,#2853,#2854,#2855,#2856,
    #2857,#2858,#2859,#2860,#2861,#2862,#2863,#2864,#2865,#2866,#2867,
    #2868,#2869,#2870),.UNSPECIFIED.,.F.,.F.,(7,5,5,5,5,5,5,5,5,5,7),(0.
    ,0.10631696392,0.157817452393,0.295574656338,0.399180875412,
    0.499902762458,0.600335207143,0.703346567277,0.843995489405,
    0.933527957933,1.),.UNSPECIFIED.);
#2819 = CARTESIAN_POINT('',(6.28318530718,14.));
#2820 = CARTESIAN_POINT('',(6.239355931163,14.));
#2821 = CARTESIAN_POINT('',(6.195915389744,13.970492870626));
#2822 = CARTESIAN_POINT('',(6.153355139931,13.912462729176));
#2823 = CARTESIAN_POINT('',(6.112158211476,13.828447442667));
#2824 = CARTESIAN_POINT('',(6.072834743761,13.722535085089));
#2825 = CARTESIAN_POINT('',(6.018023995584,13.541585239218));
#2826 = CARTESIAN_POINT('',(6.000608810165,13.478481429083));
#2827 = CARTESIAN_POINT('',(5.983661819748,13.411678998184));
#2828 = CARTESIAN_POINT('',(5.967180364237,13.341502583499));
#2829 = CARTESIAN_POINT('',(5.951161677867,13.268246213342));
#2830 = CARTESIAN_POINT('',(5.893983549421,12.988690510635));
#2831 = CARTESIAN_POINT('',(5.855600934517,12.764809652061));
#2832 = CARTESIAN_POINT('',(5.82031185954,12.525016363786));
#2833 = CARTESIAN_POINT('',(5.788007562757,12.27204004691));
#2834 = CARTESIAN_POINT('',(5.758628125743,12.007305246144));
#2835 = CARTESIAN_POINT('',(5.712361051721,11.523740675355));
#2836 = CARTESIAN_POINT('',(5.694184186066,11.309821952822));
#2837 = CARTESIAN_POINT('',(5.677757480322,11.090265687452));
#2838 = CARTESIAN_POINT('',(5.663160111199,10.86564342846));
#2839 = CARTESIAN_POINT('',(5.65048095867,10.636406168448));
#2840 = CARTESIAN_POINT('',(5.629449314066,10.175902757659));
#2841 = CARTESIAN_POINT('',(5.620983417024,9.944809253922));
#2842 = CARTESIAN_POINT('',(5.61454555026,9.710728878448));
#2843 = CARTESIAN_POINT('',(5.610220357304,9.474638928878));
#2844 = CARTESIAN_POINT('',(5.608053774243,9.237438083731));
#2845 = CARTESIAN_POINT('',(5.608053774243,8.763244237079));
#2846 = CARTESIAN_POINT('',(5.610207923396,8.526722602022));
#2847 = CARTESIAN_POINT('',(5.614508374965,8.29130237957));
#2848 = CARTESIAN_POINT('',(5.620909690494,8.057875487532));
#2849 = CARTESIAN_POINT('',(5.629328103339,7.827411429758));
#2850 = CARTESIAN_POINT('',(5.650213380276,7.36878696725));
#2851 = CARTESIAN_POINT('',(5.662781519903,7.140774004137));
#2852 = CARTESIAN_POINT('',(5.677247770208,6.917313825568));
#2853 = CARTESIAN_POINT('',(5.69352450261,6.698851686257));
#2854 = CARTESIAN_POINT('',(5.711533350447,6.485950278754));
#2855 = CARTESIAN_POINT('',(5.758070980537,5.997159273861));
#2856 = CARTESIAN_POINT('',(5.788033752907,5.726736848574));
#2857 = CARTESIAN_POINT('',(5.821043547587,5.468546510487));
#2858 = CARTESIAN_POINT('',(5.857165641286,5.224099925473));
#2859 = CARTESIAN_POINT('',(5.896517197247,4.996332056015));
#2860 = CARTESIAN_POINT('',(5.966454408518,4.658822415176));
#2861 = CARTESIAN_POINT('',(5.995107099826,4.535890077333));
#2862 = CARTESIAN_POINT('',(6.025180605931,4.423055256014));
#2863 = CARTESIAN_POINT('',(6.056644006208,4.322161141701));
#2864 = CARTESIAN_POINT('',(6.089464879816,4.235187080658));
#2865 = CARTESIAN_POINT('',(6.148960474524,4.111657025315));
#2866 = CARTESIAN_POINT('',(6.175038319478,4.067890392125));
#2867 = CARTESIAN_POINT('',(6.201668601083,4.034207279605));
#2868 = CARTESIAN_POINT('',(6.228681185513,4.011427559336));
#2869 = CARTESIAN_POINT('',(6.255909311629,4.));
#2870 = CARTESIAN_POINT('',(6.28318530718,4.));
#2871 = ( GEOMETRIC_REPRESENTATION_CONTEXT(2) 
PARAMETRIC_REPRESENTATION_CONTEXT() REPRESENTATION_CONTEXT('2D SPACE',''
  ) );
#2872 = PCURVE('',#2873,#2878);
#2873 = CYLINDRICAL_SURFACE('',#2874,5.);
#2874 = AXIS2_PLACEMENT_3D('',#2875,#2876,#2877);
#2875 = CARTESIAN_POINT('',(-8.,154.,-40.));
#2876 = DIRECTION('',(1.,4.930380657631E-32,2.22044604925E-16));
#2877 = DIRECTION('',(0.,1.,-2.22044604925E-16));
#2878 = DEFINITIONAL_REPRESENTATION('',(#2879),#2932);
#2879 = B_SPLINE_CURVE_WITH_KNOTS('',6,(#2880,#2881,#2882,#2883,#2884,
    #2885,#2886,#2887,#2888,#2889,#2890,#2891,#2892,#2893,#2894,#2895,
    #2896,#2897,#2898,#2899,#2900,#2901,#2902,#2903,#2904,#2905,#2906,
    #2907,#2908,#2909,#2910,#2911,#2912,#2913,#2914,#2915,#2916,#2917,
    #2918,#2919,#2920,#2921,#2922,#2923,#2924,#2925,#2926,#2927,#2928,
    #2929,#2930,#2931),.UNSPECIFIED.,.F.,.F.,(7,5,5,5,5,5,5,5,5,5,7),(0.
    ,0.10631696392,0.157817452393,0.295574656338,0.399180875412,
    0.499902762458,0.600335207143,0.703346567277,0.843995489405,
    0.933527957933,1.),.UNSPECIFIED.);
#2880 = CARTESIAN_POINT('',(3.14159265359,16.));
#2881 = CARTESIAN_POINT('',(3.211719655217,16.));
#2882 = CARTESIAN_POINT('',(3.281224377147,15.981557809442));
#2883 = CARTESIAN_POINT('',(3.349699796529,15.94529012672));
#2884 = CARTESIAN_POINT('',(3.416713986266,15.893274913178));
#2885 = CARTESIAN_POINT('',(3.481730107998,15.828965794748));
#2886 = CARTESIAN_POINT('',(3.574140961662,15.721640777809));
#2887 = CARTESIAN_POINT('',(3.60380401724,15.684562257707));
#2888 = CARTESIAN_POINT('',(3.632998408696,15.645736950378));
#2889 = CARTESIAN_POINT('',(3.66174609979,15.605455465954));
#2890 = CARTESIAN_POINT('',(3.6900677408,15.563989451981));
#2891 = CARTESIAN_POINT('',(3.792656628106,15.408178503086));
#2892 = CARTESIAN_POINT('',(3.864521011547,15.287951269199));
#2893 = CARTESIAN_POINT('',(3.934130177672,15.165433258063));
#2894 = CARTESIAN_POINT('',(4.00198311042,15.044095331637));
#2895 = CARTESIAN_POINT('',(4.068593603486,14.92675565057));
#2896 = CARTESIAN_POINT('',(4.184055991447,14.732985902808));
#2897 = CARTESIAN_POINT('',(4.233211696736,14.653633697447));
#2898 = CARTESIAN_POINT('',(4.282069352635,14.579469620318));
#2899 = CARTESIAN_POINT('',(4.330738306385,14.511791024798));
#2900 = CARTESIAN_POINT('',(4.379334936876,14.451815349794));
#2901 = CARTESIAN_POINT('',(4.475290099707,14.350881290711));
#2902 = CARTESIAN_POINT('',(4.52265823345,14.309426584908));
#2903 = CARTESIAN_POINT('',(4.570050352581,14.277456771331));
#2904 = CARTESIAN_POINT('',(4.617461219327,14.255830942561));
#2905 = CARTESIAN_POINT('',(4.664901363638,14.244997998398));
#2906 = CARTESIAN_POINT('',(4.759740132969,14.244997998398));
#2907 = CARTESIAN_POINT('',(4.807044435701,14.255768772423));
#2908 = CARTESIAN_POINT('',(4.854319697918,14.277270897085));
#2909 = CARTESIAN_POINT('',(4.901576190858,14.309060463704));
#2910 = CARTESIAN_POINT('',(4.948808596878,14.350287712939));
#2911 = CARTESIAN_POINT('',(5.044349521733,14.450543168116));
#2912 = CARTESIAN_POINT('',(5.092667775179,14.510015094804));
#2913 = CARTESIAN_POINT('',(5.141056089059,14.577122438561));
#2914 = CARTESIAN_POINT('',(5.189628324871,14.650669208439));
#2915 = CARTESIAN_POINT('',(5.238491344094,14.729380060878));
#2916 = CARTESIAN_POINT('',(5.355009532712,14.924604302233));
#2917 = CARTESIAN_POINT('',(5.422993816326,15.044398826452));
#2918 = CARTESIAN_POINT('',(5.492271657136,15.168376705439));
#2919 = CARTESIAN_POINT('',(5.563390346763,15.293548576998));
#2920 = CARTESIAN_POINT('',(5.636880051187,15.416206235118));
#2921 = CARTESIAN_POINT('',(5.761997316188,15.604865114905));
#2922 = CARTESIAN_POINT('',(5.812004438068,15.675468684343));
#2923 = CARTESIAN_POINT('',(5.863370519703,15.741784094571));
#2924 = CARTESIAN_POINT('',(5.916133294505,15.802181545952));
#2925 = CARTESIAN_POINT('',(5.970354671221,15.854953853134));
#2926 = CARTESIAN_POINT('',(6.06753124911,15.930584156923));
#2927 = CARTESIAN_POINT('',(6.109787142733,15.957643075874));
#2928 = CARTESIAN_POINT('',(6.152667366255,15.97862046586));
#2929 = CARTESIAN_POINT('',(6.195978722334,15.992857771292));
#2930 = CARTESIAN_POINT('',(6.239543714299,16.));
#2931 = CARTESIAN_POINT('',(6.28318530718,16.));
#2932 = ( GEOMETRIC_REPRESENTATION_CONTEXT(2) 
PARAMETRIC_REPRESENTATION_CONTEXT() REPRESENTATION_CONTEXT('2D SPACE',''
  ) );
#2933 = FACE_BOUND('',#2934,.F.);
#2934 = EDGE_LOOP('',(#2935,#3262));
#2935 = ORIENTED_EDGE('',*,*,#2936,.T.);
#2936 = EDGE_CURVE('',#2937,#2939,#2941,.T.);
#2937 = VERTEX_POINT('',#2938);
#2938 = CARTESIAN_POINT('',(-8.,149.,-40.));
#2939 = VERTEX_POINT('',#2940);
#2940 = CARTESIAN_POINT('',(-8.,159.,-40.));
#2941 = SURFACE_CURVE('',#2942,(#3045,#3151),.PCURVE_S1.);
#2942 = B_SPLINE_CURVE_WITH_KNOTS('',6,(#2943,#2944,#2945,#2946,#2947,
    #2948,#2949,#2950,#2951,#2952,#2953,#2954,#2955,#2956,#2957,#2958,
    #2959,#2960,#2961,#2962,#2963,#2964,#2965,#2966,#2967,#2968,#2969,
    #2970,#2971,#2972,#2973,#2974,#2975,#2976,#2977,#2978,#2979,#2980,
    #2981,#2982,#2983,#2984,#2985,#2986,#2987,#2988,#2989,#2990,#2991,
    #2992,#2993,#2994,#2995,#2996,#2997,#2998,#2999,#3000,#3001,#3002,
    #3003,#3004,#3005,#3006,#3007,#3008,#3009,#3010,#3011,#3012,#3013,
    #3014,#3015,#3016,#3017,#3018,#3019,#3020,#3021,#3022,#3023,#3024,
    #3025,#3026,#3027,#3028,#3029,#3030,#3031,#3032,#3033,#3034,#3035,
    #3036,#3037,#3038,#3039,#3040,#3041,#3042,#3043,#3044),
  .UNSPECIFIED.,.T.,.F.,(7,5,5,5,5,5,5,5,5,5,5,5,5,5,5,5,5,5,5,5,7),(0.,
    5.325722533389E-02,7.905530133718E-02,0.148061847161,0.199961182364,
    0.250415672691,0.300725173013,0.352326526263,0.4227816169,
    0.467631005654,0.523000838564,0.554114657993,0.579809800443,
    0.6485410122,0.700233270598,0.750486449008,0.80059521592,
    0.851990681304,0.922164658224,0.966835099237,1.),.UNSPECIFIED.);
#2943 = CARTESIAN_POINT('',(-8.,159.,-40.));
#2944 = CARTESIAN_POINT('',(-8.,159.,-39.64936499232));
#2945 = CARTESIAN_POINT('',(-7.981557809491,158.9704928707,
    -39.30184122087));
#2946 = CARTESIAN_POINT('',(-7.94529012666,158.91246272908,
    -38.96256894722));
#2947 = CARTESIAN_POINT('',(-7.893274913105,158.82844744253,
    -38.63653036361));
#2948 = CARTESIAN_POINT('',(-7.828965794854,158.72253508526,
    -38.32830839103));
#2949 = CARTESIAN_POINT('',(-7.721640777805,158.54158523921,
    -37.90315982815));
#2950 = CARTESIAN_POINT('',(-7.684562257707,158.47848142908,
    -37.76882781567));
#2951 = CARTESIAN_POINT('',(-7.645736950382,158.41167899819,
    -37.63888478363));
#2952 = CARTESIAN_POINT('',(-7.605455465955,158.3415025835,
    -37.51329809494));
#2953 = CARTESIAN_POINT('',(-7.563989451977,158.26824621333,
    -37.39202045986));
#2954 = CARTESIAN_POINT('',(-7.408178503086,157.98869051063,
    -36.96194999582));
#2955 = CARTESIAN_POINT('',(-7.287951269199,157.76480965206,
    -36.67891609288));
#2956 = CARTESIAN_POINT('',(-7.165433258063,157.52501636378,
    -36.42413722285));
#2957 = CARTESIAN_POINT('',(-7.044095331637,157.27204004691,
    -36.19568179517));
#2958 = CARTESIAN_POINT('',(-6.92675565057,157.00730524614,
    -35.99192260574));
#2959 = CARTESIAN_POINT('',(-6.732985902808,156.52374067535,
    -35.67655871795));
#2960 = CARTESIAN_POINT('',(-6.653633697447,156.30982195282,
    -35.554644539));
#2961 = CARTESIAN_POINT('',(-6.579469620318,156.09026568745,
    -35.44610805673));
#2962 = CARTESIAN_POINT('',(-6.511791024798,155.86564342845,
    -35.35091568597));
#2963 = CARTESIAN_POINT('',(-6.451815349794,155.63640616844,
    -35.26910608954));
#2964 = CARTESIAN_POINT('',(-6.350881290711,155.17590275765,
    -35.13449018966));
#2965 = CARTESIAN_POINT('',(-6.309426584908,154.94480925392,
    -35.08092199391));
#2966 = CARTESIAN_POINT('',(-6.277456771331,154.71072887844,
    -35.04054094817));
#2967 = CARTESIAN_POINT('',(-6.25583094256,154.47463892887,
    -35.01353035607));
#2968 = CARTESIAN_POINT('',(-6.244997998398,154.23743808373,-35.));
#2969 = CARTESIAN_POINT('',(-6.244997998398,153.76324423707,-35.));
#2970 = CARTESIAN_POINT('',(-6.255768772423,153.52672260202,
    -35.01345270531));
#2971 = CARTESIAN_POINT('',(-6.277270897085,153.29130237957,
    -35.04030879235));
#2972 = CARTESIAN_POINT('',(-6.309060463704,153.05787548753,
    -35.08045954922));
#2973 = CARTESIAN_POINT('',(-6.350287712939,152.82741142975,
    -35.13372326493));
#2974 = CARTESIAN_POINT('',(-6.450543168116,152.36878696724,
    -35.26738444269));
#2975 = CARTESIAN_POINT('',(-6.510015094804,152.14077400413,
    -35.34846196505));
#2976 = CARTESIAN_POINT('',(-6.577122438561,151.91731382556,
    -35.44277278561));
#2977 = CARTESIAN_POINT('',(-6.650669208439,151.69885168625,
    -35.55027655634));
#2978 = CARTESIAN_POINT('',(-6.729380060878,151.48595027875,
    -35.67100270223));
#2979 = CARTESIAN_POINT('',(-6.924604302233,150.99715927386,
    -35.98801304987));
#2980 = CARTESIAN_POINT('',(-7.044398826452,150.72673684857,
    -36.19574916832));
#2981 = CARTESIAN_POINT('',(-7.168376705439,150.46854651048,
    -36.42921037935));
#2982 = CARTESIAN_POINT('',(-7.293548576998,150.22409992547,
    -36.69013864861));
#2983 = CARTESIAN_POINT('',(-7.416206235118,149.99633205601,
    -36.98060236778));
#2984 = CARTESIAN_POINT('',(-7.60486511492,149.65882241515,
    -37.50733331657));
#2985 = CARTESIAN_POINT('',(-7.675468684334,149.53589007734,
    -37.72552587181));
#2986 = CARTESIAN_POINT('',(-7.74178409456,149.42305525603,
    -37.95702110826));
#2987 = CARTESIAN_POINT('',(-7.802181545955,149.32216114169,
    -38.2016654227));
#2988 = CARTESIAN_POINT('',(-7.854953853143,149.23518708064,
    -38.45911819814));
#2989 = CARTESIAN_POINT('',(-7.95194536862,149.07676688828,
    -39.06176043864));
#2990 = CARTESIAN_POINT('',(-7.991446536518,149.01343655159,
    -39.41455122775));
#2991 = CARTESIAN_POINT('',(-8.012248068216,148.98056879024,
    -39.77924632414));
#2992 = CARTESIAN_POINT('',(-8.012029830902,148.98078809539,
    -40.14734724502));
#2993 = CARTESIAN_POINT('',(-7.991444169376,149.01347088979,
    -40.51023164928));
#2994 = CARTESIAN_POINT('',(-7.932457718942,149.10872108783,
    -41.05599067582));
#2995 = CARTESIAN_POINT('',(-7.905841779886,149.15187659602,
    -41.24780571052));
#2996 = CARTESIAN_POINT('',(-7.874336729338,149.20327614647,
    -41.43446780316));
#2997 = CARTESIAN_POINT('',(-7.838530039369,149.26220426243,
    -41.6154066898));
#2998 = CARTESIAN_POINT('',(-7.799073247101,149.32786371328,
    -41.79010550786));
#2999 = CARTESIAN_POINT('',(-7.721640777809,149.45841476078,
    -42.09684017183));
#3000 = CARTESIAN_POINT('',(-7.684562257707,149.52151857091,
    -42.23117218432));
#3001 = CARTESIAN_POINT('',(-7.645736950378,149.58832100181,
    -42.36111521637));
#3002 = CARTESIAN_POINT('',(-7.605455465954,149.6584974165,
    -42.48670190505));
#3003 = CARTESIAN_POINT('',(-7.563989451981,149.73175378665,
    -42.60797954012));
#3004 = CARTESIAN_POINT('',(-7.408178503086,150.01130948936,
    -43.03805000417));
#3005 = CARTESIAN_POINT('',(-7.287951269198,150.23519034793,
    -43.32108390711));
#3006 = CARTESIAN_POINT('',(-7.165433258064,150.47498363621,
    -43.57586277714));
#3007 = CARTESIAN_POINT('',(-7.044095331637,150.72795995309,
    -43.80431820482));
#3008 = CARTESIAN_POINT('',(-6.92675565057,150.99269475385,
    -44.00807739425));
#3009 = CARTESIAN_POINT('',(-6.732985902808,151.47625932464,
    -44.32344128204));
#3010 = CARTESIAN_POINT('',(-6.653633697447,151.69017804717,
    -44.445355461));
#3011 = CARTESIAN_POINT('',(-6.579469620318,151.90973431254,
    -44.55389194327));
#3012 = CARTESIAN_POINT('',(-6.511791024798,152.13435657154,
    -44.64908431402));
#3013 = CARTESIAN_POINT('',(-6.451815349794,152.36359383155,
    -44.73089391045));
#3014 = CARTESIAN_POINT('',(-6.350881290711,152.82409724234,
    -44.86550981033));
#3015 = CARTESIAN_POINT('',(-6.309426584908,153.05519074607,
    -44.91907800608));
#3016 = CARTESIAN_POINT('',(-6.277456771331,153.28927112155,
    -44.95945905182));
#3017 = CARTESIAN_POINT('',(-6.255830942561,153.52536107112,
    -44.98646964392));
#3018 = CARTESIAN_POINT('',(-6.244997998398,153.76256191626,-45.));
#3019 = CARTESIAN_POINT('',(-6.244997998398,154.23675576292,-45.));
#3020 = CARTESIAN_POINT('',(-6.255768772424,154.47327739797,
    -44.98654729469));
#3021 = CARTESIAN_POINT('',(-6.277270897085,154.70869762043,
    -44.95969120765));
#3022 = CARTESIAN_POINT('',(-6.309060463704,154.94212451246,
    -44.91954045078));
#3023 = CARTESIAN_POINT('',(-6.350287712939,155.17258857024,
    -44.86627673506));
#3024 = CARTESIAN_POINT('',(-6.450543168116,155.63121303275,
    -44.7326155573));
#3025 = CARTESIAN_POINT('',(-6.510015094804,155.85922599586,
    -44.65153803494));
#3026 = CARTESIAN_POINT('',(-6.577122438561,156.08268617443,
    -44.55722721438));
#3027 = CARTESIAN_POINT('',(-6.650669208439,156.30114831374,
    -44.44972344366));
#3028 = CARTESIAN_POINT('',(-6.729380060878,156.51404972124,
    -44.32899729776));
#3029 = CARTESIAN_POINT('',(-6.924604302233,157.00284072613,
    -44.01198695012));
#3030 = CARTESIAN_POINT('',(-7.044398826452,157.27326315142,
    -43.80425083167));
#3031 = CARTESIAN_POINT('',(-7.168376705439,157.53145348951,
    -43.57078962064));
#3032 = CARTESIAN_POINT('',(-7.293548576998,157.77590007452,
    -43.30986135138));
#3033 = CARTESIAN_POINT('',(-7.416206235118,158.00366794398,
    -43.01939763221));
#3034 = CARTESIAN_POINT('',(-7.604865114897,158.34117758481,
    -42.49266668348));
#3035 = CARTESIAN_POINT('',(-7.675468684348,158.46410992267,
    -42.27447412815));
#3036 = CARTESIAN_POINT('',(-7.741784094578,158.57694474399,
    -42.04297889166));
#3037 = CARTESIAN_POINT('',(-7.802181545951,158.67783885829,
    -41.79833457728));
#3038 = CARTESIAN_POINT('',(-7.85495385313,158.76481291933,
    -41.54088180193));
#3039 = CARTESIAN_POINT('',(-7.930584156923,158.88834297468,
    -41.07096424777));
#3040 = CARTESIAN_POINT('',(-7.957643075874,158.93210960787,
    -40.86401179813));
#3041 = CARTESIAN_POINT('',(-7.97862046586,158.96579272039,
    -40.65184158738));
#3042 = CARTESIAN_POINT('',(-7.992857771292,158.98857244066,
    -40.43603293343));
#3043 = CARTESIAN_POINT('',(-8.,159.,-40.2182079644));
#3044 = CARTESIAN_POINT('',(-8.,159.,-40.));
#3045 = PCURVE('',#621,#3046);
#3046 = DEFINITIONAL_REPRESENTATION('',(#3047),#3150);
#3047 = B_SPLINE_CURVE_WITH_KNOTS('',6,(#3048,#3049,#3050,#3051,#3052,
    #3053,#3054,#3055,#3056,#3057,#3058,#3059,#3060,#3061,#3062,#3063,
    #3064,#3065,#3066,#3067,#3068,#3069,#3070,#3071,#3072,#3073,#3074,
    #3075,#3076,#3077,#3078,#3079,#3080,#3081,#3082,#3083,#3084,#3085,
    #3086,#3087,#3088,#3089,#3090,#3091,#3092,#3093,#3094,#3095,#3096,
    #3097,#3098,#3099,#3100,#3101,#3102,#3103,#3104,#3105,#3106,#3107,
    #3108,#3109,#3110,#3111,#3112,#3113,#3114,#3115,#3116,#3117,#3118,
    #3119,#3120,#3121,#3122,#3123,#3124,#3125,#3126,#3127,#3128,#3129,
    #3130,#3131,#3132,#3133,#3134,#3135,#3136,#3137,#3138,#3139,#3140,
    #3141,#3142,#3143,#3144,#3145,#3146,#3147,#3148,#3149),
  .UNSPECIFIED.,.T.,.F.,(7,5,5,5,5,5,5,5,5,5,5,5,5,5,5,5,5,5,5,5,7),(0.,
    5.325722533389E-02,7.905530133718E-02,0.148061847161,0.199961182364,
    0.250415672691,0.300725173013,0.352326526263,0.4227816169,
    0.467631005654,0.523000838564,0.554114657993,0.579809800443,
    0.6485410122,0.700233270598,0.750486449008,0.80059521592,
    0.851990681304,0.922164658224,0.966835099237,1.),.UNSPECIFIED.);
#3048 = CARTESIAN_POINT('',(3.14159265359,4.));
#3049 = CARTESIAN_POINT('',(3.09776327763,4.));
#3050 = CARTESIAN_POINT('',(3.054322736141,4.029507129298));
#3051 = CARTESIAN_POINT('',(3.011762486286,4.087537270913));
#3052 = CARTESIAN_POINT('',(2.970565557868,4.171552557462));
#3053 = CARTESIAN_POINT('',(2.931242090226,4.277464914732));
#3054 = CARTESIAN_POINT('',(2.876431341992,4.458414760788));
#3055 = CARTESIAN_POINT('',(2.859016156575,4.521518570916));
#3056 = CARTESIAN_POINT('',(2.84206916616,4.588321001809));
#3057 = CARTESIAN_POINT('',(2.825587710647,4.658497416498));
#3058 = CARTESIAN_POINT('',(2.809569024276,4.731753786666));
#3059 = CARTESIAN_POINT('',(2.752390895832,5.011309489365));
#3060 = CARTESIAN_POINT('',(2.714008280928,5.235190347939));
#3061 = CARTESIAN_POINT('',(2.67871920595,5.474983636214));
#3062 = CARTESIAN_POINT('',(2.646414909167,5.72795995309));
#3063 = CARTESIAN_POINT('',(2.617035472154,5.992694753856));
#3064 = CARTESIAN_POINT('',(2.570768398131,6.476259324645));
#3065 = CARTESIAN_POINT('',(2.552591532476,6.690178047178));
#3066 = CARTESIAN_POINT('',(2.536164826732,6.909734312547));
#3067 = CARTESIAN_POINT('',(2.521567457609,7.134356571541));
#3068 = CARTESIAN_POINT('',(2.50888830508,7.363593831552));
#3069 = CARTESIAN_POINT('',(2.487856660476,7.824097242341));
#3070 = CARTESIAN_POINT('',(2.479390763434,8.055190746079));
#3071 = CARTESIAN_POINT('',(2.47295289667,8.289271121551));
#3072 = CARTESIAN_POINT('',(2.468627703714,8.525361071123));
#3073 = CARTESIAN_POINT('',(2.466461120653,8.762561916268));
#3074 = CARTESIAN_POINT('',(2.466461120653,9.236755762921));
#3075 = CARTESIAN_POINT('',(2.468615269806,9.473277397978));
#3076 = CARTESIAN_POINT('',(2.472915721375,9.70869762043));
#3077 = CARTESIAN_POINT('',(2.479317036904,9.942124512469));
#3078 = CARTESIAN_POINT('',(2.48773544975,10.172588570242));
#3079 = CARTESIAN_POINT('',(2.508620726686,10.631213032751));
#3080 = CARTESIAN_POINT('',(2.521188866313,10.859225995862));
#3081 = CARTESIAN_POINT('',(2.535655116618,11.082686174433));
#3082 = CARTESIAN_POINT('',(2.551931849021,11.301148313743));
#3083 = CARTESIAN_POINT('',(2.569940696857,11.514049721246));
#3084 = CARTESIAN_POINT('',(2.616478326947,12.002840726139));
#3085 = CARTESIAN_POINT('',(2.646441099317,12.273263151426));
#3086 = CARTESIAN_POINT('',(2.679450893998,12.531453489513));
#3087 = CARTESIAN_POINT('',(2.715572987696,12.775900074527));
#3088 = CARTESIAN_POINT('',(2.754924543658,13.003667943985));
#3089 = CARTESIAN_POINT('',(2.824861754933,13.34117758485));
#3090 = CARTESIAN_POINT('',(2.853514446234,13.464109922651));
#3091 = CARTESIAN_POINT('',(2.883587952335,13.576944743966));
#3092 = CARTESIAN_POINT('',(2.915051352617,13.677838858304));
#3093 = CARTESIAN_POINT('',(2.947872226233,13.764812919355));
#3094 = CARTESIAN_POINT('',(3.024171905142,13.923233111719));
#3095 = CARTESIAN_POINT('',(3.068495288519,13.986563448405));
#3096 = CARTESIAN_POINT('',(3.114049868478,14.019431209751));
#3097 = CARTESIAN_POINT('',(3.159950472825,14.019211904605));
#3098 = CARTESIAN_POINT('',(3.205325118684,13.986529110205));
#3099 = CARTESIAN_POINT('',(3.273942299065,13.89127891217));
#3100 = CARTESIAN_POINT('',(3.298137832362,13.848123403977));
#3101 = CARTESIAN_POINT('',(3.32178580655,13.796723853522));
#3102 = CARTESIAN_POINT('',(3.344828962492,13.737795737566));
#3103 = CARTESIAN_POINT('',(3.367209302662,13.672136286713));
#3104 = CARTESIAN_POINT('',(3.406753965186,13.541585239218));
#3105 = CARTESIAN_POINT('',(3.424169150605,13.478481429083));
#3106 = CARTESIAN_POINT('',(3.441116141022,13.411678998184));
#3107 = CARTESIAN_POINT('',(3.457597596533,13.341502583499));
#3108 = CARTESIAN_POINT('',(3.473616282902,13.268246213342));
#3109 = CARTESIAN_POINT('',(3.530794411348,12.988690510635));
#3110 = CARTESIAN_POINT('',(3.569177026252,12.764809652061));
#3111 = CARTESIAN_POINT('',(3.604466101229,12.525016363786));
#3112 = CARTESIAN_POINT('',(3.636770398012,12.27204004691));
#3113 = CARTESIAN_POINT('',(3.666149835026,12.007305246144));
#3114 = CARTESIAN_POINT('',(3.712416909048,11.523740675355));
#3115 = CARTESIAN_POINT('',(3.730593774703,11.309821952822));
#3116 = CARTESIAN_POINT('',(3.747020480448,11.090265687452));
#3117 = CARTESIAN_POINT('',(3.761617849571,10.86564342846));
#3118 = CARTESIAN_POINT('',(3.7742970021,10.636406168448));
#3119 = CARTESIAN_POINT('',(3.795328646704,10.175902757659));
#3120 = CARTESIAN_POINT('',(3.803794543746,9.944809253921));
#3121 = CARTESIAN_POINT('',(3.810232410509,9.710728878449));
#3122 = CARTESIAN_POINT('',(3.814557603465,9.474638928877));
#3123 = CARTESIAN_POINT('',(3.816724186527,9.237438083731));
#3124 = CARTESIAN_POINT('',(3.816724186527,8.763244237079));
#3125 = CARTESIAN_POINT('',(3.814570037373,8.526722602022));
#3126 = CARTESIAN_POINT('',(3.810269585804,8.29130237957));
#3127 = CARTESIAN_POINT('',(3.803868270276,8.057875487531));
#3128 = CARTESIAN_POINT('',(3.79544985743,7.827411429758));
#3129 = CARTESIAN_POINT('',(3.774564580494,7.36878696725));
#3130 = CARTESIAN_POINT('',(3.761996440867,7.140774004137));
#3131 = CARTESIAN_POINT('',(3.747530190561,6.917313825567));
#3132 = CARTESIAN_POINT('',(3.731253458159,6.698851686257));
#3133 = CARTESIAN_POINT('',(3.713244610323,6.485950278754));
#3134 = CARTESIAN_POINT('',(3.666706980233,5.997159273861));
#3135 = CARTESIAN_POINT('',(3.636744207863,5.726736848574));
#3136 = CARTESIAN_POINT('',(3.603734413182,5.468546510487));
#3137 = CARTESIAN_POINT('',(3.567612319484,5.224099925473));
#3138 = CARTESIAN_POINT('',(3.528260763522,4.996332056015));
#3139 = CARTESIAN_POINT('',(3.458323552255,4.65882241519));
#3140 = CARTESIAN_POINT('',(3.429670860942,4.535890077324));
#3141 = CARTESIAN_POINT('',(3.399597354835,4.423055256003));
#3142 = CARTESIAN_POINT('',(3.368133954561,4.322161141704));
#3143 = CARTESIAN_POINT('',(3.335313080957,4.235187080666));
#3144 = CARTESIAN_POINT('',(3.275817486246,4.111657025315));
#3145 = CARTESIAN_POINT('',(3.249739641291,4.067890392125));
#3146 = CARTESIAN_POINT('',(3.223109359686,4.034207279605));
#3147 = CARTESIAN_POINT('',(3.196096775256,4.011427559336));
#3148 = CARTESIAN_POINT('',(3.16886864914,4.));
#3149 = CARTESIAN_POINT('',(3.14159265359,4.));
#3150 = ( GEOMETRIC_REPRESENTATION_CONTEXT(2) 
PARAMETRIC_REPRESENTATION_CONTEXT() REPRESENTATION_CONTEXT('2D SPACE',''
  ) );
#3151 = PCURVE('',#3152,#3157);
#3152 = CYLINDRICAL_SURFACE('',#3153,5.);
#3153 = AXIS2_PLACEMENT_3D('',#3154,#3155,#3156);
#3154 = CARTESIAN_POINT('',(-8.,154.,-40.));
#3155 = DIRECTION('',(1.,4.930380657631E-32,2.22044604925E-16));
#3156 = DIRECTION('',(0.,1.,-2.22044604925E-16));
#3157 = DEFINITIONAL_REPRESENTATION('',(#3158),#3261);
#3158 = B_SPLINE_CURVE_WITH_KNOTS('',6,(#3159,#3160,#3161,#3162,#3163,
    #3164,#3165,#3166,#3167,#3168,#3169,#3170,#3171,#3172,#3173,#3174,
    #3175,#3176,#3177,#3178,#3179,#3180,#3181,#3182,#3183,#3184,#3185,
    #3186,#3187,#3188,#3189,#3190,#3191,#3192,#3193,#3194,#3195,#3196,
    #3197,#3198,#3199,#3200,#3201,#3202,#3203,#3204,#3205,#3206,#3207,
    #3208,#3209,#3210,#3211,#3212,#3213,#3214,#3215,#3216,#3217,#3218,
    #3219,#3220,#3221,#3222,#3223,#3224,#3225,#3226,#3227,#3228,#3229,
    #3230,#3231,#3232,#3233,#3234,#3235,#3236,#3237,#3238,#3239,#3240,
    #3241,#3242,#3243,#3244,#3245,#3246,#3247,#3248,#3249,#3250,#3251,
    #3252,#3253,#3254,#3255,#3256,#3257,#3258,#3259,#3260),
  .UNSPECIFIED.,.F.,.F.,(7,5,5,5,5,5,5,5,5,5,5,5,5,5,5,5,5,5,5,5,7),(0.,
    5.325722533389E-02,7.905530133718E-02,0.148061847161,0.199961182364,
    0.250415672691,0.300725173013,0.352326526263,0.4227816169,
    0.467631005654,0.523000838564,0.554114657993,0.579809800443,
    0.6485410122,0.700233270598,0.750486449008,0.80059521592,
    0.851990681304,0.922164658224,0.966835099237,1.),.UNSPECIFIED.);
#3159 = CARTESIAN_POINT('',(0.,-9.769962616701E-15));
#3160 = CARTESIAN_POINT('',(7.01270015359E-02,-9.731034310825E-15));
#3161 = CARTESIAN_POINT('',(0.139631723578,1.844219050914E-02));
#3162 = CARTESIAN_POINT('',(0.208107143026,5.470987333955E-02));
#3163 = CARTESIAN_POINT('',(0.275121332711,0.106725086895));
#3164 = CARTESIAN_POINT('',(0.340137454317,0.171034205146));
#3165 = CARTESIAN_POINT('',(0.432548308075,0.278359222195));
#3166 = CARTESIAN_POINT('',(0.462211363649,0.315437742293));
#3167 = CARTESIAN_POINT('',(0.491405755103,0.354263049618));
#3168 = CARTESIAN_POINT('',(0.520153446199,0.394544534045));
#3169 = CARTESIAN_POINT('',(0.548475087213,0.436010548023));
#3170 = CARTESIAN_POINT('',(0.651063974516,0.591821496914));
#3171 = CARTESIAN_POINT('',(0.722928357958,0.712048730801));
#3172 = CARTESIAN_POINT('',(0.792537524082,0.834566741937));
#3173 = CARTESIAN_POINT('',(0.86039045683,0.955904668363));
#3174 = CARTESIAN_POINT('',(0.927000949896,1.07324434943));
#3175 = CARTESIAN_POINT('',(1.042463337857,1.267014097192));
#3176 = CARTESIAN_POINT('',(1.091619043146,1.346366302553));
#3177 = CARTESIAN_POINT('',(1.140476699045,1.420530379682));
#3178 = CARTESIAN_POINT('',(1.189145652795,1.488208975202));
#3179 = CARTESIAN_POINT('',(1.237742283286,1.548184650206));
#3180 = CARTESIAN_POINT('',(1.333697446117,1.649118709289));
#3181 = CARTESIAN_POINT('',(1.38106557986,1.690573415092));
#3182 = CARTESIAN_POINT('',(1.428457698991,1.722543228669));
#3183 = CARTESIAN_POINT('',(1.475868565738,1.744169057439));
#3184 = CARTESIAN_POINT('',(1.523308710049,1.755002001602));
#3185 = CARTESIAN_POINT('',(1.618147479379,1.755002001602));
#3186 = CARTESIAN_POINT('',(1.665451782111,1.744231227577));
#3187 = CARTESIAN_POINT('',(1.712727044328,1.722729102915));
#3188 = CARTESIAN_POINT('',(1.759983537268,1.690939536296));
#3189 = CARTESIAN_POINT('',(1.807215943289,1.649712287061));
#3190 = CARTESIAN_POINT('',(1.902756868143,1.549456831884));
#3191 = CARTESIAN_POINT('',(1.951075121589,1.489984905196));
#3192 = CARTESIAN_POINT('',(1.999463435469,1.422877561439));
#3193 = CARTESIAN_POINT('',(2.048035671281,1.349330791561));
#3194 = CARTESIAN_POINT('',(2.096898690504,1.270619939122));
#3195 = CARTESIAN_POINT('',(2.213416879123,1.075395697767));
#3196 = CARTESIAN_POINT('',(2.281401162736,0.955601173548));
#3197 = CARTESIAN_POINT('',(2.350679003546,0.831623294561));
#3198 = CARTESIAN_POINT('',(2.421797693173,0.706451423002));
#3199 = CARTESIAN_POINT('',(2.495287397598,0.583793764882));
#3200 = CARTESIAN_POINT('',(2.620404662608,0.39513488508));
#3201 = CARTESIAN_POINT('',(2.670411784474,0.324531315666));
#3202 = CARTESIAN_POINT('',(2.721777866103,0.25821590544));
#3203 = CARTESIAN_POINT('',(2.774540640914,0.197818454045));
#3204 = CARTESIAN_POINT('',(2.828762017643,0.145046146857));
#3205 = CARTESIAN_POINT('',(2.953385390632,4.80546313799E-02));
#3206 = CARTESIAN_POINT('',(3.02484523085,8.553463482261E-03));
#3207 = CARTESIAN_POINT('',(3.097646755684,-1.224806821649E-02));
#3208 = CARTESIAN_POINT('',(3.170821246035,-1.202983090217E-02));
#3209 = CARTESIAN_POINT('',(3.243441148092,8.555830624269E-03));
#3210 = CARTESIAN_POINT('',(3.354242865637,6.754228105771E-02));
#3211 = CARTESIAN_POINT('',(3.393518586133,9.415822011412E-02));
#3212 = CARTESIAN_POINT('',(3.432176457961,0.125663270662));
#3213 = CARTESIAN_POINT('',(3.470176999577,0.161469960631));
#3214 = CARTESIAN_POINT('',(3.507468709538,0.200926752899));
#3215 = CARTESIAN_POINT('',(3.574140961662,0.278359222191));
#3216 = CARTESIAN_POINT('',(3.60380401724,0.315437742293));
#3217 = CARTESIAN_POINT('',(3.632998408696,0.354263049622));
#3218 = CARTESIAN_POINT('',(3.66174609979,0.394544534046));
#3219 = CARTESIAN_POINT('',(3.6900677408,0.436010548019));
#3220 = CARTESIAN_POINT('',(3.792656628106,0.591821496914));
#3221 = CARTESIAN_POINT('',(3.864521011548,0.712048730801));
#3222 = CARTESIAN_POINT('',(3.934130177672,0.834566741936));
#3223 = CARTESIAN_POINT('',(4.00198311042,0.955904668363));
#3224 = CARTESIAN_POINT('',(4.068593603486,1.07324434943));
#3225 = CARTESIAN_POINT('',(4.184055991447,1.267014097192));
#3226 = CARTESIAN_POINT('',(4.233211696736,1.346366302553));
#3227 = CARTESIAN_POINT('',(4.282069352635,1.420530379682));
#3228 = CARTESIAN_POINT('',(4.330738306385,1.488208975202));
#3229 = CARTESIAN_POINT('',(4.379334936876,1.548184650206));
#3230 = CARTESIAN_POINT('',(4.475290099707,1.649118709289));
#3231 = CARTESIAN_POINT('',(4.52265823345,1.690573415092));
#3232 = CARTESIAN_POINT('',(4.570050352581,1.722543228669));
#3233 = CARTESIAN_POINT('',(4.617461219327,1.744169057439));
#3234 = CARTESIAN_POINT('',(4.664901363638,1.755002001602));
#3235 = CARTESIAN_POINT('',(4.759740132969,1.755002001602));
#3236 = CARTESIAN_POINT('',(4.807044435701,1.744231227576));
#3237 = CARTESIAN_POINT('',(4.854319697918,1.722729102915));
#3238 = CARTESIAN_POINT('',(4.901576190858,1.690939536296));
#3239 = CARTESIAN_POINT('',(4.948808596878,1.649712287061));
#3240 = CARTESIAN_POINT('',(5.044349521733,1.549456831884));
#3241 = CARTESIAN_POINT('',(5.092667775179,1.489984905196));
#3242 = CARTESIAN_POINT('',(5.141056089059,1.422877561439));
#3243 = CARTESIAN_POINT('',(5.189628324871,1.349330791561));
#3244 = CARTESIAN_POINT('',(5.238491344094,1.270619939122));
#3245 = CARTESIAN_POINT('',(5.355009532712,1.075395697767));
#3246 = CARTESIAN_POINT('',(5.422993816325,0.955601173548));
#3247 = CARTESIAN_POINT('',(5.492271657136,0.831623294561));
#3248 = CARTESIAN_POINT('',(5.563390346763,0.706451423002));
#3249 = CARTESIAN_POINT('',(5.636880051187,0.583793764882));
#3250 = CARTESIAN_POINT('',(5.761997316183,0.395134885103));
#3251 = CARTESIAN_POINT('',(5.81200443807,0.324531315652));
#3252 = CARTESIAN_POINT('',(5.863370519709,0.258215905422));
#3253 = CARTESIAN_POINT('',(5.916133294505,0.197818454049));
#3254 = CARTESIAN_POINT('',(5.970354671215,0.14504614687));
#3255 = CARTESIAN_POINT('',(6.06753124911,6.941584307707E-02));
#3256 = CARTESIAN_POINT('',(6.109787142733,4.235692412556E-02));
#3257 = CARTESIAN_POINT('',(6.152667366255,2.137953413982E-02));
#3258 = CARTESIAN_POINT('',(6.195978722334,7.142228708368E-03));
#3259 = CARTESIAN_POINT('',(6.239543714299,-9.794188567325E-15));
#3260 = CARTESIAN_POINT('',(6.28318530718,-9.769962616701E-15));
#3261 = ( GEOMETRIC_REPRESENTATION_CONTEXT(2) 
PARAMETRIC_REPRESENTATION_CONTEXT() REPRESENTATION_CONTEXT('2D SPACE',''
  ) );
#3262 = ORIENTED_EDGE('',*,*,#3263,.T.);
#3263 = EDGE_CURVE('',#2939,#2937,#3264,.T.);
#3264 = SURFACE_CURVE('',#3265,(#3368,#3474),.PCURVE_S1.);
#3265 = B_SPLINE_CURVE_WITH_KNOTS('',6,(#3266,#3267,#3268,#3269,#3270,
    #3271,#3272,#3273,#3274,#3275,#3276,#3277,#3278,#3279,#3280,#3281,
    #3282,#3283,#3284,#3285,#3286,#3287,#3288,#3289,#3290,#3291,#3292,
    #3293,#3294,#3295,#3296,#3297,#3298,#3299,#3300,#3301,#3302,#3303,
    #3304,#3305,#3306,#3307,#3308,#3309,#3310,#3311,#3312,#3313,#3314,
    #3315,#3316,#3317,#3318,#3319,#3320,#3321,#3322,#3323,#3324,#3325,
    #3326,#3327,#3328,#3329,#3330,#3331,#3332,#3333,#3334,#3335,#3336,
    #3337,#3338,#3339,#3340,#3341,#3342,#3343,#3344,#3345,#3346,#3347,
    #3348,#3349,#3350,#3351,#3352,#3353,#3354,#3355,#3356,#3357,#3358,
    #3359,#3360,#3361,#3362,#3363,#3364,#3365,#3366,#3367),
  .UNSPECIFIED.,.T.,.F.,(7,5,5,5,5,5,5,5,5,5,5,5,5,5,5,5,5,5,5,5,7),(0.,
    5.325722533389E-02,7.905530133718E-02,0.148061847161,0.199961182364,
    0.250415672691,0.300725173013,0.352326526263,0.4227816169,
    0.467631005654,0.523000838564,0.554114657993,0.579809800443,
    0.6485410122,0.700233270598,0.750486449008,0.80059521592,
    0.851990681304,0.922164658224,0.966835099237,1.),.UNSPECIFIED.);
#3266 = CARTESIAN_POINT('',(-8.,159.,-40.));
#3267 = CARTESIAN_POINT('',(-8.,159.,-39.64936499232));
#3268 = CARTESIAN_POINT('',(-7.981557809491,158.9704928707,
    -39.30184122087));
#3269 = CARTESIAN_POINT('',(-7.94529012666,158.91246272908,
    -38.96256894722));
#3270 = CARTESIAN_POINT('',(-7.893274913105,158.82844744253,
    -38.63653036361));
#3271 = CARTESIAN_POINT('',(-7.828965794854,158.72253508526,
    -38.32830839103));
#3272 = CARTESIAN_POINT('',(-7.721640777805,158.54158523921,
    -37.90315982815));
#3273 = CARTESIAN_POINT('',(-7.684562257707,158.47848142908,
    -37.76882781567));
#3274 = CARTESIAN_POINT('',(-7.645736950382,158.41167899819,
    -37.63888478363));
#3275 = CARTESIAN_POINT('',(-7.605455465955,158.3415025835,
    -37.51329809494));
#3276 = CARTESIAN_POINT('',(-7.563989451977,158.26824621333,
    -37.39202045986));
#3277 = CARTESIAN_POINT('',(-7.408178503086,157.98869051063,
    -36.96194999582));
#3278 = CARTESIAN_POINT('',(-7.287951269199,157.76480965206,
    -36.67891609288));
#3279 = CARTESIAN_POINT('',(-7.165433258063,157.52501636378,
    -36.42413722285));
#3280 = CARTESIAN_POINT('',(-7.044095331637,157.27204004691,
    -36.19568179517));
#3281 = CARTESIAN_POINT('',(-6.92675565057,157.00730524614,
    -35.99192260574));
#3282 = CARTESIAN_POINT('',(-6.732985902808,156.52374067535,
    -35.67655871795));
#3283 = CARTESIAN_POINT('',(-6.653633697447,156.30982195282,
    -35.554644539));
#3284 = CARTESIAN_POINT('',(-6.579469620318,156.09026568745,
    -35.44610805673));
#3285 = CARTESIAN_POINT('',(-6.511791024798,155.86564342845,
    -35.35091568597));
#3286 = CARTESIAN_POINT('',(-6.451815349794,155.63640616844,
    -35.26910608954));
#3287 = CARTESIAN_POINT('',(-6.350881290711,155.17590275765,
    -35.13449018966));
#3288 = CARTESIAN_POINT('',(-6.309426584908,154.94480925392,
    -35.08092199391));
#3289 = CARTESIAN_POINT('',(-6.277456771331,154.71072887844,
    -35.04054094817));
#3290 = CARTESIAN_POINT('',(-6.25583094256,154.47463892887,
    -35.01353035607));
#3291 = CARTESIAN_POINT('',(-6.244997998398,154.23743808373,-35.));
#3292 = CARTESIAN_POINT('',(-6.244997998398,153.76324423707,-35.));
#3293 = CARTESIAN_POINT('',(-6.255768772423,153.52672260202,
    -35.01345270531));
#3294 = CARTESIAN_POINT('',(-6.277270897085,153.29130237957,
    -35.04030879235));
#3295 = CARTESIAN_POINT('',(-6.309060463704,153.05787548753,
    -35.08045954922));
#3296 = CARTESIAN_POINT('',(-6.350287712939,152.82741142975,
    -35.13372326493));
#3297 = CARTESIAN_POINT('',(-6.450543168116,152.36878696724,
    -35.26738444269));
#3298 = CARTESIAN_POINT('',(-6.510015094804,152.14077400413,
    -35.34846196505));
#3299 = CARTESIAN_POINT('',(-6.577122438561,151.91731382556,
    -35.44277278561));
#3300 = CARTESIAN_POINT('',(-6.650669208439,151.69885168625,
    -35.55027655634));
#3301 = CARTESIAN_POINT('',(-6.729380060878,151.48595027875,
    -35.67100270223));
#3302 = CARTESIAN_POINT('',(-6.924604302233,150.99715927386,
    -35.98801304987));
#3303 = CARTESIAN_POINT('',(-7.044398826452,150.72673684857,
    -36.19574916832));
#3304 = CARTESIAN_POINT('',(-7.168376705439,150.46854651048,
    -36.42921037935));
#3305 = CARTESIAN_POINT('',(-7.293548576998,150.22409992547,
    -36.69013864861));
#3306 = CARTESIAN_POINT('',(-7.416206235118,149.99633205601,
    -36.98060236778));
#3307 = CARTESIAN_POINT('',(-7.60486511492,149.65882241515,
    -37.50733331657));
#3308 = CARTESIAN_POINT('',(-7.675468684334,149.53589007734,
    -37.72552587181));
#3309 = CARTESIAN_POINT('',(-7.74178409456,149.42305525603,
    -37.95702110826));
#3310 = CARTESIAN_POINT('',(-7.802181545955,149.32216114169,
    -38.2016654227));
#3311 = CARTESIAN_POINT('',(-7.854953853143,149.23518708064,
    -38.45911819814));
#3312 = CARTESIAN_POINT('',(-7.95194536862,149.07676688828,
    -39.06176043864));
#3313 = CARTESIAN_POINT('',(-7.991446536518,149.01343655159,
    -39.41455122775));
#3314 = CARTESIAN_POINT('',(-8.012248068216,148.98056879024,
    -39.77924632414));
#3315 = CARTESIAN_POINT('',(-8.012029830902,148.98078809539,
    -40.14734724502));
#3316 = CARTESIAN_POINT('',(-7.991444169376,149.01347088979,
    -40.51023164928));
#3317 = CARTESIAN_POINT('',(-7.932457718942,149.10872108783,
    -41.05599067582));
#3318 = CARTESIAN_POINT('',(-7.905841779886,149.15187659602,
    -41.24780571052));
#3319 = CARTESIAN_POINT('',(-7.874336729338,149.20327614647,
    -41.43446780316));
#3320 = CARTESIAN_POINT('',(-7.838530039369,149.26220426243,
    -41.6154066898));
#3321 = CARTESIAN_POINT('',(-7.799073247101,149.32786371328,
    -41.79010550786));
#3322 = CARTESIAN_POINT('',(-7.721640777809,149.45841476078,
    -42.09684017183));
#3323 = CARTESIAN_POINT('',(-7.684562257707,149.52151857091,
    -42.23117218432));
#3324 = CARTESIAN_POINT('',(-7.645736950378,149.58832100181,
    -42.36111521637));
#3325 = CARTESIAN_POINT('',(-7.605455465954,149.6584974165,
    -42.48670190505));
#3326 = CARTESIAN_POINT('',(-7.563989451981,149.73175378665,
    -42.60797954012));
#3327 = CARTESIAN_POINT('',(-7.408178503086,150.01130948936,
    -43.03805000417));
#3328 = CARTESIAN_POINT('',(-7.287951269198,150.23519034793,
    -43.32108390711));
#3329 = CARTESIAN_POINT('',(-7.165433258064,150.47498363621,
    -43.57586277714));
#3330 = CARTESIAN_POINT('',(-7.044095331637,150.72795995309,
    -43.80431820482));
#3331 = CARTESIAN_POINT('',(-6.92675565057,150.99269475385,
    -44.00807739425));
#3332 = CARTESIAN_POINT('',(-6.732985902808,151.47625932464,
    -44.32344128204));
#3333 = CARTESIAN_POINT('',(-6.653633697447,151.69017804717,
    -44.445355461));
#3334 = CARTESIAN_POINT('',(-6.579469620318,151.90973431254,
    -44.55389194327));
#3335 = CARTESIAN_POINT('',(-6.511791024798,152.13435657154,
    -44.64908431402));
#3336 = CARTESIAN_POINT('',(-6.451815349794,152.36359383155,
    -44.73089391045));
#3337 = CARTESIAN_POINT('',(-6.350881290711,152.82409724234,
    -44.86550981033));
#3338 = CARTESIAN_POINT('',(-6.309426584908,153.05519074607,
    -44.91907800608));
#3339 = CARTESIAN_POINT('',(-6.277456771331,153.28927112155,
    -44.95945905182));
#3340 = CARTESIAN_POINT('',(-6.255830942561,153.52536107112,
    -44.98646964392));
#3341 = CARTESIAN_POINT('',(-6.244997998398,153.76256191626,-45.));
#3342 = CARTESIAN_POINT('',(-6.244997998398,154.23675576292,-45.));
#3343 = CARTESIAN_POINT('',(-6.255768772424,154.47327739797,
    -44.98654729469));
#3344 = CARTESIAN_POINT('',(-6.277270897085,154.70869762043,
    -44.95969120765));
#3345 = CARTESIAN_POINT('',(-6.309060463704,154.94212451246,
    -44.91954045078));
#3346 = CARTESIAN_POINT('',(-6.350287712939,155.17258857024,
    -44.86627673506));
#3347 = CARTESIAN_POINT('',(-6.450543168116,155.63121303275,
    -44.7326155573));
#3348 = CARTESIAN_POINT('',(-6.510015094804,155.85922599586,
    -44.65153803494));
#3349 = CARTESIAN_POINT('',(-6.577122438561,156.08268617443,
    -44.55722721438));
#3350 = CARTESIAN_POINT('',(-6.650669208439,156.30114831374,
    -44.44972344366));
#3351 = CARTESIAN_POINT('',(-6.729380060878,156.51404972124,
    -44.32899729776));
#3352 = CARTESIAN_POINT('',(-6.924604302233,157.00284072613,
    -44.01198695012));
#3353 = CARTESIAN_POINT('',(-7.044398826452,157.27326315142,
    -43.80425083167));
#3354 = CARTESIAN_POINT('',(-7.168376705439,157.53145348951,
    -43.57078962064));
#3355 = CARTESIAN_POINT('',(-7.293548576998,157.77590007452,
    -43.30986135138));
#3356 = CARTESIAN_POINT('',(-7.416206235118,158.00366794398,
    -43.01939763221));
#3357 = CARTESIAN_POINT('',(-7.604865114897,158.34117758481,
    -42.49266668348));
#3358 = CARTESIAN_POINT('',(-7.675468684348,158.46410992267,
    -42.27447412815));
#3359 = CARTESIAN_POINT('',(-7.741784094578,158.57694474399,
    -42.04297889166));
#3360 = CARTESIAN_POINT('',(-7.802181545951,158.67783885829,
    -41.79833457728));
#3361 = CARTESIAN_POINT('',(-7.85495385313,158.76481291933,
    -41.54088180193));
#3362 = CARTESIAN_POINT('',(-7.930584156923,158.88834297468,
    -41.07096424777));
#3363 = CARTESIAN_POINT('',(-7.957643075874,158.93210960787,
    -40.86401179813));
#3364 = CARTESIAN_POINT('',(-7.97862046586,158.96579272039,
    -40.65184158738));
#3365 = CARTESIAN_POINT('',(-7.992857771292,158.98857244066,
    -40.43603293343));
#3366 = CARTESIAN_POINT('',(-8.,159.,-40.2182079644));
#3367 = CARTESIAN_POINT('',(-8.,159.,-40.));
#3368 = PCURVE('',#621,#3369);
#3369 = DEFINITIONAL_REPRESENTATION('',(#3370),#3473);
#3370 = B_SPLINE_CURVE_WITH_KNOTS('',6,(#3371,#3372,#3373,#3374,#3375,
    #3376,#3377,#3378,#3379,#3380,#3381,#3382,#3383,#3384,#3385,#3386,
    #3387,#3388,#3389,#3390,#3391,#3392,#3393,#3394,#3395,#3396,#3397,
    #3398,#3399,#3400,#3401,#3402,#3403,#3404,#3405,#3406,#3407,#3408,
    #3409,#3410,#3411,#3412,#3413,#3414,#3415,#3416,#3417,#3418,#3419,
    #3420,#3421,#3422,#3423,#3424,#3425,#3426,#3427,#3428,#3429,#3430,
    #3431,#3432,#3433,#3434,#3435,#3436,#3437,#3438,#3439,#3440,#3441,
    #3442,#3443,#3444,#3445,#3446,#3447,#3448,#3449,#3450,#3451,#3452,
    #3453,#3454,#3455,#3456,#3457,#3458,#3459,#3460,#3461,#3462,#3463,
    #3464,#3465,#3466,#3467,#3468,#3469,#3470,#3471,#3472),
  .UNSPECIFIED.,.T.,.F.,(7,5,5,5,5,5,5,5,5,5,5,5,5,5,5,5,5,5,5,5,7),(0.,
    5.325722533389E-02,7.905530133718E-02,0.148061847161,0.199961182364,
    0.250415672691,0.300725173013,0.352326526263,0.4227816169,
    0.467631005654,0.523000838564,0.554114657993,0.579809800443,
    0.6485410122,0.700233270598,0.750486449008,0.80059521592,
    0.851990681304,0.922164658224,0.966835099237,1.),.UNSPECIFIED.);
#3371 = CARTESIAN_POINT('',(3.14159265359,4.));
#3372 = CARTESIAN_POINT('',(3.09776327763,4.));
#3373 = CARTESIAN_POINT('',(3.054322736141,4.029507129298));
#3374 = CARTESIAN_POINT('',(3.011762486286,4.087537270913));
#3375 = CARTESIAN_POINT('',(2.970565557868,4.171552557462));
#3376 = CARTESIAN_POINT('',(2.931242090226,4.277464914732));
#3377 = CARTESIAN_POINT('',(2.876431341992,4.458414760788));
#3378 = CARTESIAN_POINT('',(2.859016156575,4.521518570916));
#3379 = CARTESIAN_POINT('',(2.84206916616,4.588321001809));
#3380 = CARTESIAN_POINT('',(2.825587710647,4.658497416498));
#3381 = CARTESIAN_POINT('',(2.809569024276,4.731753786666));
#3382 = CARTESIAN_POINT('',(2.752390895832,5.011309489365));
#3383 = CARTESIAN_POINT('',(2.714008280928,5.235190347939));
#3384 = CARTESIAN_POINT('',(2.67871920595,5.474983636214));
#3385 = CARTESIAN_POINT('',(2.646414909167,5.72795995309));
#3386 = CARTESIAN_POINT('',(2.617035472154,5.992694753856));
#3387 = CARTESIAN_POINT('',(2.570768398131,6.476259324645));
#3388 = CARTESIAN_POINT('',(2.552591532476,6.690178047178));
#3389 = CARTESIAN_POINT('',(2.536164826732,6.909734312547));
#3390 = CARTESIAN_POINT('',(2.521567457609,7.134356571541));
#3391 = CARTESIAN_POINT('',(2.50888830508,7.363593831552));
#3392 = CARTESIAN_POINT('',(2.487856660476,7.824097242341));
#3393 = CARTESIAN_POINT('',(2.479390763434,8.055190746079));
#3394 = CARTESIAN_POINT('',(2.47295289667,8.289271121551));
#3395 = CARTESIAN_POINT('',(2.468627703714,8.525361071123));
#3396 = CARTESIAN_POINT('',(2.466461120653,8.762561916268));
#3397 = CARTESIAN_POINT('',(2.466461120653,9.236755762921));
#3398 = CARTESIAN_POINT('',(2.468615269806,9.473277397978));
#3399 = CARTESIAN_POINT('',(2.472915721375,9.70869762043));
#3400 = CARTESIAN_POINT('',(2.479317036904,9.942124512469));
#3401 = CARTESIAN_POINT('',(2.48773544975,10.172588570242));
#3402 = CARTESIAN_POINT('',(2.508620726686,10.631213032751));
#3403 = CARTESIAN_POINT('',(2.521188866313,10.859225995862));
#3404 = CARTESIAN_POINT('',(2.535655116618,11.082686174433));
#3405 = CARTESIAN_POINT('',(2.551931849021,11.301148313743));
#3406 = CARTESIAN_POINT('',(2.569940696857,11.514049721246));
#3407 = CARTESIAN_POINT('',(2.616478326947,12.002840726139));
#3408 = CARTESIAN_POINT('',(2.646441099317,12.273263151426));
#3409 = CARTESIAN_POINT('',(2.679450893998,12.531453489513));
#3410 = CARTESIAN_POINT('',(2.715572987696,12.775900074527));
#3411 = CARTESIAN_POINT('',(2.754924543658,13.003667943985));
#3412 = CARTESIAN_POINT('',(2.824861754933,13.34117758485));
#3413 = CARTESIAN_POINT('',(2.853514446234,13.464109922651));
#3414 = CARTESIAN_POINT('',(2.883587952335,13.576944743966));
#3415 = CARTESIAN_POINT('',(2.915051352617,13.677838858304));
#3416 = CARTESIAN_POINT('',(2.947872226233,13.764812919355));
#3417 = CARTESIAN_POINT('',(3.024171905142,13.923233111719));
#3418 = CARTESIAN_POINT('',(3.068495288519,13.986563448405));
#3419 = CARTESIAN_POINT('',(3.114049868478,14.019431209751));
#3420 = CARTESIAN_POINT('',(3.159950472825,14.019211904605));
#3421 = CARTESIAN_POINT('',(3.205325118684,13.986529110205));
#3422 = CARTESIAN_POINT('',(3.273942299065,13.89127891217));
#3423 = CARTESIAN_POINT('',(3.298137832362,13.848123403977));
#3424 = CARTESIAN_POINT('',(3.32178580655,13.796723853522));
#3425 = CARTESIAN_POINT('',(3.344828962492,13.737795737566));
#3426 = CARTESIAN_POINT('',(3.367209302662,13.672136286713));
#3427 = CARTESIAN_POINT('',(3.406753965186,13.541585239218));
#3428 = CARTESIAN_POINT('',(3.424169150605,13.478481429083));
#3429 = CARTESIAN_POINT('',(3.441116141022,13.411678998184));
#3430 = CARTESIAN_POINT('',(3.457597596533,13.341502583499));
#3431 = CARTESIAN_POINT('',(3.473616282902,13.268246213342));
#3432 = CARTESIAN_POINT('',(3.530794411348,12.988690510635));
#3433 = CARTESIAN_POINT('',(3.569177026252,12.764809652061));
#3434 = CARTESIAN_POINT('',(3.604466101229,12.525016363786));
#3435 = CARTESIAN_POINT('',(3.636770398012,12.27204004691));
#3436 = CARTESIAN_POINT('',(3.666149835026,12.007305246144));
#3437 = CARTESIAN_POINT('',(3.712416909048,11.523740675355));
#3438 = CARTESIAN_POINT('',(3.730593774703,11.309821952822));
#3439 = CARTESIAN_POINT('',(3.747020480448,11.090265687452));
#3440 = CARTESIAN_POINT('',(3.761617849571,10.86564342846));
#3441 = CARTESIAN_POINT('',(3.7742970021,10.636406168448));
#3442 = CARTESIAN_POINT('',(3.795328646704,10.175902757659));
#3443 = CARTESIAN_POINT('',(3.803794543746,9.944809253921));
#3444 = CARTESIAN_POINT('',(3.810232410509,9.710728878449));
#3445 = CARTESIAN_POINT('',(3.814557603465,9.474638928877));
#3446 = CARTESIAN_POINT('',(3.816724186527,9.237438083731));
#3447 = CARTESIAN_POINT('',(3.816724186527,8.763244237079));
#3448 = CARTESIAN_POINT('',(3.814570037373,8.526722602022));
#3449 = CARTESIAN_POINT('',(3.810269585804,8.29130237957));
#3450 = CARTESIAN_POINT('',(3.803868270276,8.057875487531));
#3451 = CARTESIAN_POINT('',(3.79544985743,7.827411429758));
#3452 = CARTESIAN_POINT('',(3.774564580494,7.36878696725));
#3453 = CARTESIAN_POINT('',(3.761996440867,7.140774004137));
#3454 = CARTESIAN_POINT('',(3.747530190561,6.917313825567));
#3455 = CARTESIAN_POINT('',(3.731253458159,6.698851686257));
#3456 = CARTESIAN_POINT('',(3.713244610323,6.485950278754));
#3457 = CARTESIAN_POINT('',(3.666706980233,5.997159273861));
#3458 = CARTESIAN_POINT('',(3.636744207863,5.726736848574));
#3459 = CARTESIAN_POINT('',(3.603734413182,5.468546510487));
#3460 = CARTESIAN_POINT('',(3.567612319484,5.224099925473));
#3461 = CARTESIAN_POINT('',(3.528260763522,4.996332056015));
#3462 = CARTESIAN_POINT('',(3.458323552255,4.65882241519));
#3463 = CARTESIAN_POINT('',(3.429670860942,4.535890077324));
#3464 = CARTESIAN_POINT('',(3.399597354835,4.423055256003));
#3465 = CARTESIAN_POINT('',(3.368133954561,4.322161141704));
#3466 = CARTESIAN_POINT('',(3.335313080957,4.235187080666));
#3467 = CARTESIAN_POINT('',(3.275817486246,4.111657025315));
#3468 = CARTESIAN_POINT('',(3.249739641291,4.067890392125));
#3469 = CARTESIAN_POINT('',(3.223109359686,4.034207279605));
#3470 = CARTESIAN_POINT('',(3.196096775256,4.011427559336));
#3471 = CARTESIAN_POINT('',(3.16886864914,4.));
#3472 = CARTESIAN_POINT('',(3.14159265359,4.));
#3473 = ( GEOMETRIC_REPRESENTATION_CONTEXT(2) 
PARAMETRIC_REPRESENTATION_CONTEXT() REPRESENTATION_CONTEXT('2D SPACE',''
  ) );
#3474 = PCURVE('',#3475,#3480);
#3475 = CYLINDRICAL_SURFACE('',#3476,5.);
#3476 = AXIS2_PLACEMENT_3D('',#3477,#3478,#3479);
#3477 = CARTESIAN_POINT('',(-8.,154.,-40.));
#3478 = DIRECTION('',(1.,4.930380657631E-32,2.22044604925E-16));
#3479 = DIRECTION('',(0.,1.,-2.22044604925E-16));
#3480 = DEFINITIONAL_REPRESENTATION('',(#3481),#3584);
#3481 = B_SPLINE_CURVE_WITH_KNOTS('',6,(#3482,#3483,#3484,#3485,#3486,
    #3487,#3488,#3489,#3490,#3491,#3492,#3493,#3494,#3495,#3496,#3497,
    #3498,#3499,#3500,#3501,#3502,#3503,#3504,#3505,#3506,#3507,#3508,
    #3509,#3510,#3511,#3512,#3513,#3514,#3515,#3516,#3517,#3518,#3519,
    #3520,#3521,#3522,#3523,#3524,#3525,#3526,#3527,#3528,#3529,#3530,
    #3531,#3532,#3533,#3534,#3535,#3536,#3537,#3538,#3539,#3540,#3541,
    #3542,#3543,#3544,#3545,#3546,#3547,#3548,#3549,#3550,#3551,#3552,
    #3553,#3554,#3555,#3556,#3557,#3558,#3559,#3560,#3561,#3562,#3563,
    #3564,#3565,#3566,#3567,#3568,#3569,#3570,#3571,#3572,#3573,#3574,
    #3575,#3576,#3577,#3578,#3579,#3580,#3581,#3582,#3583),
  .UNSPECIFIED.,.F.,.F.,(7,5,5,5,5,5,5,5,5,5,5,5,5,5,5,5,5,5,5,5,7),(0.,
    5.325722533389E-02,7.905530133718E-02,0.148061847161,0.199961182364,
    0.250415672691,0.300725173013,0.352326526263,0.4227816169,
    0.467631005654,0.523000838564,0.554114657993,0.579809800443,
    0.6485410122,0.700233270598,0.750486449008,0.80059521592,
    0.851990681304,0.922164658224,0.966835099237,1.),.UNSPECIFIED.);
#3482 = CARTESIAN_POINT('',(0.,-9.769962616701E-15));
#3483 = CARTESIAN_POINT('',(7.01270015359E-02,-9.731034310825E-15));
#3484 = CARTESIAN_POINT('',(0.139631723578,1.844219050914E-02));
#3485 = CARTESIAN_POINT('',(0.208107143026,5.470987333955E-02));
#3486 = CARTESIAN_POINT('',(0.275121332711,0.106725086895));
#3487 = CARTESIAN_POINT('',(0.340137454317,0.171034205146));
#3488 = CARTESIAN_POINT('',(0.432548308075,0.278359222195));
#3489 = CARTESIAN_POINT('',(0.462211363649,0.315437742293));
#3490 = CARTESIAN_POINT('',(0.491405755103,0.354263049618));
#3491 = CARTESIAN_POINT('',(0.520153446199,0.394544534045));
#3492 = CARTESIAN_POINT('',(0.548475087213,0.436010548023));
#3493 = CARTESIAN_POINT('',(0.651063974516,0.591821496914));
#3494 = CARTESIAN_POINT('',(0.722928357958,0.712048730801));
#3495 = CARTESIAN_POINT('',(0.792537524082,0.834566741937));
#3496 = CARTESIAN_POINT('',(0.86039045683,0.955904668363));
#3497 = CARTESIAN_POINT('',(0.927000949896,1.07324434943));
#3498 = CARTESIAN_POINT('',(1.042463337857,1.267014097192));
#3499 = CARTESIAN_POINT('',(1.091619043146,1.346366302553));
#3500 = CARTESIAN_POINT('',(1.140476699045,1.420530379682));
#3501 = CARTESIAN_POINT('',(1.189145652795,1.488208975202));
#3502 = CARTESIAN_POINT('',(1.237742283286,1.548184650206));
#3503 = CARTESIAN_POINT('',(1.333697446117,1.649118709289));
#3504 = CARTESIAN_POINT('',(1.38106557986,1.690573415092));
#3505 = CARTESIAN_POINT('',(1.428457698991,1.722543228669));
#3506 = CARTESIAN_POINT('',(1.475868565738,1.744169057439));
#3507 = CARTESIAN_POINT('',(1.523308710049,1.755002001602));
#3508 = CARTESIAN_POINT('',(1.618147479379,1.755002001602));
#3509 = CARTESIAN_POINT('',(1.665451782111,1.744231227577));
#3510 = CARTESIAN_POINT('',(1.712727044328,1.722729102915));
#3511 = CARTESIAN_POINT('',(1.759983537268,1.690939536296));
#3512 = CARTESIAN_POINT('',(1.807215943289,1.649712287061));
#3513 = CARTESIAN_POINT('',(1.902756868143,1.549456831884));
#3514 = CARTESIAN_POINT('',(1.951075121589,1.489984905196));
#3515 = CARTESIAN_POINT('',(1.999463435469,1.422877561439));
#3516 = CARTESIAN_POINT('',(2.048035671281,1.349330791561));
#3517 = CARTESIAN_POINT('',(2.096898690504,1.270619939122));
#3518 = CARTESIAN_POINT('',(2.213416879123,1.075395697767));
#3519 = CARTESIAN_POINT('',(2.281401162736,0.955601173548));
#3520 = CARTESIAN_POINT('',(2.350679003546,0.831623294561));
#3521 = CARTESIAN_POINT('',(2.421797693173,0.706451423002));
#3522 = CARTESIAN_POINT('',(2.495287397598,0.583793764882));
#3523 = CARTESIAN_POINT('',(2.620404662608,0.39513488508));
#3524 = CARTESIAN_POINT('',(2.670411784474,0.324531315666));
#3525 = CARTESIAN_POINT('',(2.721777866103,0.25821590544));
#3526 = CARTESIAN_POINT('',(2.774540640914,0.197818454045));
#3527 = CARTESIAN_POINT('',(2.828762017643,0.145046146857));
#3528 = CARTESIAN_POINT('',(2.953385390632,4.80546313799E-02));
#3529 = CARTESIAN_POINT('',(3.02484523085,8.553463482261E-03));
#3530 = CARTESIAN_POINT('',(3.097646755684,-1.224806821649E-02));
#3531 = CARTESIAN_POINT('',(3.170821246035,-1.202983090217E-02));
#3532 = CARTESIAN_POINT('',(3.243441148092,8.555830624269E-03));
#3533 = CARTESIAN_POINT('',(3.354242865637,6.754228105771E-02));
#3534 = CARTESIAN_POINT('',(3.393518586133,9.415822011412E-02));
#3535 = CARTESIAN_POINT('',(3.432176457961,0.125663270662));
#3536 = CARTESIAN_POINT('',(3.470176999577,0.161469960631));
#3537 = CARTESIAN_POINT('',(3.507468709538,0.200926752899));
#3538 = CARTESIAN_POINT('',(3.574140961662,0.278359222191));
#3539 = CARTESIAN_POINT('',(3.60380401724,0.315437742293));
#3540 = CARTESIAN_POINT('',(3.632998408696,0.354263049622));
#3541 = CARTESIAN_POINT('',(3.66174609979,0.394544534046));
#3542 = CARTESIAN_POINT('',(3.6900677408,0.436010548019));
#3543 = CARTESIAN_POINT('',(3.792656628106,0.591821496914));
#3544 = CARTESIAN_POINT('',(3.864521011548,0.712048730801));
#3545 = CARTESIAN_POINT('',(3.934130177672,0.834566741936));
#3546 = CARTESIAN_POINT('',(4.00198311042,0.955904668363));
#3547 = CARTESIAN_POINT('',(4.068593603486,1.07324434943));
#3548 = CARTESIAN_POINT('',(4.184055991447,1.267014097192));
#3549 = CARTESIAN_POINT('',(4.233211696736,1.346366302553));
#3550 = CARTESIAN_POINT('',(4.282069352635,1.420530379682));
#3551 = CARTESIAN_POINT('',(4.330738306385,1.488208975202));
#3552 = CARTESIAN_POINT('',(4.379334936876,1.548184650206));
#3553 = CARTESIAN_POINT('',(4.475290099707,1.649118709289));
#3554 = CARTESIAN_POINT('',(4.52265823345,1.690573415092));
#3555 = CARTESIAN_POINT('',(4.570050352581,1.722543228669));
#3556 = CARTESIAN_POINT('',(4.617461219327,1.744169057439));
#3557 = CARTESIAN_POINT('',(4.664901363638,1.755002001602));
#3558 = CARTESIAN_POINT('',(4.759740132969,1.755002001602));
#3559 = CARTESIAN_POINT('',(4.807044435701,1.744231227576));
#3560 = CARTESIAN_POINT('',(4.854319697918,1.722729102915));
#3561 = CARTESIAN_POINT('',(4.901576190858,1.690939536296));
#3562 = CARTESIAN_POINT('',(4.948808596878,1.649712287061));
#3563 = CARTESIAN_POINT('',(5.044349521733,1.549456831884));
#3564 = CARTESIAN_POINT('',(5.092667775179,1.489984905196));
#3565 = CARTESIAN_POINT('',(5.141056089059,1.422877561439));
#3566 = CARTESIAN_POINT('',(5.189628324871,1.349330791561));
#3567 = CARTESIAN_POINT('',(5.238491344094,1.270619939122));
#3568 = CARTESIAN_POINT('',(5.355009532712,1.075395697767));
#3569 = CARTESIAN_POINT('',(5.422993816325,0.955601173548));
#3570 = CARTESIAN_POINT('',(5.492271657136,0.831623294561));
#3571 = CARTESIAN_POINT('',(5.563390346763,0.706451423002));
#3572 = CARTESIAN_POINT('',(5.636880051187,0.583793764882));
#3573 = CARTESIAN_POINT('',(5.761997316183,0.395134885103));
#3574 = CARTESIAN_POINT('',(5.81200443807,0.324531315652));
#3575 = CARTESIAN_POINT('',(5.863370519709,0.258215905422));
#3576 = CARTESIAN_POINT('',(5.916133294505,0.197818454049));
#3577 = CARTESIAN_POINT('',(5.970354671215,0.14504614687));
#3578 = CARTESIAN_POINT('',(6.06753124911,6.941584307707E-02));
#3579 = CARTESIAN_POINT('',(6.109787142733,4.235692412556E-02));
#3580 = CARTESIAN_POINT('',(6.152667366255,2.137953413982E-02));
#3581 = CARTESIAN_POINT('',(6.195978722334,7.142228708368E-03));
#3582 = CARTESIAN_POINT('',(6.239543714299,-9.794188567325E-15));
#3583 = CARTESIAN_POINT('',(6.28318530718,-9.769962616701E-15));
#3584 = ( GEOMETRIC_REPRESENTATION_CONTEXT(2) 
PARAMETRIC_REPRESENTATION_CONTEXT() REPRESENTATION_CONTEXT('2D SPACE',''
  ) );
#3585 = ADVANCED_FACE('',(#3586),#895,.F.);
#3586 = FACE_BOUND('',#3587,.F.);
#3587 = EDGE_LOOP('',(#3588,#3863,#3884,#3885));
#3588 = ORIENTED_EDGE('',*,*,#3589,.F.);
#3589 = EDGE_CURVE('',#3590,#3590,#3592,.T.);
#3590 = VERTEX_POINT('',#3591);
#3591 = CARTESIAN_POINT('',(-148.,2.069653090559E-14,-35.));
#3592 = SURFACE_CURVE('',#3593,(#3681,#3772),.PCURVE_S1.);
#3593 = B_SPLINE_CURVE_WITH_KNOTS('',6,(#3594,#3595,#3596,#3597,#3598,
    #3599,#3600,#3601,#3602,#3603,#3604,#3605,#3606,#3607,#3608,#3609,
    #3610,#3611,#3612,#3613,#3614,#3615,#3616,#3617,#3618,#3619,#3620,
    #3621,#3622,#3623,#3624,#3625,#3626,#3627,#3628,#3629,#3630,#3631,
    #3632,#3633,#3634,#3635,#3636,#3637,#3638,#3639,#3640,#3641,#3642,
    #3643,#3644,#3645,#3646,#3647,#3648,#3649,#3650,#3651,#3652,#3653,
    #3654,#3655,#3656,#3657,#3658,#3659,#3660,#3661,#3662,#3663,#3664,
    #3665,#3666,#3667,#3668,#3669,#3670,#3671,#3672,#3673,#3674,#3675,
    #3676,#3677,#3678,#3679,#3680),.UNSPECIFIED.,.T.,.F.,(7,5,5,5,5,5,5,
    5,5,5,5,5,5,5,5,5,5,7),(0.,4.829776632259E-02,0.121744264243,
    0.181008432401,0.249779170963,0.318549914787,0.37781407908,
    0.419636471902,0.468543810958,0.520451858392,0.579900626336,
    0.621785256731,0.681137614395,0.750010698711,0.818883783027,
    0.878236144534,0.920120774099,1.),.UNSPECIFIED.);
#3594 = CARTESIAN_POINT('',(-148.,2.13162820728E-14,-35.));
#3595 = CARTESIAN_POINT('',(-148.,-0.307438769795,-35.));
#3596 = CARTESIAN_POINT('',(-147.9992340169,-0.614205479191,
    -35.02268460425));
#3597 = CARTESIAN_POINT('',(-147.9977064588,-0.916832451754,
    -35.06786694376));
#3598 = CARTESIAN_POINT('',(-147.9954849928,-1.211921606774,
    -35.13443078076));
#3599 = CARTESIAN_POINT('',(-147.9926838085,-1.496333142421,
    -35.22036195765));
#3600 = CARTESIAN_POINT('',(-147.9845244814,-2.179546859072,
    -35.47852690798));
#3601 = CARTESIAN_POINT('',(-147.9785958287,-2.560609186155,
    -35.67232708064));
#3602 = CARTESIAN_POINT('',(-147.9720745005,-2.908588723055,
    -35.89680917881));
#3603 = CARTESIAN_POINT('',(-147.9653534236,-3.222724558377,
    -36.14553582987));
#3604 = CARTESIAN_POINT('',(-147.9587419094,-3.503134187053,
    -36.41279645462));
#3605 = CARTESIAN_POINT('',(-147.9474089082,-3.950200119682,
    -36.91989321562));
#3606 = CARTESIAN_POINT('',(-147.942554159,-4.128950123952,
    -37.15572073902));
#3607 = CARTESIAN_POINT('',(-147.9380142962,-4.287524266952,
    -37.39895216407));
#3608 = CARTESIAN_POINT('',(-147.9338682423,-4.42663481466,
    -37.64805902986));
#3609 = CARTESIAN_POINT('',(-147.9301724332,-4.546920966605,
    -37.90185197801));
#3610 = CARTESIAN_POINT('',(-147.9232497659,-4.76719953946,
    -38.45821214441));
#3611 = CARTESIAN_POINT('',(-147.9201933481,-4.860841539524,
    -38.76207215865));
#3612 = CARTESIAN_POINT('',(-147.9178638031,-4.930550076393,
    -39.06936607232));
#3613 = CARTESIAN_POINT('',(-147.9162992313,-4.976846216154,
    -39.37883469967));
#3614 = CARTESIAN_POINT('',(-147.9155164274,-5.,-39.68939763308));
#3615 = CARTESIAN_POINT('',(-147.9155164274,-5.,-40.31060239067));
#3616 = CARTESIAN_POINT('',(-147.9162992311,-4.976846222475,
    -40.6211652626));
#3617 = CARTESIAN_POINT('',(-147.9178638032,-4.930550072164,
    -40.93063392732));
#3618 = CARTESIAN_POINT('',(-147.9201933484,-4.860841531208,
    -41.2379278789));
#3619 = CARTESIAN_POINT('',(-147.9232497656,-4.767199548567,
    -41.54178783258));
#3620 = CARTESIAN_POINT('',(-147.930172433,-4.546920973207,
    -42.0981480053));
#3621 = CARTESIAN_POINT('',(-147.9338682427,-4.426634799523,
    -42.35194099573));
#3622 = CARTESIAN_POINT('',(-147.9380142961,-4.28752426998,
    -42.60104783675));
#3623 = CARTESIAN_POINT('',(-147.9425541585,-4.128950140521,
    -42.84427923576));
#3624 = CARTESIAN_POINT('',(-147.9474089085,-3.95020010657,
    -43.08010679924));
#3625 = CARTESIAN_POINT('',(-147.9560413275,-3.609667146808,
    -43.46636562218));
#3626 = CARTESIAN_POINT('',(-147.9597165933,-3.458328773992,
    -43.62155345151));
#3627 = CARTESIAN_POINT('',(-147.9634559327,-3.296344448694,
    -43.77134588807));
#3628 = CARTESIAN_POINT('',(-147.96721156,-3.123546926211,
    -43.91487011377));
#3629 = CARTESIAN_POINT('',(-147.9709275098,-2.939818847744,
    -44.05113968638));
#3630 = CARTESIAN_POINT('',(-147.9787634429,-2.517425262054,
    -44.3286004117));
#3631 = CARTESIAN_POINT('',(-147.9828542405,-2.27423966045,
    -44.46703384162));
#3632 = CARTESIAN_POINT('',(-147.9866902931,-2.016342109212,
    -44.59181471028));
#3633 = CARTESIAN_POINT('',(-147.9901403851,-1.744862269182,
    -44.70060491139));
#3634 = CARTESIAN_POINT('',(-147.9930782595,-1.461246016198,
    -44.79126183804));
#3635 = CARTESIAN_POINT('',(-147.9978583434,-0.855168083003,
    -44.93676827615));
#3636 = CARTESIAN_POINT('',(-147.9996198022,-0.53170598528,
    -44.98900394361));
#3637 = CARTESIAN_POINT('',(-148.0005382012,-0.201313926839,
    -45.01576110605));
#3638 = CARTESIAN_POINT('',(-148.0005350757,0.131088481805,
    -45.01578844624));
#3639 = CARTESIAN_POINT('',(-147.9996331921,0.460494062663,
    -44.98939053455));
#3640 = CARTESIAN_POINT('',(-147.9959860674,1.150581027266,
    -44.88009149688));
#3641 = CARTESIAN_POINT('',(-147.993001958,1.506996518884,
    -44.78983340985));
#3642 = CARTESIAN_POINT('',(-147.9891350042,1.847565962793,
    -44.67060764696));
#3643 = CARTESIAN_POINT('',(-147.9846074573,2.1690090437,-44.52607496222
    ));
#3644 = CARTESIAN_POINT('',(-147.9796662311,2.468760739082,
    -44.36056702838));
#3645 = CARTESIAN_POINT('',(-147.9709275098,2.939818847746,
    -44.05113968637));
#3646 = CARTESIAN_POINT('',(-147.96721156,3.123546926211,-43.91487011377
    ));
#3647 = CARTESIAN_POINT('',(-147.9634559327,3.296344448692,
    -43.77134588807));
#3648 = CARTESIAN_POINT('',(-147.9597165933,3.458328773991,
    -43.62155345151));
#3649 = CARTESIAN_POINT('',(-147.9560413275,3.609667146811,
    -43.46636562217));
#3650 = CARTESIAN_POINT('',(-147.9474089085,3.95020010657,
    -43.08010679924));
#3651 = CARTESIAN_POINT('',(-147.9425541585,4.128950140521,
    -42.84427923576));
#3652 = CARTESIAN_POINT('',(-147.9380142961,4.28752426998,
    -42.60104783675));
#3653 = CARTESIAN_POINT('',(-147.9338682427,4.426634799523,
    -42.35194099573));
#3654 = CARTESIAN_POINT('',(-147.930172433,4.546920973207,-42.0981480053
    ));
#3655 = CARTESIAN_POINT('',(-147.9232497656,4.767199548567,
    -41.54178783258));
#3656 = CARTESIAN_POINT('',(-147.9201933484,4.860841531208,
    -41.2379278789));
#3657 = CARTESIAN_POINT('',(-147.9178638032,4.930550072164,
    -40.93063392732));
#3658 = CARTESIAN_POINT('',(-147.9162992311,4.976846222475,
    -40.6211652626));
#3659 = CARTESIAN_POINT('',(-147.9155164274,5.,-40.31060239067));
#3660 = CARTESIAN_POINT('',(-147.9155164274,5.,-39.68939760932));
#3661 = CARTESIAN_POINT('',(-147.9162992311,4.976846222475,
    -39.37883473739));
#3662 = CARTESIAN_POINT('',(-147.9178638032,4.930550072164,
    -39.06936607267));
#3663 = CARTESIAN_POINT('',(-147.9201933484,4.860841531208,
    -38.76207212109));
#3664 = CARTESIAN_POINT('',(-147.9232497656,4.767199548567,
    -38.45821216741));
#3665 = CARTESIAN_POINT('',(-147.9301724332,4.546920966605,
    -37.90185197801));
#3666 = CARTESIAN_POINT('',(-147.9338682423,4.42663481466,
    -37.64805902986));
#3667 = CARTESIAN_POINT('',(-147.9380142962,4.287524266953,
    -37.39895216407));
#3668 = CARTESIAN_POINT('',(-147.942554159,4.128950123952,
    -37.15572073902));
#3669 = CARTESIAN_POINT('',(-147.9474089082,3.950200119682,
    -36.91989321562));
#3670 = CARTESIAN_POINT('',(-147.9560413275,3.609667149474,
    -36.53363438084));
#3671 = CARTESIAN_POINT('',(-147.9597165934,3.458328768972,
    -36.37844654402));
#3672 = CARTESIAN_POINT('',(-147.9634559327,3.296344449188,
    -36.22865411166));
#3673 = CARTESIAN_POINT('',(-147.9672115599,3.123546931465,
    -36.08512989056));
#3674 = CARTESIAN_POINT('',(-147.9709275099,2.939818844017,
    -35.94886031117));
#3675 = CARTESIAN_POINT('',(-147.9814280991,2.37378777787,
    -35.57704739664));
#3676 = CARTESIAN_POINT('',(-147.9880342165,1.957363461481,
    -35.36018392776));
#3677 = CARTESIAN_POINT('',(-147.993746914,1.50152357361,-35.18503682355
    ));
#3678 = CARTESIAN_POINT('',(-147.9978853226,1.015437732956,
    -35.06260875987));
#3679 = CARTESIAN_POINT('',(-148.,0.510755044707,-35.));
#3680 = CARTESIAN_POINT('',(-148.,2.13162820728E-14,-35.));
#3681 = PCURVE('',#895,#3682);
#3682 = DEFINITIONAL_REPRESENTATION('',(#3683),#3771);
#3683 = B_SPLINE_CURVE_WITH_KNOTS('',6,(#3684,#3685,#3686,#3687,#3688,
    #3689,#3690,#3691,#3692,#3693,#3694,#3695,#3696,#3697,#3698,#3699,
    #3700,#3701,#3702,#3703,#3704,#3705,#3706,#3707,#3708,#3709,#3710,
    #3711,#3712,#3713,#3714,#3715,#3716,#3717,#3718,#3719,#3720,#3721,
    #3722,#3723,#3724,#3725,#3726,#3727,#3728,#3729,#3730,#3731,#3732,
    #3733,#3734,#3735,#3736,#3737,#3738,#3739,#3740,#3741,#3742,#3743,
    #3744,#3745,#3746,#3747,#3748,#3749,#3750,#3751,#3752,#3753,#3754,
    #3755,#3756,#3757,#3758,#3759,#3760,#3761,#3762,#3763,#3764,#3765,
    #3766,#3767,#3768,#3769,#3770),.UNSPECIFIED.,.F.,.F.,(7,5,5,5,5,5,5,
    5,5,5,5,5,5,5,5,5,5,7),(0.,4.829776632259E-02,0.121744264243,
    0.181008432401,0.249779170963,0.318549914787,0.37781407908,
    0.419636471902,0.468543810958,0.520451858392,0.579900626336,
    0.621785256731,0.681137614395,0.750010698711,0.818883783027,
    0.878236144534,0.920120774099,1.),.UNSPECIFIED.);
#3684 = CARTESIAN_POINT('',(-8.881784197001E-16,14.));
#3685 = CARTESIAN_POINT('',(6.14877539591E-02,14.));
#3686 = CARTESIAN_POINT('',(0.122841047534,14.000765983013));
#3687 = CARTESIAN_POINT('',(0.18378503858,14.002293541124));
#3688 = CARTESIAN_POINT('',(0.244048818214,14.004515007166));
#3689 = CARTESIAN_POINT('',(0.303333974337,14.007316191409));
#3690 = CARTESIAN_POINT('',(0.449406576039,14.015475518538));
#3691 = CARTESIAN_POINT('',(0.53439994062,14.02140417122));
#3692 = CARTESIAN_POINT('',(0.616603645085,14.027925499401));
#3693 = CARTESIAN_POINT('',(0.696219763733,14.034646576349));
#3694 = CARTESIAN_POINT('',(0.773402639532,14.041258090516));
#3695 = CARTESIAN_POINT('',(0.908608419458,14.052591091759));
#3696 = CARTESIAN_POINT('',(0.967629980037,14.057445840966));
#3697 = CARTESIAN_POINT('',(1.025488808437,14.061985703795));
#3698 = CARTESIAN_POINT('',(1.08236016486,14.06613175767));
#3699 = CARTESIAN_POINT('',(1.138410118799,14.06982756675));
#3700 = CARTESIAN_POINT('',(1.258086229098,14.076750234064));
#3701 = CARTESIAN_POINT('',(1.321485185751,14.079806651804));
#3702 = CARTESIAN_POINT('',(1.384237886369,14.082136196842));
#3703 = CARTESIAN_POINT('',(1.446563393401,14.083700768662));
#3704 = CARTESIAN_POINT('',(1.508675853413,14.084483572547));
#3705 = CARTESIAN_POINT('',(1.632916804931,14.084483572547));
#3706 = CARTESIAN_POINT('',(1.695029252426,14.083700768863));
#3707 = CARTESIAN_POINT('',(1.757354767312,14.082136196709));
#3708 = CARTESIAN_POINT('',(1.820107475645,14.079806651541));
#3709 = CARTESIAN_POINT('',(1.883506419544,14.07675023435));
#3710 = CARTESIAN_POINT('',(2.003182531204,14.069827566957));
#3711 = CARTESIAN_POINT('',(2.059232494752,14.066131757246));
#3712 = CARTESIAN_POINT('',(2.116103844975,14.061985703853));
#3713 = CARTESIAN_POINT('',(2.173962667445,14.057445841417));
#3714 = CARTESIAN_POINT('',(2.232984238097,14.052591091426));
#3715 = CARTESIAN_POINT('',(2.335971339227,14.043958672415));
#3716 = CARTESIAN_POINT('',(2.379269268614,14.040283406618));
#3717 = CARTESIAN_POINT('',(2.423305306727,14.036544067266));
#3718 = CARTESIAN_POINT('',(2.468131842546,14.032788439948));
#3719 = CARTESIAN_POINT('',(2.513807191213,14.029072490128));
#3720 = CARTESIAN_POINT('',(2.614881578737,14.021236557086));
#3721 = CARTESIAN_POINT('',(2.670733354489,14.017145759429));
#3722 = CARTESIAN_POINT('',(2.727836811539,14.013309706866));
#3723 = CARTESIAN_POINT('',(2.786109654989,14.009859614847));
#3724 = CARTESIAN_POINT('',(2.845498442702,14.006921740422));
#3725 = CARTESIAN_POINT('',(2.970158393711,14.002141656502));
#3726 = CARTESIAN_POINT('',(3.035502182074,14.000380197766));
#3727 = CARTESIAN_POINT('',(3.101480115536,13.999461798778));
#3728 = CARTESIAN_POINT('',(3.167638771073,13.99946492425));
#3729 = CARTESIAN_POINT('',(3.233534681761,14.000366807843));
#3730 = CARTESIAN_POINT('',(3.373272478845,14.004013932599));
#3731 = CARTESIAN_POINT('',(3.446502130649,14.006998041947));
#3732 = CARTESIAN_POINT('',(3.518254148704,14.010864995781));
#3733 = CARTESIAN_POINT('',(3.588378613005,14.015392542613));
#3734 = CARTESIAN_POINT('',(3.656658814741,14.02033376889));
#3735 = CARTESIAN_POINT('',(3.769378115967,14.029072490128));
#3736 = CARTESIAN_POINT('',(3.815053464634,14.032788439948));
#3737 = CARTESIAN_POINT('',(3.859880000452,14.036544067266));
#3738 = CARTESIAN_POINT('',(3.903916038566,14.040283406618));
#3739 = CARTESIAN_POINT('',(3.947213967954,14.043958672415));
#3740 = CARTESIAN_POINT('',(4.050201069082,14.052591091426));
#3741 = CARTESIAN_POINT('',(4.109222639735,14.057445841417));
#3742 = CARTESIAN_POINT('',(4.167081462205,14.061985703853));
#3743 = CARTESIAN_POINT('',(4.223952812427,14.066131757246));
#3744 = CARTESIAN_POINT('',(4.280002775975,14.069827566957));
#3745 = CARTESIAN_POINT('',(4.399678887636,14.07675023435));
#3746 = CARTESIAN_POINT('',(4.463077831534,14.079806651541));
#3747 = CARTESIAN_POINT('',(4.525830539867,14.082136196709));
#3748 = CARTESIAN_POINT('',(4.588156054754,14.083700768863));
#3749 = CARTESIAN_POINT('',(4.650268502249,14.084483572547));
#3750 = CARTESIAN_POINT('',(4.77450945852,14.084483572547));
#3751 = CARTESIAN_POINT('',(4.836621906016,14.083700768863));
#3752 = CARTESIAN_POINT('',(4.898947420902,14.082136196709));
#3753 = CARTESIAN_POINT('',(4.961700129235,14.079806651541));
#3754 = CARTESIAN_POINT('',(5.025099073134,14.07675023435));
#3755 = CARTESIAN_POINT('',(5.144775188381,14.06982756675));
#3756 = CARTESIAN_POINT('',(5.20082514232,14.06613175767));
#3757 = CARTESIAN_POINT('',(5.257696498742,14.061985703795));
#3758 = CARTESIAN_POINT('',(5.315555327142,14.057445840966));
#3759 = CARTESIAN_POINT('',(5.374576887721,14.052591091759));
#3760 = CARTESIAN_POINT('',(5.47756399201,14.043958672483));
#3761 = CARTESIAN_POINT('',(5.520861923557,14.040283406508));
#3762 = CARTESIAN_POINT('',(5.564897960277,14.036544067267));
#3763 = CARTESIAN_POINT('',(5.609724494763,14.032788440059));
#3764 = CARTESIAN_POINT('',(5.655399845695,14.029072490059));
#3765 = CARTESIAN_POINT('',(5.790845186884,14.018571900836));
#3766 = CARTESIAN_POINT('',(5.884267871489,14.011965783446));
#3767 = CARTESIAN_POINT('',(5.980961350992,14.006253085915));
#3768 = CARTESIAN_POINT('',(6.080097878171,14.002114677388));
#3769 = CARTESIAN_POINT('',(6.181034298238,14.));
#3770 = CARTESIAN_POINT('',(6.28318530718,14.));
#3771 = ( GEOMETRIC_REPRESENTATION_CONTEXT(2) 
PARAMETRIC_REPRESENTATION_CONTEXT() REPRESENTATION_CONTEXT('2D SPACE',''
  ) );
#3772 = PCURVE('',#1936,#3773);
#3773 = DEFINITIONAL_REPRESENTATION('',(#3774),#3862);
#3774 = B_SPLINE_CURVE_WITH_KNOTS('',6,(#3775,#3776,#3777,#3778,#3779,
    #3780,#3781,#3782,#3783,#3784,#3785,#3786,#3787,#3788,#3789,#3790,
    #3791,#3792,#3793,#3794,#3795,#3796,#3797,#3798,#3799,#3800,#3801,
    #3802,#3803,#3804,#3805,#3806,#3807,#3808,#3809,#3810,#3811,#3812,
    #3813,#3814,#3815,#3816,#3817,#3818,#3819,#3820,#3821,#3822,#3823,
    #3824,#3825,#3826,#3827,#3828,#3829,#3830,#3831,#3832,#3833,#3834,
    #3835,#3836,#3837,#3838,#3839,#3840,#3841,#3842,#3843,#3844,#3845,
    #3846,#3847,#3848,#3849,#3850,#3851,#3852,#3853,#3854,#3855,#3856,
    #3857,#3858,#3859,#3860,#3861),.UNSPECIFIED.,.T.,.F.,(7,5,5,5,5,5,5,
    5,5,5,5,5,5,5,5,5,5,7),(0.,4.829776632259E-02,0.121744264243,
    0.181008432401,0.249779170963,0.318549914787,0.37781407908,
    0.419636471902,0.468543810958,0.520451858392,0.579900626336,
    0.621785256731,0.681137614395,0.750010698711,0.818883783027,
    0.878236144534,0.920120774099,1.),.UNSPECIFIED.);
#3775 = CARTESIAN_POINT('',(3.14159265359,47.));
#3776 = CARTESIAN_POINT('',(3.143669942575,47.));
#3777 = CARTESIAN_POINT('',(3.14574269052,46.977315395742));
#3778 = CARTESIAN_POINT('',(3.147787483734,46.932133056236));
#3779 = CARTESIAN_POINT('',(3.149781377271,46.865569219235));
#3780 = CARTESIAN_POINT('',(3.151703165908,46.779638042347));
#3781 = CARTESIAN_POINT('',(3.156319803993,46.521473092011));
#3782 = CARTESIAN_POINT('',(3.158894844186,46.327672919355));
#3783 = CARTESIAN_POINT('',(3.161246454877,46.103190821189));
#3784 = CARTESIAN_POINT('',(3.163369472063,45.854464170129));
#3785 = CARTESIAN_POINT('',(3.165264655282,45.587203545379));
#3786 = CARTESIAN_POINT('',(3.168286341456,45.080106784374));
#3787 = CARTESIAN_POINT('',(3.169494555183,44.844279260973));
#3788 = CARTESIAN_POINT('',(3.170566439658,44.601047835926));
#3789 = CARTESIAN_POINT('',(3.171506792613,44.351940970134));
#3790 = CARTESIAN_POINT('',(3.172319920186,44.098148021982));
#3791 = CARTESIAN_POINT('',(3.173809023733,43.541787855586));
#3792 = CARTESIAN_POINT('',(3.174442076462,43.237927841345));
#3793 = CARTESIAN_POINT('',(3.17491334289,42.930633927675));
#3794 = CARTESIAN_POINT('',(3.175226333332,42.621165300326));
#3795 = CARTESIAN_POINT('',(3.175382867163,42.310602366912));
#3796 = CARTESIAN_POINT('',(3.175382867163,41.689397609322));
#3797 = CARTESIAN_POINT('',(3.175226333374,41.378834737394));
#3798 = CARTESIAN_POINT('',(3.174913342861,41.069366072675));
#3799 = CARTESIAN_POINT('',(3.174442076405,40.762072121096));
#3800 = CARTESIAN_POINT('',(3.173809023794,40.458212167415));
#3801 = CARTESIAN_POINT('',(3.17231992023,39.901851994694));
#3802 = CARTESIAN_POINT('',(3.171506792511,39.64805900427));
#3803 = CARTESIAN_POINT('',(3.170566439678,39.398952163246));
#3804 = CARTESIAN_POINT('',(3.169494555295,39.15572076424));
#3805 = CARTESIAN_POINT('',(3.168286341368,38.919893200752));
#3806 = CARTESIAN_POINT('',(3.165984703821,38.53363437782));
#3807 = CARTESIAN_POINT('',(3.16496184634,38.378446548488));
#3808 = CARTESIAN_POINT('',(3.163867067311,38.228654111929));
#3809 = CARTESIAN_POINT('',(3.162699242573,38.085129886223));
#3810 = CARTESIAN_POINT('',(3.161457584493,37.94886031362));
#3811 = CARTESIAN_POINT('',(3.158603082718,37.671399588292));
#3812 = CARTESIAN_POINT('',(3.156959706695,37.532966158371));
#3813 = CARTESIAN_POINT('',(3.155216968292,37.408185289718));
#3814 = CARTESIAN_POINT('',(3.153382503959,37.299395088607));
#3815 = CARTESIAN_POINT('',(3.151466081029,37.208738161954));
#3816 = CARTESIAN_POINT('',(3.147370832496,37.063231723846));
#3817 = CARTESIAN_POINT('',(3.145185251862,37.010996056382));
#3818 = CARTESIAN_POINT('',(3.142952876827,36.984238893948));
#3819 = CARTESIAN_POINT('',(3.140706927505,36.984211553755));
#3820 = CARTESIAN_POINT('',(3.138481212972,37.010609465448));
#3821 = CARTESIAN_POINT('',(3.133818398093,37.119908503111));
#3822 = CARTESIAN_POINT('',(3.131410112616,37.210166590144));
#3823 = CARTESIAN_POINT('',(3.129108833347,37.329392353034));
#3824 = CARTESIAN_POINT('',(3.126936715732,37.473925037778));
#3825 = CARTESIAN_POINT('',(3.124911095382,37.639432971612));
#3826 = CARTESIAN_POINT('',(3.121727722687,37.948860313622));
#3827 = CARTESIAN_POINT('',(3.120486064606,38.085129886223));
#3828 = CARTESIAN_POINT('',(3.119318239869,38.228654111926));
#3829 = CARTESIAN_POINT('',(3.118223460839,38.378446548487));
#3830 = CARTESIAN_POINT('',(3.117200603359,38.533634377823));
#3831 = CARTESIAN_POINT('',(3.114898965812,38.919893200752));
#3832 = CARTESIAN_POINT('',(3.113690751884,39.15572076424));
#3833 = CARTESIAN_POINT('',(3.112618867501,39.398952163247));
#3834 = CARTESIAN_POINT('',(3.111678514668,39.64805900427));
#3835 = CARTESIAN_POINT('',(3.110865386949,39.901851994694));
#3836 = CARTESIAN_POINT('',(3.109376283385,40.458212167415));
#3837 = CARTESIAN_POINT('',(3.108743230774,40.762072121097));
#3838 = CARTESIAN_POINT('',(3.108271964318,41.069366072676));
#3839 = CARTESIAN_POINT('',(3.107958973805,41.378834737394));
#3840 = CARTESIAN_POINT('',(3.107802440016,41.689397609322));
#3841 = CARTESIAN_POINT('',(3.107802440016,42.310602390679));
#3842 = CARTESIAN_POINT('',(3.107958973805,42.621165262606));
#3843 = CARTESIAN_POINT('',(3.108271964318,42.930633927324));
#3844 = CARTESIAN_POINT('',(3.108743230774,43.237927878903));
#3845 = CARTESIAN_POINT('',(3.109376283385,43.541787832585));
#3846 = CARTESIAN_POINT('',(3.110865386994,44.098148021982));
#3847 = CARTESIAN_POINT('',(3.111678514566,44.351940970134));
#3848 = CARTESIAN_POINT('',(3.112618867522,44.601047835925));
#3849 = CARTESIAN_POINT('',(3.113690751996,44.844279260973));
#3850 = CARTESIAN_POINT('',(3.114898965723,45.080106784375));
#3851 = CARTESIAN_POINT('',(3.117200603341,45.466365619157));
#3852 = CARTESIAN_POINT('',(3.118223460873,45.621553455975));
#3853 = CARTESIAN_POINT('',(3.119318239866,45.771345888337));
#3854 = CARTESIAN_POINT('',(3.120486064571,45.914870109438));
#3855 = CARTESIAN_POINT('',(3.121727722712,46.051139688828));
#3856 = CARTESIAN_POINT('',(3.125552914991,46.422952603352));
#3857 = CARTESIAN_POINT('',(3.128366936733,46.639816072238));
#3858 = CARTESIAN_POINT('',(3.131447150304,46.814963176445));
#3859 = CARTESIAN_POINT('',(3.134731587781,46.937391240126));
#3860 = CARTESIAN_POINT('',(3.13814160599,47.));
#3861 = CARTESIAN_POINT('',(3.14159265359,47.));
#3862 = ( GEOMETRIC_REPRESENTATION_CONTEXT(2) 
PARAMETRIC_REPRESENTATION_CONTEXT() REPRESENTATION_CONTEXT('2D SPACE',''
  ) );
#3863 = ORIENTED_EDGE('',*,*,#3864,.F.);
#3864 = EDGE_CURVE('',#712,#3590,#3865,.T.);
#3865 = SEAM_CURVE('',#3866,(#3870,#3877),.PCURVE_S1.);
#3866 = LINE('',#3867,#3868);
#3867 = CARTESIAN_POINT('',(-162.,2.069653090559E-14,-35.));
#3868 = VECTOR('',#3869,1.);
#3869 = DIRECTION('',(1.,2.540718180781E-33,2.22044604925E-16));
#3870 = PCURVE('',#895,#3871);
#3871 = DEFINITIONAL_REPRESENTATION('',(#3872),#3876);
#3872 = LINE('',#3873,#3874);
#3873 = CARTESIAN_POINT('',(6.28318530718,-0.));
#3874 = VECTOR('',#3875,1.);
#3875 = DIRECTION('',(0.,1.));
#3876 = ( GEOMETRIC_REPRESENTATION_CONTEXT(2) 
PARAMETRIC_REPRESENTATION_CONTEXT() REPRESENTATION_CONTEXT('2D SPACE',''
  ) );
#3877 = PCURVE('',#895,#3878);
#3878 = DEFINITIONAL_REPRESENTATION('',(#3879),#3883);
#3879 = LINE('',#3880,#3881);
#3880 = CARTESIAN_POINT('',(0.,-0.));
#3881 = VECTOR('',#3882,1.);
#3882 = DIRECTION('',(0.,1.));
#3883 = ( GEOMETRIC_REPRESENTATION_CONTEXT(2) 
PARAMETRIC_REPRESENTATION_CONTEXT() REPRESENTATION_CONTEXT('2D SPACE',''
  ) );
#3884 = ORIENTED_EDGE('',*,*,#711,.T.);
#3885 = ORIENTED_EDGE('',*,*,#3864,.T.);
#3886 = ADVANCED_FACE('',(#3887),#1029,.F.);
#3887 = FACE_BOUND('',#3888,.F.);
#3888 = EDGE_LOOP('',(#3889,#3911,#3912,#3935,#3964,#4182,#4204,#4205));
#3889 = ORIENTED_EDGE('',*,*,#3890,.F.);
#3890 = EDGE_CURVE('',#1051,#994,#3891,.T.);
#3891 = SURFACE_CURVE('',#3892,(#3897,#3904),.PCURVE_S1.);
#3892 = CIRCLE('',#3893,5.);
#3893 = AXIS2_PLACEMENT_3D('',#3894,#3895,#3896);
#3894 = CARTESIAN_POINT('',(116.89444430272,108.89444430272,-40.));
#3895 = DIRECTION('',(1.,7.850462293419E-17,7.850462293419E-17));
#3896 = DIRECTION('',(0.,0.707106781187,-0.707106781187));
#3897 = PCURVE('',#1029,#3898);
#3898 = DEFINITIONAL_REPRESENTATION('',(#3899),#3903);
#3899 = LINE('',#3900,#3901);
#3900 = CARTESIAN_POINT('',(0.,16.));
#3901 = VECTOR('',#3902,1.);
#3902 = DIRECTION('',(1.,0.));
#3903 = ( GEOMETRIC_REPRESENTATION_CONTEXT(2) 
PARAMETRIC_REPRESENTATION_CONTEXT() REPRESENTATION_CONTEXT('2D SPACE',''
  ) );
#3904 = PCURVE('',#1065,#3905);
#3905 = DEFINITIONAL_REPRESENTATION('',(#3906),#3910);
#3906 = CIRCLE('',#3907,5.);
#3907 = AXIS2_PLACEMENT_2D('',#3908,#3909);
#3908 = CARTESIAN_POINT('',(0.,0.));
#3909 = DIRECTION('',(1.,0.));
#3910 = ( GEOMETRIC_REPRESENTATION_CONTEXT(2) 
PARAMETRIC_REPRESENTATION_CONTEXT() REPRESENTATION_CONTEXT('2D SPACE',''
  ) );
#3911 = ORIENTED_EDGE('',*,*,#1076,.F.);
#3912 = ORIENTED_EDGE('',*,*,#3913,.F.);
#3913 = EDGE_CURVE('',#3914,#996,#3916,.T.);
#3914 = VERTEX_POINT('',#3915);
#3915 = CARTESIAN_POINT('',(100.89444430272,112.42997820866,
    -43.53553390593));
#3916 = SEAM_CURVE('',#3917,(#3921,#3928),.PCURVE_S1.);
#3917 = LINE('',#3918,#3919);
#3918 = CARTESIAN_POINT('',(100.89444430272,112.42997820866,
    -43.53553390593));
#3919 = VECTOR('',#3920,1.);
#3920 = DIRECTION('',(1.,7.850462293419E-17,7.850462293419E-17));
#3921 = PCURVE('',#1029,#3922);
#3922 = DEFINITIONAL_REPRESENTATION('',(#3923),#3927);
#3923 = LINE('',#3924,#3925);
#3924 = CARTESIAN_POINT('',(6.28318530718,-0.));
#3925 = VECTOR('',#3926,1.);
#3926 = DIRECTION('',(0.,1.));
#3927 = ( GEOMETRIC_REPRESENTATION_CONTEXT(2) 
PARAMETRIC_REPRESENTATION_CONTEXT() REPRESENTATION_CONTEXT('2D SPACE',''
  ) );
#3928 = PCURVE('',#1029,#3929);
#3929 = DEFINITIONAL_REPRESENTATION('',(#3930),#3934);
#3930 = LINE('',#3931,#3932);
#3931 = CARTESIAN_POINT('',(0.,-0.));
#3932 = VECTOR('',#3933,1.);
#3933 = DIRECTION('',(0.,1.));
#3934 = ( GEOMETRIC_REPRESENTATION_CONTEXT(2) 
PARAMETRIC_REPRESENTATION_CONTEXT() REPRESENTATION_CONTEXT('2D SPACE',''
  ) );
#3935 = ORIENTED_EDGE('',*,*,#3936,.T.);
#3936 = EDGE_CURVE('',#3914,#3937,#3939,.T.);
#3937 = VERTEX_POINT('',#3938);
#3938 = CARTESIAN_POINT('',(100.89444430272,108.27885808801,
    -35.03803933789));
#3939 = SURFACE_CURVE('',#3940,(#3945,#3952),.PCURVE_S1.);
#3940 = CIRCLE('',#3941,5.);
#3941 = AXIS2_PLACEMENT_3D('',#3942,#3943,#3944);
#3942 = CARTESIAN_POINT('',(100.89444430272,108.89444430272,-40.));
#3943 = DIRECTION('',(1.,7.850462293419E-17,7.850462293419E-17));
#3944 = DIRECTION('',(0.,0.707106781187,-0.707106781187));
#3945 = PCURVE('',#1029,#3946);
#3946 = DEFINITIONAL_REPRESENTATION('',(#3947),#3951);
#3947 = LINE('',#3948,#3949);
#3948 = CARTESIAN_POINT('',(0.,0.));
#3949 = VECTOR('',#3950,1.);
#3950 = DIRECTION('',(1.,0.));
#3951 = ( GEOMETRIC_REPRESENTATION_CONTEXT(2) 
PARAMETRIC_REPRESENTATION_CONTEXT() REPRESENTATION_CONTEXT('2D SPACE',''
  ) );
#3952 = PCURVE('',#3953,#3958);
#3953 = PLANE('',#3954);
#3954 = AXIS2_PLACEMENT_3D('',#3955,#3956,#3957);
#3955 = CARTESIAN_POINT('',(100.89444430272,108.89444430272,-40.));
#3956 = DIRECTION('',(1.,7.850462293419E-17,7.850462293419E-17));
#3957 = DIRECTION('',(0.,0.707106781187,-0.707106781187));
#3958 = DEFINITIONAL_REPRESENTATION('',(#3959),#3963);
#3959 = CIRCLE('',#3960,5.);
#3960 = AXIS2_PLACEMENT_2D('',#3961,#3962);
#3961 = CARTESIAN_POINT('',(0.,0.));
#3962 = DIRECTION('',(1.,0.));
#3963 = ( GEOMETRIC_REPRESENTATION_CONTEXT(2) 
PARAMETRIC_REPRESENTATION_CONTEXT() REPRESENTATION_CONTEXT('2D SPACE',''
  ) );
#3964 = ORIENTED_EDGE('',*,*,#3965,.T.);
#3965 = EDGE_CURVE('',#3937,#3966,#3968,.T.);
#3966 = VERTEX_POINT('',#3967);
#3967 = CARTESIAN_POINT('',(100.89444430272,108.27885808801,
    -44.9619606621));
#3968 = SURFACE_CURVE('',#3969,(#4038,#4110),.PCURVE_S1.);
#3969 = B_SPLINE_CURVE_WITH_KNOTS('',7,(#3970,#3971,#3972,#3973,#3974,
    #3975,#3976,#3977,#3978,#3979,#3980,#3981,#3982,#3983,#3984,#3985,
    #3986,#3987,#3988,#3989,#3990,#3991,#3992,#3993,#3994,#3995,#3996,
    #3997,#3998,#3999,#4000,#4001,#4002,#4003,#4004,#4005,#4006,#4007,
    #4008,#4009,#4010,#4011,#4012,#4013,#4014,#4015,#4016,#4017,#4018,
    #4019,#4020,#4021,#4022,#4023,#4024,#4025,#4026,#4027,#4028,#4029,
    #4030,#4031,#4032,#4033,#4034,#4035,#4036,#4037),.UNSPECIFIED.,.F.,
  .F.,(8,6,6,6,6,6,6,6,6,6,6,8),(0.,0.163025565212,0.262388883101,
    0.348463061382,0.397408085272,0.428537202528,0.499802416628,
    0.571724640068,0.602785719265,0.651546185713,0.739193494476,1.),
  .UNSPECIFIED.);
#3970 = CARTESIAN_POINT('',(100.89444370272,108.27885864709,
    -35.03803926853));
#3971 = CARTESIAN_POINT('',(101.20858672552,107.98613958887,
    -35.07435427849));
#3972 = CARTESIAN_POINT('',(101.52055056957,107.69346454193,
    -35.13112039629));
#3973 = CARTESIAN_POINT('',(101.82903947977,107.4020680901,
    -35.20880120304));
#3974 = CARTESIAN_POINT('',(102.13269729701,107.11329003751,
    -35.3078953111));
#3975 = CARTESIAN_POINT('',(102.43006445283,106.82862105578,
    -35.42892123309));
#3976 = CARTESIAN_POINT('',(102.71953338009,106.54975010683,
    -35.57240155396));
#3977 = CARTESIAN_POINT('',(103.16982020918,106.11335723662,
    -35.84029376321));
#3978 = CARTESIAN_POINT('',(103.336722669,105.95098576349,
    -35.95026479976));
#3979 = CARTESIAN_POINT('',(103.49950512348,105.79203125648,
    -36.06881607925));
#3980 = CARTESIAN_POINT('',(103.65764976516,105.63704916488,
    -36.19597288752));
#3981 = CARTESIAN_POINT('',(103.81062505471,105.48661779794,
    -36.3317290449));
#3982 = CARTESIAN_POINT('',(103.95788520094,105.34133777,-36.47604671854
    ));
#3983 = CARTESIAN_POINT('',(104.22099841104,105.08098310333,
    -36.76122856081));
#3984 = CARTESIAN_POINT('',(104.33842574635,104.96445955366,
    -36.89998201639));
#3985 = CARTESIAN_POINT('',(104.45070298547,104.85274847804,
    -37.04498332471));
#3986 = CARTESIAN_POINT('',(104.55739579196,104.74632865396,
    -37.1960616843));
#3987 = CARTESIAN_POINT('',(104.65808355104,104.64566859529,
    -37.35300882297));
#3988 = CARTESIAN_POINT('',(104.75235876638,104.55122519273,
    -37.51557905189));
#3989 = CARTESIAN_POINT('',(104.88956388444,104.41352572159,
    -37.77896943043));
#3990 = CARTESIAN_POINT('',(104.93709360802,104.36576920654,
    -37.87616381207));
#3991 = CARTESIAN_POINT('',(104.98233404559,104.32026364087,
    -37.97500015407));
#3992 = CARTESIAN_POINT('',(105.02520825288,104.27709494205,
    -38.07540155269));
#3993 = CARTESIAN_POINT('',(105.06564392348,104.23634411324,
    -38.17728651102));
#3994 = CARTESIAN_POINT('',(105.10357338881,104.19808724323,
    -38.28056893898));
#3995 = CARTESIAN_POINT('',(105.16142278325,104.13969550202,
    -38.45167706904));
#3996 = CARTESIAN_POINT('',(105.1828717278,104.11803402603,
    -38.51872158946));
#3997 = CARTESIAN_POINT('',(105.20326362501,104.09742997644,
    -38.58626634066));
#3998 = CARTESIAN_POINT('',(105.22258260625,104.07790118272,
    -38.6542847246));
#3999 = CARTESIAN_POINT('',(105.24081376099,104.05946440583,
    -38.72274891918));
#4000 = CARTESIAN_POINT('',(105.2579431368,104.04213533821,
    -38.79162987822));
#4001 = CARTESIAN_POINT('',(105.31062065124,103.9888258364,
    -39.01947426279));
#4002 = CARTESIAN_POINT('',(105.34144646132,103.95759964732,
    -39.18010071363));
#4003 = CARTESIAN_POINT('',(105.36627196805,103.93243278777,
    -39.34238658077));
#4004 = CARTESIAN_POINT('',(105.3849744641,103.91346340789,
    -39.50593233038));
#4005 = CARTESIAN_POINT('',(105.39747159221,103.90078466016,
    -39.67032937533));
#4006 = CARTESIAN_POINT('',(105.40372120104,103.89444430272,
    -39.83516045249));
#4007 = CARTESIAN_POINT('',(105.40372120104,103.89444430272,
    -40.16635923876));
#4008 = CARTESIAN_POINT('',(105.39735581946,103.90090211257,
    -40.33270958707));
#4009 = CARTESIAN_POINT('',(105.38462726474,103.91381565288,
    -40.49861366891));
#4010 = CARTESIAN_POINT('',(105.36557925563,103.93313538526,
    -40.6636427798));
#4011 = CARTESIAN_POINT('',(105.34029717267,103.95876473164,
    -40.82737728761));
#4012 = CARTESIAN_POINT('',(105.30890820966,103.9905604935,
    -40.98940703322));
#4013 = CARTESIAN_POINT('',(105.25546123518,104.04464621567,
    -41.21839847421));
#4014 = CARTESIAN_POINT('',(105.23823240467,104.06207505784,
    -41.28707724693));
#4015 = CARTESIAN_POINT('',(105.21990803682,104.08060516434,
    -41.35533807207));
#4016 = CARTESIAN_POINT('',(105.20050207741,104.10022085071,
    -41.42315219016));
#4017 = CARTESIAN_POINT('',(105.18002941495,104.12090538144,
    -41.49049205964));
#4018 = CARTESIAN_POINT('',(105.15850588059,104.14264096987,
    -41.55733135687));
#4019 = CARTESIAN_POINT('',(105.10053670729,104.20115025886,
    -41.72774577023));
#4020 = CARTESIAN_POINT('',(105.0625791691,104.23943318751,
    -41.83054381154));
#4021 = CARTESIAN_POINT('',(105.02213815711,104.28018696627,
    -41.93194982304));
#4022 = CARTESIAN_POINT('',(104.97928073897,104.32333618543,
    -42.03187904638));
#4023 = CARTESIAN_POINT('',(104.93407852656,104.36880062354,
    -42.13025124188));
#4024 = CARTESIAN_POINT('',(104.88660767594,104.4164952474,
    -42.22699068859));
#4025 = CARTESIAN_POINT('',(104.74768683781,104.55590893961,
    -42.49285320947));
#4026 = CARTESIAN_POINT('',(104.65137758615,104.65238129048,
    -42.65813258673));
#4027 = CARTESIAN_POINT('',(104.54843812003,104.75527861568,
    -42.81756825203));
#4028 = CARTESIAN_POINT('',(104.4392984138,104.86411881902,
    -42.97090407246));
#4029 = CARTESIAN_POINT('',(104.32440208272,104.97840782912,
    -43.1179239024));
#4030 = CARTESIAN_POINT('',(104.2042070371,105.09764107126,
    -43.25845163965));
#4031 = CARTESIAN_POINT('',(103.70716941804,105.58928362313,
    -43.7907879044));
#4032 = CARTESIAN_POINT('',(103.29351236109,105.99541492656,
    -44.12937148853));
#4033 = CARTESIAN_POINT('',(102.84800883144,106.42883147891,
    -44.40846854129));
#4034 = CARTESIAN_POINT('',(102.37864077425,106.88078095286,
    -44.62938068088));
#4035 = CARTESIAN_POINT('',(101.89240423152,107.34389953381,
    -44.7938871358));
#4036 = CARTESIAN_POINT('',(101.39569814511,107.81178881693,
    -44.90401559582));
#4037 = CARTESIAN_POINT('',(100.89444370272,108.27885864709,
    -44.96196073146));
#4038 = PCURVE('',#1029,#4039);
#4039 = DEFINITIONAL_REPRESENTATION('',(#4040),#4109);
#4040 = B_SPLINE_CURVE_WITH_KNOTS('',7,(#4041,#4042,#4043,#4044,#4045,
    #4046,#4047,#4048,#4049,#4050,#4051,#4052,#4053,#4054,#4055,#4056,
    #4057,#4058,#4059,#4060,#4061,#4062,#4063,#4064,#4065,#4066,#4067,
    #4068,#4069,#4070,#4071,#4072,#4073,#4074,#4075,#4076,#4077,#4078,
    #4079,#4080,#4081,#4082,#4083,#4084,#4085,#4086,#4087,#4088,#4089,
    #4090,#4091,#4092,#4093,#4094,#4095,#4096,#4097,#4098,#4099,#4100,
    #4101,#4102,#4103,#4104,#4105,#4106,#4107,#4108),.UNSPECIFIED.,.F.,
  .F.,(8,6,6,6,6,6,6,6,6,6,6,8),(0.,0.163025565212,0.262388883101,
    0.348463061382,0.397408085272,0.428537202528,0.499802416628,
    0.571724640068,0.602785719265,0.651546185713,0.739193494476,1.),
  .UNSPECIFIED.);
#4041 = CARTESIAN_POINT('',(2.479624793596,-6.E-07));
#4042 = CARTESIAN_POINT('',(2.538617412454,0.314142422798));
#4043 = CARTESIAN_POINT('',(2.598104913944,0.626106266844));
#4044 = CARTESIAN_POINT('',(2.658188781814,0.934595177041));
#4045 = CARTESIAN_POINT('',(2.71897648241,1.238252994282));
#4046 = CARTESIAN_POINT('',(2.780581182748,1.535620150108));
#4047 = CARTESIAN_POINT('',(2.84312650741,1.82508907737));
#4048 = CARTESIAN_POINT('',(2.945538415497,2.275375906461));
#4049 = CARTESIAN_POINT('',(2.984720597356,2.442278366274));
#4050 = CARTESIAN_POINT('',(3.024313509451,2.605060820756));
#4051 = CARTESIAN_POINT('',(3.064329119349,2.763205462436));
#4052 = CARTESIAN_POINT('',(3.104781639379,2.916180751982));
#4053 = CARTESIAN_POINT('',(3.145688433446,3.063440898215));
#4054 = CARTESIAN_POINT('',(3.222918799394,3.326554108313));
#4055 = CARTESIAN_POINT('',(3.259126010892,3.443981443622));
#4056 = CARTESIAN_POINT('',(3.295682376706,3.556258682743));
#4057 = CARTESIAN_POINT('',(3.332580107787,3.662951489234));
#4058 = CARTESIAN_POINT('',(3.369813501387,3.763639248314));
#4059 = CARTESIAN_POINT('',(3.407378634794,3.857914463659));
#4060 = CARTESIAN_POINT('',(3.466821257837,3.995119581714));
#4061 = CARTESIAN_POINT('',(3.488473083511,4.042649305299));
#4062 = CARTESIAN_POINT('',(3.510223772582,4.087889742864));
#4063 = CARTESIAN_POINT('',(3.532068751711,4.130763950155));
#4064 = CARTESIAN_POINT('',(3.554003637736,4.171199620755));
#4065 = CARTESIAN_POINT('',(3.576024237674,4.209129086083));
#4066 = CARTESIAN_POINT('',(3.612183655596,4.266978480528));
#4067 = CARTESIAN_POINT('',(3.626273159071,4.288427425074));
#4068 = CARTESIAN_POINT('',(3.640393592667,4.308819322287));
#4069 = CARTESIAN_POINT('',(3.654543397078,4.328138303526));
#4070 = CARTESIAN_POINT('',(3.668720920169,4.346369458262));
#4071 = CARTESIAN_POINT('',(3.682924416975,4.363498834078));
#4072 = CARTESIAN_POINT('',(3.729723975333,4.416176348519));
#4073 = CARTESIAN_POINT('',(3.762427268677,4.447002158593));
#4074 = CARTESIAN_POINT('',(3.795234064698,4.471827665323));
#4075 = CARTESIAN_POINT('',(3.828118753756,4.490530161373));
#4076 = CARTESIAN_POINT('',(3.861056691287,4.503027289482));
#4077 = CARTESIAN_POINT('',(3.894022907486,4.509276898315));
#4078 = CARTESIAN_POINT('',(3.960262664739,4.509276898315));
#4079 = CARTESIAN_POINT('',(3.993532735217,4.502911516736));
#4080 = CARTESIAN_POINT('',(4.02677371395,4.49018296202));
#4081 = CARTESIAN_POINT('',(4.059959973623,4.47113495291));
#4082 = CARTESIAN_POINT('',(4.093066226171,4.445852869942));
#4083 = CARTESIAN_POINT('',(4.126066174877,4.414463906937));
#4084 = CARTESIAN_POINT('',(4.173124583431,4.361016932452));
#4085 = CARTESIAN_POINT('',(4.187293777854,4.343788101949));
#4086 = CARTESIAN_POINT('',(4.201436931265,4.325463734095));
#4087 = CARTESIAN_POINT('',(4.215552317559,4.30605777469));
#4088 = CARTESIAN_POINT('',(4.229638302997,4.285585112222));
#4089 = CARTESIAN_POINT('',(4.243693346203,4.264061577866));
#4090 = CARTESIAN_POINT('',(4.279729111313,4.206092404564));
#4091 = CARTESIAN_POINT('',(4.301660800137,4.168134866379));
#4092 = CARTESIAN_POINT('',(4.323507135407,4.127693854387));
#4093 = CARTESIAN_POINT('',(4.34526399867,4.08483643625));
#4094 = CARTESIAN_POINT('',(4.366927082264,4.039634223835));
#4095 = CARTESIAN_POINT('',(4.388491889313,3.992163373213));
#4096 = CARTESIAN_POINT('',(4.448531562057,3.853242535088));
#4097 = CARTESIAN_POINT('',(4.486767060937,3.756933283427));
#4098 = CARTESIAN_POINT('',(4.524658005488,3.653993817307));
#4099 = CARTESIAN_POINT('',(4.562200571748,3.544854111079));
#4100 = CARTESIAN_POINT('',(4.599389019095,3.429957779994));
#4101 = CARTESIAN_POINT('',(4.636215372659,3.30976273438));
#4102 = CARTESIAN_POINT('',(4.781142153838,2.812725115319));
#4103 = CARTESIAN_POINT('',(4.885998452485,2.399068058362));
#4104 = CARTESIAN_POINT('',(4.987900988353,1.953564528713));
#4105 = CARTESIAN_POINT('',(5.087316488176,1.484196471529));
#4106 = CARTESIAN_POINT('',(5.184649220467,0.9979599288));
#4107 = CARTESIAN_POINT('',(5.280226746363,0.501253842385));
#4108 = CARTESIAN_POINT('',(5.374356840379,-6.E-07));
#4109 = ( GEOMETRIC_REPRESENTATION_CONTEXT(2) 
PARAMETRIC_REPRESENTATION_CONTEXT() REPRESENTATION_CONTEXT('2D SPACE',''
  ) );
#4110 = PCURVE('',#1936,#4111);
#4111 = DEFINITIONAL_REPRESENTATION('',(#4112),#4181);
#4112 = B_SPLINE_CURVE_WITH_KNOTS('',7,(#4113,#4114,#4115,#4116,#4117,
    #4118,#4119,#4120,#4121,#4122,#4123,#4124,#4125,#4126,#4127,#4128,
    #4129,#4130,#4131,#4132,#4133,#4134,#4135,#4136,#4137,#4138,#4139,
    #4140,#4141,#4142,#4143,#4144,#4145,#4146,#4147,#4148,#4149,#4150,
    #4151,#4152,#4153,#4154,#4155,#4156,#4157,#4158,#4159,#4160,#4161,
    #4162,#4163,#4164,#4165,#4166,#4167,#4168,#4169,#4170,#4171,#4172,
    #4173,#4174,#4175,#4176,#4177,#4178,#4179,#4180),.UNSPECIFIED.,.F.,
  .F.,(8,6,6,6,6,6,6,6,6,6,6,8),(0.,0.163025565212,0.262388883101,
    0.348463061382,0.397408085272,0.428537202528,0.499802416628,
    0.571724640068,0.602785719265,0.651546185713,0.739193494476,1.),
  .UNSPECIFIED.);
#4113 = CARTESIAN_POINT('',(0.820686364338,46.961960731462));
#4114 = CARTESIAN_POINT('',(0.81778512372,46.925645721505));
#4115 = CARTESIAN_POINT('',(0.814894858236,46.868879603704));
#4116 = CARTESIAN_POINT('',(0.812027620142,46.791198796957));
#4117 = CARTESIAN_POINT('',(0.809196246208,46.6921046889));
#4118 = CARTESIAN_POINT('',(0.806414784936,46.571078766906));
#4119 = CARTESIAN_POINT('',(0.803698939903,46.42759844604));
#4120 = CARTESIAN_POINT('',(0.799462087222,46.159706236785));
#4121 = CARTESIAN_POINT('',(0.797888753121,46.049735200233));
#4122 = CARTESIAN_POINT('',(0.796351470193,45.931183920742));
#4123 = CARTESIAN_POINT('',(0.794855357237,45.804027112479));
#4124 = CARTESIAN_POINT('',(0.793405708706,45.668270955093));
#4125 = CARTESIAN_POINT('',(0.792007994861,45.523953281456));
#4126 = CARTESIAN_POINT('',(0.78950696226,45.238771439189));
#4127 = CARTESIAN_POINT('',(0.788389196543,45.100017983608));
#4128 = CARTESIAN_POINT('',(0.78731903473,44.955016675288));
#4129 = CARTESIAN_POINT('',(0.786300836628,44.803938315694));
#4130 = CARTESIAN_POINT('',(0.785338848243,44.646991177025));
#4131 = CARTESIAN_POINT('',(0.784437198148,44.484420948102));
#4132 = CARTESIAN_POINT('',(0.78312377103,44.22103056957));
#4133 = CARTESIAN_POINT('',(0.782668516126,44.123836187928));
#4134 = CARTESIAN_POINT('',(0.782234952792,44.024999845923));
#4135 = CARTESIAN_POINT('',(0.781823859107,43.924598447302));
#4136 = CARTESIAN_POINT('',(0.781435967564,43.822713488975));
#4137 = CARTESIAN_POINT('',(0.781071965072,43.719431061013));
#4138 = CARTESIAN_POINT('',(0.780516588113,43.54832293096));
#4139 = CARTESIAN_POINT('',(0.780310614868,43.481278410532));
#4140 = CARTESIAN_POINT('',(0.780114743931,43.413733659332));
#4141 = CARTESIAN_POINT('',(0.779929136333,43.345715275394));
#4142 = CARTESIAN_POINT('',(0.779753943427,43.277251080818));
#4143 = CARTESIAN_POINT('',(0.779589306887,43.208370121772));
#4144 = CARTESIAN_POINT('',(0.779082918575,42.980525737204));
#4145 = CARTESIAN_POINT('',(0.778786443589,42.819899286362));
#4146 = CARTESIAN_POINT('',(0.77854758709,42.657613419222));
#4147 = CARTESIAN_POINT('',(0.778367595826,42.494067669617));
#4148 = CARTESIAN_POINT('',(0.778247308687,42.329670624668));
#4149 = CARTESIAN_POINT('',(0.778187155434,42.164839547508));
#4150 = CARTESIAN_POINT('',(0.778187155434,41.833640761239));
#4151 = CARTESIAN_POINT('',(0.778248423007,41.667290412921));
#4152 = CARTESIAN_POINT('',(0.778370937682,41.501386331084));
#4153 = CARTESIAN_POINT('',(0.778554253697,41.336357220192));
#4154 = CARTESIAN_POINT('',(0.778797501338,41.17262271239));
#4155 = CARTESIAN_POINT('',(0.779099388286,41.010592966776));
#4156 = CARTESIAN_POINT('',(0.779613161532,40.781601525787));
#4157 = CARTESIAN_POINT('',(0.779778749932,40.712922753068));
#4158 = CARTESIAN_POINT('',(0.77995483408,40.644661927922));
#4159 = CARTESIAN_POINT('',(0.780141272375,40.576847809833));
#4160 = CARTESIAN_POINT('',(0.78033791369,40.509507940356));
#4161 = CARTESIAN_POINT('',(0.780544597377,40.442668643121));
#4162 = CARTESIAN_POINT('',(0.781101108161,40.272254229768));
#4163 = CARTESIAN_POINT('',(0.781465369236,40.169456188457));
#4164 = CARTESIAN_POINT('',(0.781853300348,40.068050176954));
#4165 = CARTESIAN_POINT('',(0.782264220707,39.968120953619));
#4166 = CARTESIAN_POINT('',(0.782697404876,39.869748758115));
#4167 = CARTESIAN_POINT('',(0.783152082767,39.773009311402));
#4168 = CARTESIAN_POINT('',(0.784481897242,39.507146790529));
#4169 = CARTESIAN_POINT('',(0.785402959206,39.341867413267));
#4170 = CARTESIAN_POINT('',(0.786386394731,39.18243174797));
#4171 = CARTESIAN_POINT('',(0.787427847525,39.029095927536));
#4172 = CARTESIAN_POINT('',(0.788522839746,38.882076097592));
#4173 = CARTESIAN_POINT('',(0.789666775924,38.741548360344));
#4174 = CARTESIAN_POINT('',(0.794390511477,38.2092120956));
#4175 = CARTESIAN_POINT('',(0.798307392012,37.870628511467));
#4176 = CARTESIAN_POINT('',(0.802506975821,37.591531458702));
#4177 = CARTESIAN_POINT('',(0.806909474809,37.370619319111));
#4178 = CARTESIAN_POINT('',(0.811446490069,37.206112864197));
#4179 = CARTESIAN_POINT('',(0.816057072446,37.095984404178));
#4180 = CARTESIAN_POINT('',(0.820686364338,37.038039268538));
#4181 = ( GEOMETRIC_REPRESENTATION_CONTEXT(2) 
PARAMETRIC_REPRESENTATION_CONTEXT() REPRESENTATION_CONTEXT('2D SPACE',''
  ) );
#4182 = ORIENTED_EDGE('',*,*,#4183,.T.);
#4183 = EDGE_CURVE('',#3966,#3914,#4184,.T.);
#4184 = SURFACE_CURVE('',#4185,(#4190,#4197),.PCURVE_S1.);
#4185 = CIRCLE('',#4186,5.);
#4186 = AXIS2_PLACEMENT_3D('',#4187,#4188,#4189);
#4187 = CARTESIAN_POINT('',(100.89444430272,108.89444430272,-40.));
#4188 = DIRECTION('',(1.,7.850462293419E-17,7.850462293419E-17));
#4189 = DIRECTION('',(0.,0.707106781187,-0.707106781187));
#4190 = PCURVE('',#1029,#4191);
#4191 = DEFINITIONAL_REPRESENTATION('',(#4192),#4196);
#4192 = LINE('',#4193,#4194);
#4193 = CARTESIAN_POINT('',(0.,0.));
#4194 = VECTOR('',#4195,1.);
#4195 = DIRECTION('',(1.,0.));
#4196 = ( GEOMETRIC_REPRESENTATION_CONTEXT(2) 
PARAMETRIC_REPRESENTATION_CONTEXT() REPRESENTATION_CONTEXT('2D SPACE',''
  ) );
#4197 = PCURVE('',#3953,#4198);
#4198 = DEFINITIONAL_REPRESENTATION('',(#4199),#4203);
#4199 = CIRCLE('',#4200,5.);
#4200 = AXIS2_PLACEMENT_2D('',#4201,#4202);
#4201 = CARTESIAN_POINT('',(0.,0.));
#4202 = DIRECTION('',(1.,0.));
#4203 = ( GEOMETRIC_REPRESENTATION_CONTEXT(2) 
PARAMETRIC_REPRESENTATION_CONTEXT() REPRESENTATION_CONTEXT('2D SPACE',''
  ) );
#4204 = ORIENTED_EDGE('',*,*,#3913,.T.);
#4205 = ORIENTED_EDGE('',*,*,#993,.F.);
#4206 = ADVANCED_FACE('',(#4207),#1065,.F.);
#4207 = FACE_BOUND('',#4208,.F.);
#4208 = EDGE_LOOP('',(#4209,#4210));
#4209 = ORIENTED_EDGE('',*,*,#1050,.T.);
#4210 = ORIENTED_EDGE('',*,*,#3890,.T.);
#4211 = ADVANCED_FACE('',(#4212),#1233,.T.);
#4212 = FACE_BOUND('',#4213,.T.);
#4213 = EDGE_LOOP('',(#4214,#4215));
#4214 = ORIENTED_EDGE('',*,*,#1216,.T.);
#4215 = ORIENTED_EDGE('',*,*,#4216,.T.);
#4216 = EDGE_CURVE('',#1219,#1217,#4217,.T.);
#4217 = SURFACE_CURVE('',#4218,(#4223,#4230),.PCURVE_S1.);
#4218 = CIRCLE('',#4219,5.);
#4219 = AXIS2_PLACEMENT_3D('',#4220,#4221,#4222);
#4220 = CARTESIAN_POINT('',(-116.8944443027,108.89444430272,-40.));
#4221 = DIRECTION('',(1.,3.925231146709E-17,2.747661802697E-16));
#4222 = DIRECTION('',(-2.22044604925E-16,0.707106781187,0.707106781187)
  );
#4223 = PCURVE('',#1233,#4224);
#4224 = DEFINITIONAL_REPRESENTATION('',(#4225),#4229);
#4225 = CIRCLE('',#4226,5.);
#4226 = AXIS2_PLACEMENT_2D('',#4227,#4228);
#4227 = CARTESIAN_POINT('',(0.,0.));
#4228 = DIRECTION('',(1.,0.));
#4229 = ( GEOMETRIC_REPRESENTATION_CONTEXT(2) 
PARAMETRIC_REPRESENTATION_CONTEXT() REPRESENTATION_CONTEXT('2D SPACE',''
  ) );
#4230 = PCURVE('',#1348,#4231);
#4231 = DEFINITIONAL_REPRESENTATION('',(#4232),#4236);
#4232 = LINE('',#4233,#4234);
#4233 = CARTESIAN_POINT('',(0.,0.));
#4234 = VECTOR('',#4235,1.);
#4235 = DIRECTION('',(1.,0.));
#4236 = ( GEOMETRIC_REPRESENTATION_CONTEXT(2) 
PARAMETRIC_REPRESENTATION_CONTEXT() REPRESENTATION_CONTEXT('2D SPACE',''
  ) );
#4237 = ADVANCED_FACE('',(#4238),#1348,.F.);
#4238 = FACE_BOUND('',#4239,.F.);
#4239 = EDGE_LOOP('',(#4240,#4263,#4292,#4510,#4532,#4533,#4534,#4535));
#4240 = ORIENTED_EDGE('',*,*,#4241,.T.);
#4241 = EDGE_CURVE('',#1245,#4242,#4244,.T.);
#4242 = VERTEX_POINT('',#4243);
#4243 = CARTESIAN_POINT('',(-100.8944443027,112.42997820866,
    -36.46446609406));
#4244 = SEAM_CURVE('',#4245,(#4249,#4256),.PCURVE_S1.);
#4245 = LINE('',#4246,#4247);
#4246 = CARTESIAN_POINT('',(-116.8944443027,112.42997820866,
    -36.46446609406));
#4247 = VECTOR('',#4248,1.);
#4248 = DIRECTION('',(1.,3.925231146709E-17,2.747661802697E-16));
#4249 = PCURVE('',#1348,#4250);
#4250 = DEFINITIONAL_REPRESENTATION('',(#4251),#4255);
#4251 = LINE('',#4252,#4253);
#4252 = CARTESIAN_POINT('',(6.28318530718,-0.));
#4253 = VECTOR('',#4254,1.);
#4254 = DIRECTION('',(0.,1.));
#4255 = ( GEOMETRIC_REPRESENTATION_CONTEXT(2) 
PARAMETRIC_REPRESENTATION_CONTEXT() REPRESENTATION_CONTEXT('2D SPACE',''
  ) );
#4256 = PCURVE('',#1348,#4257);
#4257 = DEFINITIONAL_REPRESENTATION('',(#4258),#4262);
#4258 = LINE('',#4259,#4260);
#4259 = CARTESIAN_POINT('',(0.,-0.));
#4260 = VECTOR('',#4261,1.);
#4261 = DIRECTION('',(0.,1.));
#4262 = ( GEOMETRIC_REPRESENTATION_CONTEXT(2) 
PARAMETRIC_REPRESENTATION_CONTEXT() REPRESENTATION_CONTEXT('2D SPACE',''
  ) );
#4263 = ORIENTED_EDGE('',*,*,#4264,.F.);
#4264 = EDGE_CURVE('',#4265,#4242,#4267,.T.);
#4265 = VERTEX_POINT('',#4266);
#4266 = CARTESIAN_POINT('',(-100.8944443027,108.27885808801,
    -44.9619606621));
#4267 = SURFACE_CURVE('',#4268,(#4273,#4280),.PCURVE_S1.);
#4268 = CIRCLE('',#4269,5.);
#4269 = AXIS2_PLACEMENT_3D('',#4270,#4271,#4272);
#4270 = CARTESIAN_POINT('',(-100.8944443027,108.89444430272,-40.));
#4271 = DIRECTION('',(1.,3.925231146709E-17,2.747661802697E-16));
#4272 = DIRECTION('',(-2.22044604925E-16,0.707106781187,0.707106781187)
  );
#4273 = PCURVE('',#1348,#4274);
#4274 = DEFINITIONAL_REPRESENTATION('',(#4275),#4279);
#4275 = LINE('',#4276,#4277);
#4276 = CARTESIAN_POINT('',(0.,16.));
#4277 = VECTOR('',#4278,1.);
#4278 = DIRECTION('',(1.,0.));
#4279 = ( GEOMETRIC_REPRESENTATION_CONTEXT(2) 
PARAMETRIC_REPRESENTATION_CONTEXT() REPRESENTATION_CONTEXT('2D SPACE',''
  ) );
#4280 = PCURVE('',#4281,#4286);
#4281 = PLANE('',#4282);
#4282 = AXIS2_PLACEMENT_3D('',#4283,#4284,#4285);
#4283 = CARTESIAN_POINT('',(-100.8944443027,108.89444430272,-40.));
#4284 = DIRECTION('',(1.,3.925231146709E-17,2.747661802697E-16));
#4285 = DIRECTION('',(-2.22044604925E-16,0.707106781187,0.707106781187)
  );
#4286 = DEFINITIONAL_REPRESENTATION('',(#4287),#4291);
#4287 = CIRCLE('',#4288,5.);
#4288 = AXIS2_PLACEMENT_2D('',#4289,#4290);
#4289 = CARTESIAN_POINT('',(0.,0.));
#4290 = DIRECTION('',(1.,0.));
#4291 = ( GEOMETRIC_REPRESENTATION_CONTEXT(2) 
PARAMETRIC_REPRESENTATION_CONTEXT() REPRESENTATION_CONTEXT('2D SPACE',''
  ) );
#4292 = ORIENTED_EDGE('',*,*,#4293,.F.);
#4293 = EDGE_CURVE('',#4294,#4265,#4296,.T.);
#4294 = VERTEX_POINT('',#4295);
#4295 = CARTESIAN_POINT('',(-100.8944443027,108.27885808801,
    -35.03803933789));
#4296 = SURFACE_CURVE('',#4297,(#4366,#4438),.PCURVE_S1.);
#4297 = B_SPLINE_CURVE_WITH_KNOTS('',7,(#4298,#4299,#4300,#4301,#4302,
    #4303,#4304,#4305,#4306,#4307,#4308,#4309,#4310,#4311,#4312,#4313,
    #4314,#4315,#4316,#4317,#4318,#4319,#4320,#4321,#4322,#4323,#4324,
    #4325,#4326,#4327,#4328,#4329,#4330,#4331,#4332,#4333,#4334,#4335,
    #4336,#4337,#4338,#4339,#4340,#4341,#4342,#4343,#4344,#4345,#4346,
    #4347,#4348,#4349,#4350,#4351,#4352,#4353,#4354,#4355,#4356,#4357,
    #4358,#4359,#4360,#4361,#4362,#4363,#4364,#4365),.UNSPECIFIED.,.F.,
  .F.,(8,6,6,6,6,6,6,6,6,6,6,8),(0.,0.163025565158,0.262388883052,
    0.348463061334,0.397408085223,0.428537202478,0.499802416576,
    0.571724640022,0.602785719224,0.65154618568,0.739193494454,1.),
  .UNSPECIFIED.);
#4298 = CARTESIAN_POINT('',(-100.8944437027,108.27885864709,
    -35.03803926853));
#4299 = CARTESIAN_POINT('',(-101.2085867255,107.9861395888,
    -35.0743542785));
#4300 = CARTESIAN_POINT('',(-101.5205505695,107.6934645419,
    -35.1311203963));
#4301 = CARTESIAN_POINT('',(-101.8290394797,107.40206809016,
    -35.20880120303));
#4302 = CARTESIAN_POINT('',(-102.1326972969,107.11329003759,
    -35.30789531106));
#4303 = CARTESIAN_POINT('',(-102.4300644528,106.82862105578,
    -35.42892123307));
#4304 = CARTESIAN_POINT('',(-102.7195333802,106.54975010673,
    -35.57240155402));
#4305 = CARTESIAN_POINT('',(-103.1698202091,106.11335723662,
    -35.84029376321));
#4306 = CARTESIAN_POINT('',(-103.336722669,105.95098576349,
    -35.95026479976));
#4307 = CARTESIAN_POINT('',(-103.4995051234,105.79203125648,
    -36.06881607925));
#4308 = CARTESIAN_POINT('',(-103.6576497651,105.63704916488,
    -36.19597288752));
#4309 = CARTESIAN_POINT('',(-103.8106250547,105.48661779794,
    -36.3317290449));
#4310 = CARTESIAN_POINT('',(-103.9578852009,105.34133777,-36.47604671854
    ));
#4311 = CARTESIAN_POINT('',(-104.220998411,105.08098310334,
    -36.7612285608));
#4312 = CARTESIAN_POINT('',(-104.3384257463,104.96445955366,
    -36.89998201639));
#4313 = CARTESIAN_POINT('',(-104.4507029854,104.85274847804,
    -37.04498332471));
#4314 = CARTESIAN_POINT('',(-104.5573957919,104.74632865395,
    -37.19606168431));
#4315 = CARTESIAN_POINT('',(-104.658083551,104.64566859529,
    -37.35300882297));
#4316 = CARTESIAN_POINT('',(-104.7523587663,104.55122519273,
    -37.51557905189));
#4317 = CARTESIAN_POINT('',(-104.8895638844,104.41352572159,
    -37.77896943043));
#4318 = CARTESIAN_POINT('',(-104.937093608,104.36576920654,
    -37.87616381207));
#4319 = CARTESIAN_POINT('',(-104.9823340455,104.32026364087,
    -37.97500015407));
#4320 = CARTESIAN_POINT('',(-105.0252082528,104.27709494205,
    -38.07540155269));
#4321 = CARTESIAN_POINT('',(-105.0656439234,104.23634411324,
    -38.17728651102));
#4322 = CARTESIAN_POINT('',(-105.1035733888,104.19808724323,
    -38.28056893898));
#4323 = CARTESIAN_POINT('',(-105.1614227832,104.13969550202,
    -38.45167706904));
#4324 = CARTESIAN_POINT('',(-105.1828717278,104.11803402603,
    -38.51872158946));
#4325 = CARTESIAN_POINT('',(-105.203263625,104.09742997644,
    -38.58626634066));
#4326 = CARTESIAN_POINT('',(-105.2225826062,104.07790118272,
    -38.6542847246));
#4327 = CARTESIAN_POINT('',(-105.2408137609,104.05946440583,
    -38.72274891918));
#4328 = CARTESIAN_POINT('',(-105.2579431368,104.04213533821,
    -38.79162987822));
#4329 = CARTESIAN_POINT('',(-105.3106206512,103.9888258364,
    -39.01947426279));
#4330 = CARTESIAN_POINT('',(-105.3414464613,103.95759964732,
    -39.18010071363));
#4331 = CARTESIAN_POINT('',(-105.366271968,103.93243278777,
    -39.34238658077));
#4332 = CARTESIAN_POINT('',(-105.3849744641,103.91346340789,
    -39.50593233038));
#4333 = CARTESIAN_POINT('',(-105.3974715922,103.90078466016,
    -39.67032937533));
#4334 = CARTESIAN_POINT('',(-105.403721201,103.89444430272,
    -39.83516045249));
#4335 = CARTESIAN_POINT('',(-105.403721201,103.89444430272,
    -40.16635923877));
#4336 = CARTESIAN_POINT('',(-105.3973558194,103.90090211257,
    -40.33270958708));
#4337 = CARTESIAN_POINT('',(-105.3846272647,103.91381565288,
    -40.4986136689));
#4338 = CARTESIAN_POINT('',(-105.3655792556,103.93313538526,
    -40.66364277979));
#4339 = CARTESIAN_POINT('',(-105.3402971726,103.95876473164,
    -40.82737728761));
#4340 = CARTESIAN_POINT('',(-105.3089082096,103.9905604935,
    -40.98940703323));
#4341 = CARTESIAN_POINT('',(-105.2554612351,104.04464621567,
    -41.21839847421));
#4342 = CARTESIAN_POINT('',(-105.2382324046,104.06207505784,
    -41.28707724693));
#4343 = CARTESIAN_POINT('',(-105.2199080368,104.08060516434,
    -41.35533807207));
#4344 = CARTESIAN_POINT('',(-105.2005020774,104.10022085072,
    -41.42315219016));
#4345 = CARTESIAN_POINT('',(-105.1800294149,104.12090538144,
    -41.49049205964));
#4346 = CARTESIAN_POINT('',(-105.1585058805,104.14264096987,
    -41.55733135687));
#4347 = CARTESIAN_POINT('',(-105.1005367072,104.20115025886,
    -41.72774577023));
#4348 = CARTESIAN_POINT('',(-105.0625791691,104.23943318751,
    -41.83054381154));
#4349 = CARTESIAN_POINT('',(-105.0221381571,104.28018696627,
    -41.93194982304));
#4350 = CARTESIAN_POINT('',(-104.9792807389,104.32333618543,
    -42.03187904638));
#4351 = CARTESIAN_POINT('',(-104.9340785265,104.36880062354,
    -42.13025124188));
#4352 = CARTESIAN_POINT('',(-104.8866076759,104.4164952474,
    -42.22699068859));
#4353 = CARTESIAN_POINT('',(-104.7476868378,104.5559089396,
    -42.49285320946));
#4354 = CARTESIAN_POINT('',(-104.6513775861,104.65238129048,
    -42.65813258673));
#4355 = CARTESIAN_POINT('',(-104.54843812,104.75527861568,
    -42.81756825203));
#4356 = CARTESIAN_POINT('',(-104.4392984138,104.86411881903,
    -42.97090407247));
#4357 = CARTESIAN_POINT('',(-104.3244020827,104.97840782912,
    -43.1179239024));
#4358 = CARTESIAN_POINT('',(-104.2042070371,105.09764107126,
    -43.25845163964));
#4359 = CARTESIAN_POINT('',(-103.707169418,105.58928362313,
    -43.7907879044));
#4360 = CARTESIAN_POINT('',(-103.293512361,105.99541492656,
    -44.12937148853));
#4361 = CARTESIAN_POINT('',(-102.8480088314,106.42883147891,
    -44.40846854129));
#4362 = CARTESIAN_POINT('',(-102.3786407742,106.88078095286,
    -44.62938068088));
#4363 = CARTESIAN_POINT('',(-101.8924042315,107.34389953381,
    -44.7938871358));
#4364 = CARTESIAN_POINT('',(-101.3956981451,107.81178881693,
    -44.90401559582));
#4365 = CARTESIAN_POINT('',(-100.8944437027,108.27885864709,
    -44.96196073146));
#4366 = PCURVE('',#1348,#4367);
#4367 = DEFINITIONAL_REPRESENTATION('',(#4368),#4437);
#4368 = B_SPLINE_CURVE_WITH_KNOTS('',7,(#4369,#4370,#4371,#4372,#4373,
    #4374,#4375,#4376,#4377,#4378,#4379,#4380,#4381,#4382,#4383,#4384,
    #4385,#4386,#4387,#4388,#4389,#4390,#4391,#4392,#4393,#4394,#4395,
    #4396,#4397,#4398,#4399,#4400,#4401,#4402,#4403,#4404,#4405,#4406,
    #4407,#4408,#4409,#4410,#4411,#4412,#4413,#4414,#4415,#4416,#4417,
    #4418,#4419,#4420,#4421,#4422,#4423,#4424,#4425,#4426,#4427,#4428,
    #4429,#4430,#4431,#4432,#4433,#4434,#4435,#4436),.UNSPECIFIED.,.F.,
  .F.,(8,6,6,6,6,6,6,6,6,6,6,8),(0.,0.163025565158,0.262388883052,
    0.348463061334,0.397408085223,0.428537202478,0.499802416576,
    0.571724640022,0.602785719224,0.65154618568,0.739193494454,1.),
  .UNSPECIFIED.);
#4369 = CARTESIAN_POINT('',(0.908828466801,16.0000006));
#4370 = CARTESIAN_POINT('',(0.967821085672,15.68585757713));
#4371 = CARTESIAN_POINT('',(1.027308587154,15.37389373313));
#4372 = CARTESIAN_POINT('',(1.087392455008,15.06540482302));
#4373 = CARTESIAN_POINT('',(1.148180155598,14.761747005801));
#4374 = CARTESIAN_POINT('',(1.209784855951,14.464379849891));
#4375 = CARTESIAN_POINT('',(1.272330180639,14.174910922524));
#4376 = CARTESIAN_POINT('',(1.374742088702,13.724624093539));
#4377 = CARTESIAN_POINT('',(1.413924270561,13.557721633726));
#4378 = CARTESIAN_POINT('',(1.453517182656,13.394939179245));
#4379 = CARTESIAN_POINT('',(1.493532792554,13.236794537565));
#4380 = CARTESIAN_POINT('',(1.533985312585,13.083819248018));
#4381 = CARTESIAN_POINT('',(1.574892106651,12.936559101784));
#4382 = CARTESIAN_POINT('',(1.652122472598,12.673445891693));
#4383 = CARTESIAN_POINT('',(1.688329684097,12.556018556378));
#4384 = CARTESIAN_POINT('',(1.724886049913,12.443741317253));
#4385 = CARTESIAN_POINT('',(1.761783780994,12.337048510763));
#4386 = CARTESIAN_POINT('',(1.799017174592,12.236360751687));
#4387 = CARTESIAN_POINT('',(1.836582307998,12.142085536344));
#4388 = CARTESIAN_POINT('',(1.896024931043,12.004880418286));
#4389 = CARTESIAN_POINT('',(1.917676756716,11.957350694701));
#4390 = CARTESIAN_POINT('',(1.939427445787,11.912110257136));
#4391 = CARTESIAN_POINT('',(1.961272424916,11.869236049845));
#4392 = CARTESIAN_POINT('',(1.983207310942,11.828800379245));
#4393 = CARTESIAN_POINT('',(2.005227910879,11.790870913917));
#4394 = CARTESIAN_POINT('',(2.041387328801,11.733021519472));
#4395 = CARTESIAN_POINT('',(2.055476832276,11.711572574926));
#4396 = CARTESIAN_POINT('',(2.069597265872,11.691180677713));
#4397 = CARTESIAN_POINT('',(2.083747070283,11.671861696474));
#4398 = CARTESIAN_POINT('',(2.097924593374,11.653630541738));
#4399 = CARTESIAN_POINT('',(2.11212809018,11.636501165922));
#4400 = CARTESIAN_POINT('',(2.158927648538,11.58382365148));
#4401 = CARTESIAN_POINT('',(2.191630941882,11.552997841407));
#4402 = CARTESIAN_POINT('',(2.224437737903,11.528172334677));
#4403 = CARTESIAN_POINT('',(2.257322426961,11.509469838627));
#4404 = CARTESIAN_POINT('',(2.290260364492,11.496972710518));
#4405 = CARTESIAN_POINT('',(2.323226580691,11.490723101685));
#4406 = CARTESIAN_POINT('',(2.389466337948,11.490723101685));
#4407 = CARTESIAN_POINT('',(2.422736408422,11.497088483265));
#4408 = CARTESIAN_POINT('',(2.455977387152,11.509817037979));
#4409 = CARTESIAN_POINT('',(2.489163646825,11.528865047088));
#4410 = CARTESIAN_POINT('',(2.522269899377,11.554147130057));
#4411 = CARTESIAN_POINT('',(2.555269848085,11.585536093067));
#4412 = CARTESIAN_POINT('',(2.602328256636,11.638983067548));
#4413 = CARTESIAN_POINT('',(2.616497451059,11.656211898051));
#4414 = CARTESIAN_POINT('',(2.63064060447,11.674536265905));
#4415 = CARTESIAN_POINT('',(2.644755990764,11.69394222531));
#4416 = CARTESIAN_POINT('',(2.658841976202,11.714414887778));
#4417 = CARTESIAN_POINT('',(2.672897019409,11.735938422134));
#4418 = CARTESIAN_POINT('',(2.708932784518,11.793907595436));
#4419 = CARTESIAN_POINT('',(2.730864473343,11.831865133621));
#4420 = CARTESIAN_POINT('',(2.752710808612,11.872306145613));
#4421 = CARTESIAN_POINT('',(2.774467671875,11.91516356375));
#4422 = CARTESIAN_POINT('',(2.79613075547,11.960365776165));
#4423 = CARTESIAN_POINT('',(2.817695562518,12.007836626787));
#4424 = CARTESIAN_POINT('',(2.87773523526,12.146757464908));
#4425 = CARTESIAN_POINT('',(2.915970734142,12.243066716572));
#4426 = CARTESIAN_POINT('',(2.953861678694,12.346006182696));
#4427 = CARTESIAN_POINT('',(2.991404244955,12.455145888925));
#4428 = CARTESIAN_POINT('',(3.0285926923,12.570042220006));
#4429 = CARTESIAN_POINT('',(3.065419045863,12.690237265614));
#4430 = CARTESIAN_POINT('',(3.210345827043,13.187274884682));
#4431 = CARTESIAN_POINT('',(3.315202125691,13.600931941639));
#4432 = CARTESIAN_POINT('',(3.417104661557,14.046435471285));
#4433 = CARTESIAN_POINT('',(3.516520161381,14.515803528471));
#4434 = CARTESIAN_POINT('',(3.613852893672,15.002040071199));
#4435 = CARTESIAN_POINT('',(3.709430419568,15.498746157618));
#4436 = CARTESIAN_POINT('',(3.803560513584,16.0000006));
#4437 = ( GEOMETRIC_REPRESENTATION_CONTEXT(2) 
PARAMETRIC_REPRESENTATION_CONTEXT() REPRESENTATION_CONTEXT('2D SPACE',''
  ) );
#4438 = PCURVE('',#1936,#4439);
#4439 = DEFINITIONAL_REPRESENTATION('',(#4440),#4509);
#4440 = B_SPLINE_CURVE_WITH_KNOTS('',7,(#4441,#4442,#4443,#4444,#4445,
    #4446,#4447,#4448,#4449,#4450,#4451,#4452,#4453,#4454,#4455,#4456,
    #4457,#4458,#4459,#4460,#4461,#4462,#4463,#4464,#4465,#4466,#4467,
    #4468,#4469,#4470,#4471,#4472,#4473,#4474,#4475,#4476,#4477,#4478,
    #4479,#4480,#4481,#4482,#4483,#4484,#4485,#4486,#4487,#4488,#4489,
    #4490,#4491,#4492,#4493,#4494,#4495,#4496,#4497,#4498,#4499,#4500,
    #4501,#4502,#4503,#4504,#4505,#4506,#4507,#4508),.UNSPECIFIED.,.F.,
  .F.,(8,6,6,6,6,6,6,6,6,6,6,8),(0.,0.163025565158,0.262388883052,
    0.348463061334,0.397408085223,0.428537202478,0.499802416576,
    0.571724640022,0.602785719224,0.65154618568,0.739193494454,1.),
  .UNSPECIFIED.);
#4441 = CARTESIAN_POINT('',(2.320906289252,46.961960731462));
#4442 = CARTESIAN_POINT('',(2.32380752987,46.925645721497));
#4443 = CARTESIAN_POINT('',(2.326697795354,46.868879603692));
#4444 = CARTESIAN_POINT('',(2.329565033447,46.791198796961));
#4445 = CARTESIAN_POINT('',(2.332396407381,46.692104688935));
#4446 = CARTESIAN_POINT('',(2.335177868654,46.571078766927));
#4447 = CARTESIAN_POINT('',(2.337893713688,46.427598445976));
#4448 = CARTESIAN_POINT('',(2.342130566367,46.159706236785));
#4449 = CARTESIAN_POINT('',(2.343703900469,46.049735200233));
#4450 = CARTESIAN_POINT('',(2.345241183396,45.931183920742));
#4451 = CARTESIAN_POINT('',(2.346737296353,45.804027112479));
#4452 = CARTESIAN_POINT('',(2.348186944884,45.668270955093));
#4453 = CARTESIAN_POINT('',(2.349584658729,45.523953281455));
#4454 = CARTESIAN_POINT('',(2.352085691329,45.238771439195));
#4455 = CARTESIAN_POINT('',(2.353203457047,45.10001798361));
#4456 = CARTESIAN_POINT('',(2.35427361886,44.955016675283));
#4457 = CARTESIAN_POINT('',(2.355291816962,44.803938315689));
#4458 = CARTESIAN_POINT('',(2.356253805346,44.646991177025));
#4459 = CARTESIAN_POINT('',(2.357155455442,44.484420948109));
#4460 = CARTESIAN_POINT('',(2.35846888256,44.22103056957));
#4461 = CARTESIAN_POINT('',(2.358924137464,44.123836187928));
#4462 = CARTESIAN_POINT('',(2.359357700798,44.024999845923));
#4463 = CARTESIAN_POINT('',(2.359768794483,43.924598447302));
#4464 = CARTESIAN_POINT('',(2.360156686026,43.822713488975));
#4465 = CARTESIAN_POINT('',(2.360520688518,43.719431061013));
#4466 = CARTESIAN_POINT('',(2.361076065477,43.54832293096));
#4467 = CARTESIAN_POINT('',(2.361282038721,43.481278410532));
#4468 = CARTESIAN_POINT('',(2.361477909659,43.413733659332));
#4469 = CARTESIAN_POINT('',(2.361663517257,43.345715275394));
#4470 = CARTESIAN_POINT('',(2.361838710162,43.277251080817));
#4471 = CARTESIAN_POINT('',(2.362003346702,43.208370121772));
#4472 = CARTESIAN_POINT('',(2.362509735015,42.980525737203));
#4473 = CARTESIAN_POINT('',(2.36280621,42.819899286362));
#4474 = CARTESIAN_POINT('',(2.3630450665,42.657613419223));
#4475 = CARTESIAN_POINT('',(2.363225057764,42.494067669617));
#4476 = CARTESIAN_POINT('',(2.363345344903,42.329670624668));
#4477 = CARTESIAN_POINT('',(2.363405498155,42.164839547508));
#4478 = CARTESIAN_POINT('',(2.363405498155,41.833640761223));
#4479 = CARTESIAN_POINT('',(2.363344230583,41.667290412919));
#4480 = CARTESIAN_POINT('',(2.363221715908,41.501386331097));
#4481 = CARTESIAN_POINT('',(2.363038399893,41.336357220204));
#4482 = CARTESIAN_POINT('',(2.362795152252,41.172622712388));
#4483 = CARTESIAN_POINT('',(2.362493265304,41.010592966761));
#4484 = CARTESIAN_POINT('',(2.361979492058,40.781601525787));
#4485 = CARTESIAN_POINT('',(2.361813903658,40.712922753068));
#4486 = CARTESIAN_POINT('',(2.361637819509,40.644661927922));
#4487 = CARTESIAN_POINT('',(2.361451381215,40.576847809833));
#4488 = CARTESIAN_POINT('',(2.3612547399,40.509507940356));
#4489 = CARTESIAN_POINT('',(2.361048056213,40.442668643121));
#4490 = CARTESIAN_POINT('',(2.360491545429,40.272254229768));
#4491 = CARTESIAN_POINT('',(2.360127284354,40.169456188457));
#4492 = CARTESIAN_POINT('',(2.359739353242,40.068050176954));
#4493 = CARTESIAN_POINT('',(2.359328432883,39.968120953619));
#4494 = CARTESIAN_POINT('',(2.358895248714,39.869748758115));
#4495 = CARTESIAN_POINT('',(2.358440570823,39.773009311402));
#4496 = CARTESIAN_POINT('',(2.357110756348,39.507146790537));
#4497 = CARTESIAN_POINT('',(2.356189694384,39.341867413267));
#4498 = CARTESIAN_POINT('',(2.355206258859,39.182431747964));
#4499 = CARTESIAN_POINT('',(2.354164806065,39.02909592753));
#4500 = CARTESIAN_POINT('',(2.353069813844,38.882076097594));
#4501 = CARTESIAN_POINT('',(2.351925877666,38.741548360351));
#4502 = CARTESIAN_POINT('',(2.347202142113,38.209212095598));
#4503 = CARTESIAN_POINT('',(2.343285261578,37.870628511467));
#4504 = CARTESIAN_POINT('',(2.339085677769,37.591531458703));
#4505 = CARTESIAN_POINT('',(2.334683178781,37.370619319111));
#4506 = CARTESIAN_POINT('',(2.33014616352,37.206112864197));
#4507 = CARTESIAN_POINT('',(2.325535581143,37.095984404177));
#4508 = CARTESIAN_POINT('',(2.320906289252,37.038039268538));
#4509 = ( GEOMETRIC_REPRESENTATION_CONTEXT(2) 
PARAMETRIC_REPRESENTATION_CONTEXT() REPRESENTATION_CONTEXT('2D SPACE',''
  ) );
#4510 = ORIENTED_EDGE('',*,*,#4511,.F.);
#4511 = EDGE_CURVE('',#4242,#4294,#4512,.T.);
#4512 = SURFACE_CURVE('',#4513,(#4518,#4525),.PCURVE_S1.);
#4513 = CIRCLE('',#4514,5.);
#4514 = AXIS2_PLACEMENT_3D('',#4515,#4516,#4517);
#4515 = CARTESIAN_POINT('',(-100.8944443027,108.89444430272,-40.));
#4516 = DIRECTION('',(1.,3.925231146709E-17,2.747661802697E-16));
#4517 = DIRECTION('',(-2.22044604925E-16,0.707106781187,0.707106781187)
  );
#4518 = PCURVE('',#1348,#4519);
#4519 = DEFINITIONAL_REPRESENTATION('',(#4520),#4524);
#4520 = LINE('',#4521,#4522);
#4521 = CARTESIAN_POINT('',(0.,16.));
#4522 = VECTOR('',#4523,1.);
#4523 = DIRECTION('',(1.,0.));
#4524 = ( GEOMETRIC_REPRESENTATION_CONTEXT(2) 
PARAMETRIC_REPRESENTATION_CONTEXT() REPRESENTATION_CONTEXT('2D SPACE',''
  ) );
#4525 = PCURVE('',#4281,#4526);
#4526 = DEFINITIONAL_REPRESENTATION('',(#4527),#4531);
#4527 = CIRCLE('',#4528,5.);
#4528 = AXIS2_PLACEMENT_2D('',#4529,#4530);
#4529 = CARTESIAN_POINT('',(0.,0.));
#4530 = DIRECTION('',(1.,0.));
#4531 = ( GEOMETRIC_REPRESENTATION_CONTEXT(2) 
PARAMETRIC_REPRESENTATION_CONTEXT() REPRESENTATION_CONTEXT('2D SPACE',''
  ) );
#4532 = ORIENTED_EDGE('',*,*,#4241,.F.);
#4533 = ORIENTED_EDGE('',*,*,#1404,.T.);
#4534 = ORIENTED_EDGE('',*,*,#4216,.T.);
#4535 = ORIENTED_EDGE('',*,*,#1244,.T.);
#4536 = ADVANCED_FACE('',(#4537),#1490,.F.);
#4537 = FACE_BOUND('',#4538,.F.);
#4538 = EDGE_LOOP('',(#4539,#4562,#4591,#4809,#4831,#4832,#4833,#4855));
#4539 = ORIENTED_EDGE('',*,*,#4540,.T.);
#4540 = EDGE_CURVE('',#1457,#4541,#4543,.T.);
#4541 = VERTEX_POINT('',#4542);
#4542 = CARTESIAN_POINT('',(-100.8944443027,-112.4299782086,
    -36.46446609406));
#4543 = SEAM_CURVE('',#4544,(#4548,#4555),.PCURVE_S1.);
#4544 = LINE('',#4545,#4546);
#4545 = CARTESIAN_POINT('',(-116.8944443027,-112.4299782086,
    -36.46446609406));
#4546 = VECTOR('',#4547,1.);
#4547 = DIRECTION('',(1.,-7.850462293419E-17,2.355138688026E-16));
#4548 = PCURVE('',#1490,#4549);
#4549 = DEFINITIONAL_REPRESENTATION('',(#4550),#4554);
#4550 = LINE('',#4551,#4552);
#4551 = CARTESIAN_POINT('',(6.28318530718,-0.));
#4552 = VECTOR('',#4553,1.);
#4553 = DIRECTION('',(0.,1.));
#4554 = ( GEOMETRIC_REPRESENTATION_CONTEXT(2) 
PARAMETRIC_REPRESENTATION_CONTEXT() REPRESENTATION_CONTEXT('2D SPACE',''
  ) );
#4555 = PCURVE('',#1490,#4556);
#4556 = DEFINITIONAL_REPRESENTATION('',(#4557),#4561);
#4557 = LINE('',#4558,#4559);
#4558 = CARTESIAN_POINT('',(0.,-0.));
#4559 = VECTOR('',#4560,1.);
#4560 = DIRECTION('',(0.,1.));
#4561 = ( GEOMETRIC_REPRESENTATION_CONTEXT(2) 
PARAMETRIC_REPRESENTATION_CONTEXT() REPRESENTATION_CONTEXT('2D SPACE',''
  ) );
#4562 = ORIENTED_EDGE('',*,*,#4563,.F.);
#4563 = EDGE_CURVE('',#4564,#4541,#4566,.T.);
#4564 = VERTEX_POINT('',#4565);
#4565 = CARTESIAN_POINT('',(-100.8944443027,-108.278858088,
    -35.03803933789));
#4566 = SURFACE_CURVE('',#4567,(#4572,#4579),.PCURVE_S1.);
#4567 = CIRCLE('',#4568,5.);
#4568 = AXIS2_PLACEMENT_3D('',#4569,#4570,#4571);
#4569 = CARTESIAN_POINT('',(-100.8944443027,-108.8944443027,-40.));
#4570 = DIRECTION('',(1.,-7.850462293419E-17,2.355138688026E-16));
#4571 = DIRECTION('',(-2.22044604925E-16,-0.707106781187,0.707106781187)
  );
#4572 = PCURVE('',#1490,#4573);
#4573 = DEFINITIONAL_REPRESENTATION('',(#4574),#4578);
#4574 = LINE('',#4575,#4576);
#4575 = CARTESIAN_POINT('',(0.,16.));
#4576 = VECTOR('',#4577,1.);
#4577 = DIRECTION('',(1.,0.));
#4578 = ( GEOMETRIC_REPRESENTATION_CONTEXT(2) 
PARAMETRIC_REPRESENTATION_CONTEXT() REPRESENTATION_CONTEXT('2D SPACE',''
  ) );
#4579 = PCURVE('',#4580,#4585);
#4580 = PLANE('',#4581);
#4581 = AXIS2_PLACEMENT_3D('',#4582,#4583,#4584);
#4582 = CARTESIAN_POINT('',(-100.8944443027,-108.8944443027,-40.));
#4583 = DIRECTION('',(1.,-7.850462293419E-17,2.355138688026E-16));
#4584 = DIRECTION('',(-2.22044604925E-16,-0.707106781187,0.707106781187)
  );
#4585 = DEFINITIONAL_REPRESENTATION('',(#4586),#4590);
#4586 = CIRCLE('',#4587,5.);
#4587 = AXIS2_PLACEMENT_2D('',#4588,#4589);
#4588 = CARTESIAN_POINT('',(0.,0.));
#4589 = DIRECTION('',(1.,0.));
#4590 = ( GEOMETRIC_REPRESENTATION_CONTEXT(2) 
PARAMETRIC_REPRESENTATION_CONTEXT() REPRESENTATION_CONTEXT('2D SPACE',''
  ) );
#4591 = ORIENTED_EDGE('',*,*,#4592,.F.);
#4592 = EDGE_CURVE('',#4593,#4564,#4595,.T.);
#4593 = VERTEX_POINT('',#4594);
#4594 = CARTESIAN_POINT('',(-100.8944443027,-108.278858088,
    -44.9619606621));
#4595 = SURFACE_CURVE('',#4596,(#4665,#4737),.PCURVE_S1.);
#4596 = B_SPLINE_CURVE_WITH_KNOTS('',7,(#4597,#4598,#4599,#4600,#4601,
    #4602,#4603,#4604,#4605,#4606,#4607,#4608,#4609,#4610,#4611,#4612,
    #4613,#4614,#4615,#4616,#4617,#4618,#4619,#4620,#4621,#4622,#4623,
    #4624,#4625,#4626,#4627,#4628,#4629,#4630,#4631,#4632,#4633,#4634,
    #4635,#4636,#4637,#4638,#4639,#4640,#4641,#4642,#4643,#4644,#4645,
    #4646,#4647,#4648,#4649,#4650,#4651,#4652,#4653,#4654,#4655,#4656,
    #4657,#4658,#4659,#4660,#4661,#4662,#4663,#4664),.UNSPECIFIED.,.F.,
  .F.,(8,6,6,6,6,6,6,6,6,6,6,8),(0.,0.163025574684,0.262388898376,
    0.348463081682,0.397408108427,0.428537227498,0.499802445755,
    0.571724673391,0.602785754399,0.651546219911,0.739193520115,1.),
  .UNSPECIFIED.);
#4597 = CARTESIAN_POINT('',(-100.8944437027,-108.278858647,
    -44.96196073146));
#4598 = CARTESIAN_POINT('',(-101.2085867256,-107.9861395887,
    -44.92564572149));
#4599 = CARTESIAN_POINT('',(-101.5205505695,-107.6934645419,
    -44.86887960369));
#4600 = CARTESIAN_POINT('',(-101.8290394796,-107.4020680901,
    -44.79119879697));
#4601 = CARTESIAN_POINT('',(-102.1326972969,-107.1132900375,
    -44.69210468893));
#4602 = CARTESIAN_POINT('',(-102.4300644528,-106.8286210557,
    -44.57107876691));
#4603 = CARTESIAN_POINT('',(-102.7195333801,-106.5497501067,
    -44.42759844598));
#4604 = CARTESIAN_POINT('',(-103.1698202091,-106.1133572366,
    -44.15970623678));
#4605 = CARTESIAN_POINT('',(-103.336722669,-105.9509857634,
    -44.04973520023));
#4606 = CARTESIAN_POINT('',(-103.4995051234,-105.7920312564,
    -43.93118392074));
#4607 = CARTESIAN_POINT('',(-103.6576497651,-105.6370491648,
    -43.80402711247));
#4608 = CARTESIAN_POINT('',(-103.8106250547,-105.4866177979,
    -43.66827095509));
#4609 = CARTESIAN_POINT('',(-103.9578852009,-105.34133777,
    -43.52395328145));
#4610 = CARTESIAN_POINT('',(-104.220998411,-105.0809831033,
    -43.23877143919));
#4611 = CARTESIAN_POINT('',(-104.3384257463,-104.9644595536,
    -43.10001798361));
#4612 = CARTESIAN_POINT('',(-104.4507029854,-104.852748478,
    -42.95501667528));
#4613 = CARTESIAN_POINT('',(-104.5573957919,-104.7463286539,
    -42.80393831568));
#4614 = CARTESIAN_POINT('',(-104.658083551,-104.6456685952,
    -42.64699117702));
#4615 = CARTESIAN_POINT('',(-104.7523587663,-104.5512251927,
    -42.4844209481));
#4616 = CARTESIAN_POINT('',(-104.8895638844,-104.4135257215,
    -42.22103056957));
#4617 = CARTESIAN_POINT('',(-104.937093608,-104.3657692065,
    -42.12383618792));
#4618 = CARTESIAN_POINT('',(-104.9823340455,-104.3202636408,
    -42.02499984592));
#4619 = CARTESIAN_POINT('',(-105.0252082528,-104.277094942,
    -41.9245984473));
#4620 = CARTESIAN_POINT('',(-105.0656439234,-104.2363441132,
    -41.82271348897));
#4621 = CARTESIAN_POINT('',(-105.1035733888,-104.1980872432,
    -41.71943106101));
#4622 = CARTESIAN_POINT('',(-105.1614227832,-104.139695502,
    -41.54832293096));
#4623 = CARTESIAN_POINT('',(-105.1828717278,-104.118034026,
    -41.48127841053));
#4624 = CARTESIAN_POINT('',(-105.203263625,-104.0974299764,
    -41.41373365933));
#4625 = CARTESIAN_POINT('',(-105.2225826062,-104.0779011827,
    -41.34571527539));
#4626 = CARTESIAN_POINT('',(-105.2408137609,-104.0594644058,
    -41.27725108081));
#4627 = CARTESIAN_POINT('',(-105.2579431368,-104.0421353382,
    -41.20837012177));
#4628 = CARTESIAN_POINT('',(-105.3106206512,-103.9888258364,
    -40.9805257372));
#4629 = CARTESIAN_POINT('',(-105.3414464613,-103.9575996473,
    -40.81989928636));
#4630 = CARTESIAN_POINT('',(-105.366271968,-103.9324327877,
    -40.65761341922));
#4631 = CARTESIAN_POINT('',(-105.3849744641,-103.9134634078,
    -40.49406766961));
#4632 = CARTESIAN_POINT('',(-105.3974715922,-103.9007846601,
    -40.32967062466));
#4633 = CARTESIAN_POINT('',(-105.403721201,-103.8944443027,
    -40.1648395475));
#4634 = CARTESIAN_POINT('',(-105.403721201,-103.8944443027,
    -39.83364076123));
#4635 = CARTESIAN_POINT('',(-105.3973558194,-103.9009021125,
    -39.66729041292));
#4636 = CARTESIAN_POINT('',(-105.3846272647,-103.9138156528,
    -39.50138633108));
#4637 = CARTESIAN_POINT('',(-105.3655792556,-103.9331353852,
    -39.33635722019));
#4638 = CARTESIAN_POINT('',(-105.3402971726,-103.9587647316,
    -39.17262271239));
#4639 = CARTESIAN_POINT('',(-105.3089082096,-103.9905604935,
    -39.01059296677));
#4640 = CARTESIAN_POINT('',(-105.2554612351,-104.0446462156,
    -38.78160152578));
#4641 = CARTESIAN_POINT('',(-105.2382324046,-104.0620750578,
    -38.71292275306));
#4642 = CARTESIAN_POINT('',(-105.2199080368,-104.0806051643,
    -38.64466192792));
#4643 = CARTESIAN_POINT('',(-105.2005020774,-104.1002208507,
    -38.57684780983));
#4644 = CARTESIAN_POINT('',(-105.1800294149,-104.1209053814,
    -38.50950794035));
#4645 = CARTESIAN_POINT('',(-105.1585058805,-104.1426409698,
    -38.44266864312));
#4646 = CARTESIAN_POINT('',(-105.10053671,-104.201150256,-38.27225423783
    ));
#4647 = CARTESIAN_POINT('',(-105.0625791689,-104.2394331877,
    -38.16945618961));
#4648 = CARTESIAN_POINT('',(-105.0221381542,-104.2801869691,
    -38.06805017084));
#4649 = CARTESIAN_POINT('',(-104.9792807365,-104.3233361878,
    -37.96812094726));
#4650 = CARTESIAN_POINT('',(-104.9340785275,-104.3688006226,
    -37.86974875865));
#4651 = CARTESIAN_POINT('',(-104.8866076798,-104.4164952434,
    -37.77300931886));
#4652 = CARTESIAN_POINT('',(-104.7476868378,-104.5559089396,
    -37.50714679053));
#4653 = CARTESIAN_POINT('',(-104.6513775861,-104.6523812904,
    -37.34186741326));
#4654 = CARTESIAN_POINT('',(-104.54843812,-104.7552786156,
    -37.18243174797));
#4655 = CARTESIAN_POINT('',(-104.4392984138,-104.864118819,
    -37.02909592753));
#4656 = CARTESIAN_POINT('',(-104.3244020827,-104.9784078291,
    -36.88207609759));
#4657 = CARTESIAN_POINT('',(-104.2042070371,-105.0976410712,
    -36.74154836034));
#4658 = CARTESIAN_POINT('',(-103.7071694182,-105.5892836229,
    -36.20921209585));
#4659 = CARTESIAN_POINT('',(-103.2935123611,-105.9954149264,
    -35.87062851143));
#4660 = CARTESIAN_POINT('',(-102.8480088312,-106.4288314791,
    -35.59153145851));
#4661 = CARTESIAN_POINT('',(-102.3786407739,-106.8807809531,
    -35.37061931903));
#4662 = CARTESIAN_POINT('',(-101.8924042315,-107.3438995338,
    -35.20611286427));
#4663 = CARTESIAN_POINT('',(-101.3956981454,-107.8117888165,
    -35.09598440422));
#4664 = CARTESIAN_POINT('',(-100.8944437027,-108.278858647,
    -35.03803926853));
#4665 = PCURVE('',#1490,#4666);
#4666 = DEFINITIONAL_REPRESENTATION('',(#4667),#4736);
#4667 = B_SPLINE_CURVE_WITH_KNOTS('',7,(#4668,#4669,#4670,#4671,#4672,
    #4673,#4674,#4675,#4676,#4677,#4678,#4679,#4680,#4681,#4682,#4683,
    #4684,#4685,#4686,#4687,#4688,#4689,#4690,#4691,#4692,#4693,#4694,
    #4695,#4696,#4697,#4698,#4699,#4700,#4701,#4702,#4703,#4704,#4705,
    #4706,#4707,#4708,#4709,#4710,#4711,#4712,#4713,#4714,#4715,#4716,
    #4717,#4718,#4719,#4720,#4721,#4722,#4723,#4724,#4725,#4726,#4727,
    #4728,#4729,#4730,#4731,#4732,#4733,#4734,#4735),.UNSPECIFIED.,.F.,
  .F.,(8,6,6,6,6,6,6,6,6,6,6,8),(0.,0.163025574684,0.262388898376,
    0.348463081682,0.397408108427,0.428537227498,0.499802445755,
    0.571724673391,0.602785754399,0.651546219911,0.739193520115,1.),
  .UNSPECIFIED.);
#4668 = CARTESIAN_POINT('',(2.479624793596,16.0000006));
#4669 = CARTESIAN_POINT('',(2.538617412471,15.685857577107));
#4670 = CARTESIAN_POINT('',(2.598104913944,15.373893733156));
#4671 = CARTESIAN_POINT('',(2.6581887818,15.065404823037));
#4672 = CARTESIAN_POINT('',(2.718976482397,14.761747005781));
#4673 = CARTESIAN_POINT('',(2.780581182751,14.464379849871));
#4674 = CARTESIAN_POINT('',(2.843126507429,14.174910922545));
#4675 = CARTESIAN_POINT('',(2.945538415497,13.724624093539));
#4676 = CARTESIAN_POINT('',(2.984720597356,13.557721633726));
#4677 = CARTESIAN_POINT('',(3.024313509451,13.394939179244));
#4678 = CARTESIAN_POINT('',(3.064329119349,13.236794537564));
#4679 = CARTESIAN_POINT('',(3.104781639379,13.083819248018));
#4680 = CARTESIAN_POINT('',(3.145688433446,12.936559101784));
#4681 = CARTESIAN_POINT('',(3.222918799393,12.673445891693));
#4682 = CARTESIAN_POINT('',(3.259126010891,12.556018556378));
#4683 = CARTESIAN_POINT('',(3.295682376708,12.443741317253));
#4684 = CARTESIAN_POINT('',(3.332580107789,12.337048510762));
#4685 = CARTESIAN_POINT('',(3.369813501386,12.236360751687));
#4686 = CARTESIAN_POINT('',(3.407378634793,12.142085536344));
#4687 = CARTESIAN_POINT('',(3.466821257837,12.004880418286));
#4688 = CARTESIAN_POINT('',(3.488473083511,11.957350694701));
#4689 = CARTESIAN_POINT('',(3.510223772582,11.912110257136));
#4690 = CARTESIAN_POINT('',(3.532068751711,11.869236049845));
#4691 = CARTESIAN_POINT('',(3.554003637736,11.828800379245));
#4692 = CARTESIAN_POINT('',(3.576024237674,11.790870913917));
#4693 = CARTESIAN_POINT('',(3.612183655596,11.733021519472));
#4694 = CARTESIAN_POINT('',(3.626273159071,11.711572574926));
#4695 = CARTESIAN_POINT('',(3.640393592667,11.691180677713));
#4696 = CARTESIAN_POINT('',(3.654543397078,11.671861696474));
#4697 = CARTESIAN_POINT('',(3.668720920169,11.653630541738));
#4698 = CARTESIAN_POINT('',(3.682924416975,11.636501165922));
#4699 = CARTESIAN_POINT('',(3.729723975333,11.583823651481));
#4700 = CARTESIAN_POINT('',(3.762427268677,11.552997841407));
#4701 = CARTESIAN_POINT('',(3.795234064698,11.528172334677));
#4702 = CARTESIAN_POINT('',(3.828118753756,11.509469838627));
#4703 = CARTESIAN_POINT('',(3.861056691287,11.496972710518));
#4704 = CARTESIAN_POINT('',(3.894022907486,11.490723101685));
#4705 = CARTESIAN_POINT('',(3.960262664739,11.490723101685));
#4706 = CARTESIAN_POINT('',(3.993532735217,11.497088483264));
#4707 = CARTESIAN_POINT('',(4.02677371395,11.50981703798));
#4708 = CARTESIAN_POINT('',(4.059959973623,11.52886504709));
#4709 = CARTESIAN_POINT('',(4.093066226171,11.554147130058));
#4710 = CARTESIAN_POINT('',(4.126066174877,11.585536093063));
#4711 = CARTESIAN_POINT('',(4.173124583431,11.638983067548));
#4712 = CARTESIAN_POINT('',(4.187293777854,11.656211898051));
#4713 = CARTESIAN_POINT('',(4.201436931265,11.674536265905));
#4714 = CARTESIAN_POINT('',(4.215552317559,11.69394222531));
#4715 = CARTESIAN_POINT('',(4.229638302997,11.714414887778));
#4716 = CARTESIAN_POINT('',(4.243693346203,11.735938422134));
#4717 = CARTESIAN_POINT('',(4.279729109607,11.793907592691));
#4718 = CARTESIAN_POINT('',(4.30166079994,11.831865133828));
#4719 = CARTESIAN_POINT('',(4.323507136762,11.872306148502));
#4720 = CARTESIAN_POINT('',(4.345264000034,11.915163566178));
#4721 = CARTESIAN_POINT('',(4.366927082089,11.960365775221));
#4722 = CARTESIAN_POINT('',(4.388491887629,12.00783662289));
#4723 = CARTESIAN_POINT('',(4.448531562057,12.146757464912));
#4724 = CARTESIAN_POINT('',(4.486767060937,12.243066716573));
#4725 = CARTESIAN_POINT('',(4.524658005488,12.346006182693));
#4726 = CARTESIAN_POINT('',(4.562200571748,12.455145888921));
#4727 = CARTESIAN_POINT('',(4.599389019095,12.570042220006));
#4728 = CARTESIAN_POINT('',(4.636215372659,12.69023726562));
#4729 = CARTESIAN_POINT('',(4.781142153768,13.187274884443));
#4730 = CARTESIAN_POINT('',(4.885998452478,13.600931941543));
#4731 = CARTESIAN_POINT('',(4.987900988408,14.046435471515));
#4732 = CARTESIAN_POINT('',(5.087316488235,14.51580352879));
#4733 = CARTESIAN_POINT('',(5.184649220466,15.002040071213));
#4734 = CARTESIAN_POINT('',(5.280226746293,15.498746157242));
#4735 = CARTESIAN_POINT('',(5.374356840379,16.0000006));
#4736 = ( GEOMETRIC_REPRESENTATION_CONTEXT(2) 
PARAMETRIC_REPRESENTATION_CONTEXT() REPRESENTATION_CONTEXT('2D SPACE',''
  ) );
#4737 = PCURVE('',#1936,#4738);
#4738 = DEFINITIONAL_REPRESENTATION('',(#4739),#4808);
#4739 = B_SPLINE_CURVE_WITH_KNOTS('',7,(#4740,#4741,#4742,#4743,#4744,
    #4745,#4746,#4747,#4748,#4749,#4750,#4751,#4752,#4753,#4754,#4755,
    #4756,#4757,#4758,#4759,#4760,#4761,#4762,#4763,#4764,#4765,#4766,
    #4767,#4768,#4769,#4770,#4771,#4772,#4773,#4774,#4775,#4776,#4777,
    #4778,#4779,#4780,#4781,#4782,#4783,#4784,#4785,#4786,#4787,#4788,
    #4789,#4790,#4791,#4792,#4793,#4794,#4795,#4796,#4797,#4798,#4799,
    #4800,#4801,#4802,#4803,#4804,#4805,#4806,#4807),.UNSPECIFIED.,.F.,
  .F.,(8,6,6,6,6,6,6,6,6,6,6,8),(0.,0.163025574684,0.262388898376,
    0.348463081682,0.397408108427,0.428537227498,0.499802445755,
    0.571724673391,0.602785754399,0.651546219911,0.739193520115,1.),
  .UNSPECIFIED.);
#4740 = CARTESIAN_POINT('',(3.962279017928,37.038039268538));
#4741 = CARTESIAN_POINT('',(3.959377777309,37.074354278506));
#4742 = CARTESIAN_POINT('',(3.956487511826,37.131120396308));
#4743 = CARTESIAN_POINT('',(3.953620273733,37.208801203029));
#4744 = CARTESIAN_POINT('',(3.950788899798,37.307895311067));
#4745 = CARTESIAN_POINT('',(3.948007438525,37.428921233089));
#4746 = CARTESIAN_POINT('',(3.945291593492,37.572401554011));
#4747 = CARTESIAN_POINT('',(3.941054740812,37.840293763215));
#4748 = CARTESIAN_POINT('',(3.939481406711,37.950264799767));
#4749 = CARTESIAN_POINT('',(3.937944123783,38.068816079258));
#4750 = CARTESIAN_POINT('',(3.936448010827,38.195972887521));
#4751 = CARTESIAN_POINT('',(3.934998362296,38.331729044907));
#4752 = CARTESIAN_POINT('',(3.933600648451,38.476046718545));
#4753 = CARTESIAN_POINT('',(3.93109961585,38.761228560805));
#4754 = CARTESIAN_POINT('',(3.929981850132,38.89998201639));
#4755 = CARTESIAN_POINT('',(3.92891168832,39.044983324717));
#4756 = CARTESIAN_POINT('',(3.927893490218,39.196061684311));
#4757 = CARTESIAN_POINT('',(3.926931501833,39.353008822975));
#4758 = CARTESIAN_POINT('',(3.926029851738,39.515579051892));
#4759 = CARTESIAN_POINT('',(3.924716424619,39.77896943043));
#4760 = CARTESIAN_POINT('',(3.924261169716,39.876163812072));
#4761 = CARTESIAN_POINT('',(3.923827606381,39.975000154077));
#4762 = CARTESIAN_POINT('',(3.923416512696,40.075401552697));
#4763 = CARTESIAN_POINT('',(3.923028621154,40.177286511025));
#4764 = CARTESIAN_POINT('',(3.922664618661,40.280568938988));
#4765 = CARTESIAN_POINT('',(3.922109241703,40.45167706904));
#4766 = CARTESIAN_POINT('',(3.921903268458,40.518721589468));
#4767 = CARTESIAN_POINT('',(3.92170739752,40.586266340668));
#4768 = CARTESIAN_POINT('',(3.921521789923,40.654284724606));
#4769 = CARTESIAN_POINT('',(3.921346597017,40.722748919183));
#4770 = CARTESIAN_POINT('',(3.921181960477,40.791629878228));
#4771 = CARTESIAN_POINT('',(3.920675572165,41.019474262796));
#4772 = CARTESIAN_POINT('',(3.920379097179,41.180100713638));
#4773 = CARTESIAN_POINT('',(3.92014024068,41.342386580777));
#4774 = CARTESIAN_POINT('',(3.919960249416,41.505932330383));
#4775 = CARTESIAN_POINT('',(3.919839962277,41.670329375332));
#4776 = CARTESIAN_POINT('',(3.919779809024,41.835160452492));
#4777 = CARTESIAN_POINT('',(3.919779809024,42.166359238761));
#4778 = CARTESIAN_POINT('',(3.919841076596,42.332709587079));
#4779 = CARTESIAN_POINT('',(3.919963591272,42.498613668916));
#4780 = CARTESIAN_POINT('',(3.920146907287,42.663642779809));
#4781 = CARTESIAN_POINT('',(3.920390154928,42.82737728761));
#4782 = CARTESIAN_POINT('',(3.920692041875,42.989407033223));
#4783 = CARTESIAN_POINT('',(3.921205815122,43.218398474213));
#4784 = CARTESIAN_POINT('',(3.921371403522,43.287077246932));
#4785 = CARTESIAN_POINT('',(3.92154748767,43.355338072078));
#4786 = CARTESIAN_POINT('',(3.921733925965,43.423152190167));
#4787 = CARTESIAN_POINT('',(3.92193056728,43.490492059644));
#4788 = CARTESIAN_POINT('',(3.922137250966,43.557331356879));
#4789 = CARTESIAN_POINT('',(3.922693761724,43.727745762163));
#4790 = CARTESIAN_POINT('',(3.923058022828,43.830543810387));
#4791 = CARTESIAN_POINT('',(3.923445953965,43.931949829157));
#4792 = CARTESIAN_POINT('',(3.92385687432,44.031879052737));
#4793 = CARTESIAN_POINT('',(3.924290058456,44.130251241341));
#4794 = CARTESIAN_POINT('',(3.924744736319,44.22699068114));
#4795 = CARTESIAN_POINT('',(3.926074550832,44.49285320947));
#4796 = CARTESIAN_POINT('',(3.926995612796,44.658132586733));
#4797 = CARTESIAN_POINT('',(3.92797904832,44.81756825203));
#4798 = CARTESIAN_POINT('',(3.929020501115,44.970904072465));
#4799 = CARTESIAN_POINT('',(3.930115493335,45.117923902408));
#4800 = CARTESIAN_POINT('',(3.931259429514,45.258451639655));
#4801 = CARTESIAN_POINT('',(3.935983165065,45.790787904145));
#4802 = CARTESIAN_POINT('',(3.939900045601,46.129371488566));
#4803 = CARTESIAN_POINT('',(3.944099629413,46.408468541484));
#4804 = CARTESIAN_POINT('',(3.948502128402,46.629380680968));
#4805 = CARTESIAN_POINT('',(3.953039143659,46.793887135726));
#4806 = CARTESIAN_POINT('',(3.957649726033,46.904015595779));
#4807 = CARTESIAN_POINT('',(3.962279017928,46.961960731462));
#4808 = ( GEOMETRIC_REPRESENTATION_CONTEXT(2) 
PARAMETRIC_REPRESENTATION_CONTEXT() REPRESENTATION_CONTEXT('2D SPACE',''
  ) );
#4809 = ORIENTED_EDGE('',*,*,#4810,.F.);
#4810 = EDGE_CURVE('',#4541,#4593,#4811,.T.);
#4811 = SURFACE_CURVE('',#4812,(#4817,#4824),.PCURVE_S1.);
#4812 = CIRCLE('',#4813,5.);
#4813 = AXIS2_PLACEMENT_3D('',#4814,#4815,#4816);
#4814 = CARTESIAN_POINT('',(-100.8944443027,-108.8944443027,-40.));
#4815 = DIRECTION('',(1.,-7.850462293419E-17,2.355138688026E-16));
#4816 = DIRECTION('',(-2.22044604925E-16,-0.707106781187,0.707106781187)
  );
#4817 = PCURVE('',#1490,#4818);
#4818 = DEFINITIONAL_REPRESENTATION('',(#4819),#4823);
#4819 = LINE('',#4820,#4821);
#4820 = CARTESIAN_POINT('',(0.,16.));
#4821 = VECTOR('',#4822,1.);
#4822 = DIRECTION('',(1.,0.));
#4823 = ( GEOMETRIC_REPRESENTATION_CONTEXT(2) 
PARAMETRIC_REPRESENTATION_CONTEXT() REPRESENTATION_CONTEXT('2D SPACE',''
  ) );
#4824 = PCURVE('',#4580,#4825);
#4825 = DEFINITIONAL_REPRESENTATION('',(#4826),#4830);
#4826 = CIRCLE('',#4827,5.);
#4827 = AXIS2_PLACEMENT_2D('',#4828,#4829);
#4828 = CARTESIAN_POINT('',(0.,0.));
#4829 = DIRECTION('',(1.,0.));
#4830 = ( GEOMETRIC_REPRESENTATION_CONTEXT(2) 
PARAMETRIC_REPRESENTATION_CONTEXT() REPRESENTATION_CONTEXT('2D SPACE',''
  ) );
#4831 = ORIENTED_EDGE('',*,*,#4540,.F.);
#4832 = ORIENTED_EDGE('',*,*,#1511,.T.);
#4833 = ORIENTED_EDGE('',*,*,#4834,.T.);
#4834 = EDGE_CURVE('',#1512,#1455,#4835,.T.);
#4835 = SURFACE_CURVE('',#4836,(#4841,#4848),.PCURVE_S1.);
#4836 = CIRCLE('',#4837,5.);
#4837 = AXIS2_PLACEMENT_3D('',#4838,#4839,#4840);
#4838 = CARTESIAN_POINT('',(-116.8944443027,-108.8944443027,-40.));
#4839 = DIRECTION('',(1.,-7.850462293419E-17,2.355138688026E-16));
#4840 = DIRECTION('',(-2.22044604925E-16,-0.707106781187,0.707106781187)
  );
#4841 = PCURVE('',#1490,#4842);
#4842 = DEFINITIONAL_REPRESENTATION('',(#4843),#4847);
#4843 = LINE('',#4844,#4845);
#4844 = CARTESIAN_POINT('',(0.,0.));
#4845 = VECTOR('',#4846,1.);
#4846 = DIRECTION('',(1.,0.));
#4847 = ( GEOMETRIC_REPRESENTATION_CONTEXT(2) 
PARAMETRIC_REPRESENTATION_CONTEXT() REPRESENTATION_CONTEXT('2D SPACE',''
  ) );
#4848 = PCURVE('',#1664,#4849);
#4849 = DEFINITIONAL_REPRESENTATION('',(#4850),#4854);
#4850 = CIRCLE('',#4851,5.);
#4851 = AXIS2_PLACEMENT_2D('',#4852,#4853);
#4852 = CARTESIAN_POINT('',(0.,0.));
#4853 = DIRECTION('',(1.,0.));
#4854 = ( GEOMETRIC_REPRESENTATION_CONTEXT(2) 
PARAMETRIC_REPRESENTATION_CONTEXT() REPRESENTATION_CONTEXT('2D SPACE',''
  ) );
#4855 = ORIENTED_EDGE('',*,*,#1454,.T.);
#4856 = ADVANCED_FACE('',(#4857),#1664,.T.);
#4857 = FACE_BOUND('',#4858,.T.);
#4858 = EDGE_LOOP('',(#4859,#4860));
#4859 = ORIENTED_EDGE('',*,*,#1651,.F.);
#4860 = ORIENTED_EDGE('',*,*,#4834,.T.);
#4861 = ADVANCED_FACE('',(#4862),#1783,.F.);
#4862 = FACE_BOUND('',#4863,.F.);
#4863 = EDGE_LOOP('',(#4864,#4886,#4887,#4910,#4939,#5157,#5179,#5180));
#4864 = ORIENTED_EDGE('',*,*,#4865,.F.);
#4865 = EDGE_CURVE('',#1840,#1678,#4866,.T.);
#4866 = SURFACE_CURVE('',#4867,(#4872,#4879),.PCURVE_S1.);
#4867 = CIRCLE('',#4868,5.);
#4868 = AXIS2_PLACEMENT_3D('',#4869,#4870,#4871);
#4869 = CARTESIAN_POINT('',(116.89444430272,-108.8944443027,-40.));
#4870 = DIRECTION('',(1.,-3.925231146709E-17,1.962615573355E-16));
#4871 = DIRECTION('',(1.110223024625E-16,-0.707106781187,-0.707106781187
    ));
#4872 = PCURVE('',#1783,#4873);
#4873 = DEFINITIONAL_REPRESENTATION('',(#4874),#4878);
#4874 = LINE('',#4875,#4876);
#4875 = CARTESIAN_POINT('',(0.,16.));
#4876 = VECTOR('',#4877,1.);
#4877 = DIRECTION('',(1.,0.));
#4878 = ( GEOMETRIC_REPRESENTATION_CONTEXT(2) 
PARAMETRIC_REPRESENTATION_CONTEXT() REPRESENTATION_CONTEXT('2D SPACE',''
  ) );
#4879 = PCURVE('',#1854,#4880);
#4880 = DEFINITIONAL_REPRESENTATION('',(#4881),#4885);
#4881 = CIRCLE('',#4882,5.);
#4882 = AXIS2_PLACEMENT_2D('',#4883,#4884);
#4883 = CARTESIAN_POINT('',(0.,0.));
#4884 = DIRECTION('',(1.,0.));
#4885 = ( GEOMETRIC_REPRESENTATION_CONTEXT(2) 
PARAMETRIC_REPRESENTATION_CONTEXT() REPRESENTATION_CONTEXT('2D SPACE',''
  ) );
#4886 = ORIENTED_EDGE('',*,*,#1865,.F.);
#4887 = ORIENTED_EDGE('',*,*,#4888,.F.);
#4888 = EDGE_CURVE('',#4889,#1680,#4891,.T.);
#4889 = VERTEX_POINT('',#4890);
#4890 = CARTESIAN_POINT('',(100.89444430272,-112.4299782086,
    -43.53553390593));
#4891 = SEAM_CURVE('',#4892,(#4896,#4903),.PCURVE_S1.);
#4892 = LINE('',#4893,#4894);
#4893 = CARTESIAN_POINT('',(100.89444430272,-112.4299782086,
    -43.53553390593));
#4894 = VECTOR('',#4895,1.);
#4895 = DIRECTION('',(1.,-3.925231146709E-17,1.962615573355E-16));
#4896 = PCURVE('',#1783,#4897);
#4897 = DEFINITIONAL_REPRESENTATION('',(#4898),#4902);
#4898 = LINE('',#4899,#4900);
#4899 = CARTESIAN_POINT('',(6.28318530718,-0.));
#4900 = VECTOR('',#4901,1.);
#4901 = DIRECTION('',(0.,1.));
#4902 = ( GEOMETRIC_REPRESENTATION_CONTEXT(2) 
PARAMETRIC_REPRESENTATION_CONTEXT() REPRESENTATION_CONTEXT('2D SPACE',''
  ) );
#4903 = PCURVE('',#1783,#4904);
#4904 = DEFINITIONAL_REPRESENTATION('',(#4905),#4909);
#4905 = LINE('',#4906,#4907);
#4906 = CARTESIAN_POINT('',(0.,-0.));
#4907 = VECTOR('',#4908,1.);
#4908 = DIRECTION('',(0.,1.));
#4909 = ( GEOMETRIC_REPRESENTATION_CONTEXT(2) 
PARAMETRIC_REPRESENTATION_CONTEXT() REPRESENTATION_CONTEXT('2D SPACE',''
  ) );
#4910 = ORIENTED_EDGE('',*,*,#4911,.T.);
#4911 = EDGE_CURVE('',#4889,#4912,#4914,.T.);
#4912 = VERTEX_POINT('',#4913);
#4913 = CARTESIAN_POINT('',(100.89444430272,-108.278858088,
    -44.9619606621));
#4914 = SURFACE_CURVE('',#4915,(#4920,#4927),.PCURVE_S1.);
#4915 = CIRCLE('',#4916,5.);
#4916 = AXIS2_PLACEMENT_3D('',#4917,#4918,#4919);
#4917 = CARTESIAN_POINT('',(100.89444430272,-108.8944443027,-40.));
#4918 = DIRECTION('',(1.,-3.925231146709E-17,1.962615573355E-16));
#4919 = DIRECTION('',(1.110223024625E-16,-0.707106781187,-0.707106781187
    ));
#4920 = PCURVE('',#1783,#4921);
#4921 = DEFINITIONAL_REPRESENTATION('',(#4922),#4926);
#4922 = LINE('',#4923,#4924);
#4923 = CARTESIAN_POINT('',(0.,0.));
#4924 = VECTOR('',#4925,1.);
#4925 = DIRECTION('',(1.,0.));
#4926 = ( GEOMETRIC_REPRESENTATION_CONTEXT(2) 
PARAMETRIC_REPRESENTATION_CONTEXT() REPRESENTATION_CONTEXT('2D SPACE',''
  ) );
#4927 = PCURVE('',#4928,#4933);
#4928 = PLANE('',#4929);
#4929 = AXIS2_PLACEMENT_3D('',#4930,#4931,#4932);
#4930 = CARTESIAN_POINT('',(100.89444430272,-108.8944443027,-40.));
#4931 = DIRECTION('',(1.,-3.925231146709E-17,1.962615573355E-16));
#4932 = DIRECTION('',(1.110223024625E-16,-0.707106781187,-0.707106781187
    ));
#4933 = DEFINITIONAL_REPRESENTATION('',(#4934),#4938);
#4934 = CIRCLE('',#4935,5.);
#4935 = AXIS2_PLACEMENT_2D('',#4936,#4937);
#4936 = CARTESIAN_POINT('',(0.,0.));
#4937 = DIRECTION('',(1.,0.));
#4938 = ( GEOMETRIC_REPRESENTATION_CONTEXT(2) 
PARAMETRIC_REPRESENTATION_CONTEXT() REPRESENTATION_CONTEXT('2D SPACE',''
  ) );
#4939 = ORIENTED_EDGE('',*,*,#4940,.T.);
#4940 = EDGE_CURVE('',#4912,#4941,#4943,.T.);
#4941 = VERTEX_POINT('',#4942);
#4942 = CARTESIAN_POINT('',(100.89444430272,-108.278858088,
    -35.03803933789));
#4943 = SURFACE_CURVE('',#4944,(#5013,#5085),.PCURVE_S1.);
#4944 = B_SPLINE_CURVE_WITH_KNOTS('',7,(#4945,#4946,#4947,#4948,#4949,
    #4950,#4951,#4952,#4953,#4954,#4955,#4956,#4957,#4958,#4959,#4960,
    #4961,#4962,#4963,#4964,#4965,#4966,#4967,#4968,#4969,#4970,#4971,
    #4972,#4973,#4974,#4975,#4976,#4977,#4978,#4979,#4980,#4981,#4982,
    #4983,#4984,#4985,#4986,#4987,#4988,#4989,#4990,#4991,#4992,#4993,
    #4994,#4995,#4996,#4997,#4998,#4999,#5000,#5001,#5002,#5003,#5004,
    #5005,#5006,#5007,#5008,#5009,#5010,#5011,#5012),.UNSPECIFIED.,.F.,
  .F.,(8,6,6,6,6,6,6,6,6,6,6,8),(0.,0.163025565207,0.262388883124,
    0.348463061425,0.397408085325,0.428537202587,0.4998024167,
    0.571724640155,0.602785719358,0.651546185815,0.739193494594,1.),
  .UNSPECIFIED.);
#4945 = CARTESIAN_POINT('',(100.89444370272,-108.278858647,
    -44.96196073146));
#4946 = CARTESIAN_POINT('',(101.20858672562,-107.9861395887,
    -44.92564572149));
#4947 = CARTESIAN_POINT('',(101.52055056957,-107.6934645419,
    -44.86887960369));
#4948 = CARTESIAN_POINT('',(101.82903947969,-107.4020680901,
    -44.79119879697));
#4949 = CARTESIAN_POINT('',(102.13269729694,-107.1132900375,
    -44.69210468893));
#4950 = CARTESIAN_POINT('',(102.43006445285,-106.8286210557,
    -44.57107876691));
#4951 = CARTESIAN_POINT('',(102.71953338018,-106.5497501067,
    -44.42759844598));
#4952 = CARTESIAN_POINT('',(103.16982020918,-106.1133572366,
    -44.15970623678));
#4953 = CARTESIAN_POINT('',(103.336722669,-105.9509857634,
    -44.04973520023));
#4954 = CARTESIAN_POINT('',(103.49950512348,-105.7920312564,
    -43.93118392074));
#4955 = CARTESIAN_POINT('',(103.65764976516,-105.6370491648,
    -43.80402711247));
#4956 = CARTESIAN_POINT('',(103.81062505471,-105.4866177979,
    -43.66827095509));
#4957 = CARTESIAN_POINT('',(103.95788520094,-105.34133777,
    -43.52395328145));
#4958 = CARTESIAN_POINT('',(104.22099841103,-105.0809831033,
    -43.23877143919));
#4959 = CARTESIAN_POINT('',(104.33842574635,-104.9644595536,
    -43.10001798361));
#4960 = CARTESIAN_POINT('',(104.45070298547,-104.852748478,
    -42.95501667528));
#4961 = CARTESIAN_POINT('',(104.55739579196,-104.7463286539,
    -42.80393831568));
#4962 = CARTESIAN_POINT('',(104.65808355104,-104.6456685952,
    -42.64699117702));
#4963 = CARTESIAN_POINT('',(104.75235876638,-104.5512251927,
    -42.4844209481));
#4964 = CARTESIAN_POINT('',(104.88956388444,-104.4135257215,
    -42.22103056957));
#4965 = CARTESIAN_POINT('',(104.93709360802,-104.3657692065,
    -42.12383618792));
#4966 = CARTESIAN_POINT('',(104.98233404559,-104.3202636408,
    -42.02499984592));
#4967 = CARTESIAN_POINT('',(105.02520825288,-104.277094942,
    -41.9245984473));
#4968 = CARTESIAN_POINT('',(105.06564392348,-104.2363441132,
    -41.82271348897));
#4969 = CARTESIAN_POINT('',(105.10357338881,-104.1980872432,
    -41.71943106101));
#4970 = CARTESIAN_POINT('',(105.16142278325,-104.139695502,
    -41.54832293096));
#4971 = CARTESIAN_POINT('',(105.1828717278,-104.118034026,
    -41.48127841053));
#4972 = CARTESIAN_POINT('',(105.20326362501,-104.0974299764,
    -41.41373365933));
#4973 = CARTESIAN_POINT('',(105.22258260625,-104.0779011827,
    -41.34571527539));
#4974 = CARTESIAN_POINT('',(105.24081376099,-104.0594644058,
    -41.27725108081));
#4975 = CARTESIAN_POINT('',(105.2579431368,-104.0421353382,
    -41.20837012177));
#4976 = CARTESIAN_POINT('',(105.31062065124,-103.9888258364,
    -40.9805257372));
#4977 = CARTESIAN_POINT('',(105.34144646132,-103.9575996473,
    -40.81989928636));
#4978 = CARTESIAN_POINT('',(105.36627196805,-103.9324327877,
    -40.65761341922));
#4979 = CARTESIAN_POINT('',(105.3849744641,-103.9134634078,
    -40.49406766961));
#4980 = CARTESIAN_POINT('',(105.39747159221,-103.9007846601,
    -40.32967062466));
#4981 = CARTESIAN_POINT('',(105.40372120104,-103.8944443027,
    -40.1648395475));
#4982 = CARTESIAN_POINT('',(105.40372120104,-103.8944443027,
    -39.83364076124));
#4983 = CARTESIAN_POINT('',(105.39735581946,-103.9009021125,
    -39.66729041292));
#4984 = CARTESIAN_POINT('',(105.38462726474,-103.9138156528,
    -39.50138633108));
#4985 = CARTESIAN_POINT('',(105.36557925563,-103.9331353852,
    -39.33635722019));
#4986 = CARTESIAN_POINT('',(105.34029717267,-103.9587647316,
    -39.17262271239));
#4987 = CARTESIAN_POINT('',(105.30890820966,-103.9905604935,
    -39.01059296677));
#4988 = CARTESIAN_POINT('',(105.25546123518,-104.0446462156,
    -38.78160152578));
#4989 = CARTESIAN_POINT('',(105.23823240467,-104.0620750578,
    -38.71292275306));
#4990 = CARTESIAN_POINT('',(105.21990803682,-104.0806051643,
    -38.64466192792));
#4991 = CARTESIAN_POINT('',(105.20050207741,-104.1002208507,
    -38.57684780983));
#4992 = CARTESIAN_POINT('',(105.18002941495,-104.1209053814,
    -38.50950794035));
#4993 = CARTESIAN_POINT('',(105.15850588059,-104.1426409698,
    -38.44266864312));
#4994 = CARTESIAN_POINT('',(105.10053670729,-104.2011502588,
    -38.27225422976));
#4995 = CARTESIAN_POINT('',(105.0625791691,-104.2394331875,
    -38.16945618845));
#4996 = CARTESIAN_POINT('',(105.02213815711,-104.2801869662,
    -38.06805017695));
#4997 = CARTESIAN_POINT('',(104.97928073897,-104.3233361854,
    -37.96812095361));
#4998 = CARTESIAN_POINT('',(104.93407852656,-104.3688006235,
    -37.86974875811));
#4999 = CARTESIAN_POINT('',(104.88660767594,-104.4164952474,
    -37.7730093114));
#5000 = CARTESIAN_POINT('',(104.74768683781,-104.5559089396,
    -37.50714679052));
#5001 = CARTESIAN_POINT('',(104.65137758615,-104.6523812904,
    -37.34186741326));
#5002 = CARTESIAN_POINT('',(104.54843812003,-104.7552786156,
    -37.18243174797));
#5003 = CARTESIAN_POINT('',(104.4392984138,-104.864118819,
    -37.02909592753));
#5004 = CARTESIAN_POINT('',(104.32440208272,-104.9784078291,
    -36.88207609759));
#5005 = CARTESIAN_POINT('',(104.2042070371,-105.0976410712,
    -36.74154836034));
#5006 = CARTESIAN_POINT('',(103.70716941828,-105.5892836229,
    -36.20921209585));
#5007 = CARTESIAN_POINT('',(103.29351236118,-105.9954149264,
    -35.87062851143));
#5008 = CARTESIAN_POINT('',(102.84800883121,-106.4288314791,
    -35.59153145851));
#5009 = CARTESIAN_POINT('',(102.37864077393,-106.8807809531,
    -35.37061931903));
#5010 = CARTESIAN_POINT('',(101.89240423151,-107.3438995338,
    -35.20611286427));
#5011 = CARTESIAN_POINT('',(101.39569814548,-107.8117888165,
    -35.09598440422));
#5012 = CARTESIAN_POINT('',(100.89444370272,-108.278858647,
    -35.03803926853));
#5013 = PCURVE('',#1783,#5014);
#5014 = DEFINITIONAL_REPRESENTATION('',(#5015),#5084);
#5015 = B_SPLINE_CURVE_WITH_KNOTS('',7,(#5016,#5017,#5018,#5019,#5020,
    #5021,#5022,#5023,#5024,#5025,#5026,#5027,#5028,#5029,#5030,#5031,
    #5032,#5033,#5034,#5035,#5036,#5037,#5038,#5039,#5040,#5041,#5042,
    #5043,#5044,#5045,#5046,#5047,#5048,#5049,#5050,#5051,#5052,#5053,
    #5054,#5055,#5056,#5057,#5058,#5059,#5060,#5061,#5062,#5063,#5064,
    #5065,#5066,#5067,#5068,#5069,#5070,#5071,#5072,#5073,#5074,#5075,
    #5076,#5077,#5078,#5079,#5080,#5081,#5082,#5083),.UNSPECIFIED.,.F.,
  .F.,(8,6,6,6,6,6,6,6,6,6,6,8),(0.,0.163025565207,0.262388883124,
    0.348463061425,0.397408085325,0.428537202587,0.4998024167,
    0.571724640155,0.602785719358,0.651546185815,0.739193494594,1.),
  .UNSPECIFIED.);
#5016 = CARTESIAN_POINT('',(0.908828466801,-6.E-07));
#5017 = CARTESIAN_POINT('',(0.967821085677,0.314142422893));
#5018 = CARTESIAN_POINT('',(1.02730858715,0.626106266844));
#5019 = CARTESIAN_POINT('',(1.087392455005,0.934595176963));
#5020 = CARTESIAN_POINT('',(1.148180155602,1.238252994219));
#5021 = CARTESIAN_POINT('',(1.209784855956,1.535620150129));
#5022 = CARTESIAN_POINT('',(1.272330180634,1.825089077454));
#5023 = CARTESIAN_POINT('',(1.374742088702,2.275375906461));
#5024 = CARTESIAN_POINT('',(1.413924270561,2.442278366274));
#5025 = CARTESIAN_POINT('',(1.453517182656,2.605060820756));
#5026 = CARTESIAN_POINT('',(1.493532792554,2.763205462435));
#5027 = CARTESIAN_POINT('',(1.533985312585,2.916180751982));
#5028 = CARTESIAN_POINT('',(1.574892106651,3.063440898216));
#5029 = CARTESIAN_POINT('',(1.652122472598,3.326554108308));
#5030 = CARTESIAN_POINT('',(1.688329684097,3.443981443622));
#5031 = CARTESIAN_POINT('',(1.724886049913,3.556258682747));
#5032 = CARTESIAN_POINT('',(1.761783780994,3.662951489237));
#5033 = CARTESIAN_POINT('',(1.799017174592,3.763639248313));
#5034 = CARTESIAN_POINT('',(1.836582307998,3.857914463656));
#5035 = CARTESIAN_POINT('',(1.896024931043,3.995119581714));
#5036 = CARTESIAN_POINT('',(1.917676756716,4.042649305299));
#5037 = CARTESIAN_POINT('',(1.939427445787,4.087889742864));
#5038 = CARTESIAN_POINT('',(1.961272424916,4.130763950155));
#5039 = CARTESIAN_POINT('',(1.983207310942,4.171199620755));
#5040 = CARTESIAN_POINT('',(2.005227910879,4.209129086083));
#5041 = CARTESIAN_POINT('',(2.041387328801,4.266978480528));
#5042 = CARTESIAN_POINT('',(2.055476832276,4.288427425074));
#5043 = CARTESIAN_POINT('',(2.069597265872,4.308819322286));
#5044 = CARTESIAN_POINT('',(2.083747070283,4.328138303526));
#5045 = CARTESIAN_POINT('',(2.097924593374,4.346369458262));
#5046 = CARTESIAN_POINT('',(2.11212809018,4.363498834078));
#5047 = CARTESIAN_POINT('',(2.158927648538,4.41617634852));
#5048 = CARTESIAN_POINT('',(2.191630941882,4.447002158593));
#5049 = CARTESIAN_POINT('',(2.224437737903,4.471827665323));
#5050 = CARTESIAN_POINT('',(2.257322426961,4.490530161373));
#5051 = CARTESIAN_POINT('',(2.290260364492,4.503027289482));
#5052 = CARTESIAN_POINT('',(2.323226580691,4.509276898315));
#5053 = CARTESIAN_POINT('',(2.389466337944,4.509276898315));
#5054 = CARTESIAN_POINT('',(2.422736408422,4.502911516736));
#5055 = CARTESIAN_POINT('',(2.455977387155,4.49018296202));
#5056 = CARTESIAN_POINT('',(2.489163646828,4.47113495291));
#5057 = CARTESIAN_POINT('',(2.522269899377,4.445852869942));
#5058 = CARTESIAN_POINT('',(2.555269848082,4.414463906937));
#5059 = CARTESIAN_POINT('',(2.602328256636,4.361016932452));
#5060 = CARTESIAN_POINT('',(2.616497451059,4.343788101949));
#5061 = CARTESIAN_POINT('',(2.63064060447,4.325463734095));
#5062 = CARTESIAN_POINT('',(2.644755990764,4.30605777469));
#5063 = CARTESIAN_POINT('',(2.658841976202,4.285585112222));
#5064 = CARTESIAN_POINT('',(2.672897019409,4.264061577866));
#5065 = CARTESIAN_POINT('',(2.708932784518,4.206092404564));
#5066 = CARTESIAN_POINT('',(2.730864473343,4.168134866379));
#5067 = CARTESIAN_POINT('',(2.752710808612,4.127693854387));
#5068 = CARTESIAN_POINT('',(2.774467671875,4.08483643625));
#5069 = CARTESIAN_POINT('',(2.79613075547,4.039634223835));
#5070 = CARTESIAN_POINT('',(2.817695562518,3.992163373213));
#5071 = CARTESIAN_POINT('',(2.877735235262,3.853242535088));
#5072 = CARTESIAN_POINT('',(2.915970734142,3.756933283427));
#5073 = CARTESIAN_POINT('',(2.953861678693,3.653993817307));
#5074 = CARTESIAN_POINT('',(2.991404244953,3.544854111079));
#5075 = CARTESIAN_POINT('',(3.0285926923,3.429957779994));
#5076 = CARTESIAN_POINT('',(3.065419045864,3.30976273438));
#5077 = CARTESIAN_POINT('',(3.210345826974,2.812725115556));
#5078 = CARTESIAN_POINT('',(3.315202125683,2.399068058458));
#5079 = CARTESIAN_POINT('',(3.417104661613,1.953564528483));
#5080 = CARTESIAN_POINT('',(3.51652016144,1.484196471211));
#5081 = CARTESIAN_POINT('',(3.613852893671,0.997959928788));
#5082 = CARTESIAN_POINT('',(3.709430419498,0.501253842757));
#5083 = CARTESIAN_POINT('',(3.803560513584,-6.E-07));
#5084 = ( GEOMETRIC_REPRESENTATION_CONTEXT(2) 
PARAMETRIC_REPRESENTATION_CONTEXT() REPRESENTATION_CONTEXT('2D SPACE',''
  ) );
#5085 = PCURVE('',#1936,#5086);
#5086 = DEFINITIONAL_REPRESENTATION('',(#5087),#5156);
#5087 = B_SPLINE_CURVE_WITH_KNOTS('',7,(#5088,#5089,#5090,#5091,#5092,
    #5093,#5094,#5095,#5096,#5097,#5098,#5099,#5100,#5101,#5102,#5103,
    #5104,#5105,#5106,#5107,#5108,#5109,#5110,#5111,#5112,#5113,#5114,
    #5115,#5116,#5117,#5118,#5119,#5120,#5121,#5122,#5123,#5124,#5125,
    #5126,#5127,#5128,#5129,#5130,#5131,#5132,#5133,#5134,#5135,#5136,
    #5137,#5138,#5139,#5140,#5141,#5142,#5143,#5144,#5145,#5146,#5147,
    #5148,#5149,#5150,#5151,#5152,#5153,#5154,#5155),.UNSPECIFIED.,.F.,
  .F.,(8,6,6,6,6,6,6,6,6,6,6,8),(0.,0.163025565207,0.262388883124,
    0.348463061425,0.397408085325,0.428537202587,0.4998024167,
    0.571724640155,0.602785719358,0.651546185815,0.739193494594,1.),
  .UNSPECIFIED.);
#5088 = CARTESIAN_POINT('',(5.462498942841,37.038039268538));
#5089 = CARTESIAN_POINT('',(5.46540018346,37.074354278506));
#5090 = CARTESIAN_POINT('',(5.468290448944,37.131120396308));
#5091 = CARTESIAN_POINT('',(5.471157687036,37.208801203029));
#5092 = CARTESIAN_POINT('',(5.473989060971,37.307895311067));
#5093 = CARTESIAN_POINT('',(5.476770522244,37.428921233089));
#5094 = CARTESIAN_POINT('',(5.479486367277,37.572401554011));
#5095 = CARTESIAN_POINT('',(5.483723219957,37.840293763215));
#5096 = CARTESIAN_POINT('',(5.485296554058,37.950264799767));
#5097 = CARTESIAN_POINT('',(5.486833836986,38.068816079258));
#5098 = CARTESIAN_POINT('',(5.488329949943,38.195972887521));
#5099 = CARTESIAN_POINT('',(5.489779598474,38.331729044907));
#5100 = CARTESIAN_POINT('',(5.491177312319,38.476046718545));
#5101 = CARTESIAN_POINT('',(5.493678344919,38.761228560805));
#5102 = CARTESIAN_POINT('',(5.494796110637,38.89998201639));
#5103 = CARTESIAN_POINT('',(5.495866272449,39.044983324717));
#5104 = CARTESIAN_POINT('',(5.496884470552,39.196061684311));
#5105 = CARTESIAN_POINT('',(5.497846458936,39.353008822975));
#5106 = CARTESIAN_POINT('',(5.498748109032,39.515579051892));
#5107 = CARTESIAN_POINT('',(5.50006153615,39.77896943043));
#5108 = CARTESIAN_POINT('',(5.500516791054,39.876163812072));
#5109 = CARTESIAN_POINT('',(5.500950354388,39.975000154077));
#5110 = CARTESIAN_POINT('',(5.501361448073,40.075401552698));
#5111 = CARTESIAN_POINT('',(5.501749339616,40.177286511025));
#5112 = CARTESIAN_POINT('',(5.502113342108,40.280568938987));
#5113 = CARTESIAN_POINT('',(5.502668719067,40.45167706904));
#5114 = CARTESIAN_POINT('',(5.502874692311,40.518721589468));
#5115 = CARTESIAN_POINT('',(5.503070563249,40.586266340668));
#5116 = CARTESIAN_POINT('',(5.503256170847,40.654284724606));
#5117 = CARTESIAN_POINT('',(5.503431363752,40.722748919183));
#5118 = CARTESIAN_POINT('',(5.503596000292,40.791629878228));
#5119 = CARTESIAN_POINT('',(5.504102388605,41.019474262796));
#5120 = CARTESIAN_POINT('',(5.50439886359,41.180100713638));
#5121 = CARTESIAN_POINT('',(5.50463772009,41.342386580777));
#5122 = CARTESIAN_POINT('',(5.504817711354,41.505932330383));
#5123 = CARTESIAN_POINT('',(5.504937998493,41.670329375332));
#5124 = CARTESIAN_POINT('',(5.504998151745,41.835160452492));
#5125 = CARTESIAN_POINT('',(5.504998151745,42.16635923876));
#5126 = CARTESIAN_POINT('',(5.504936884173,42.332709587079));
#5127 = CARTESIAN_POINT('',(5.504814369498,42.498613668916));
#5128 = CARTESIAN_POINT('',(5.504631053483,42.663642779809));
#5129 = CARTESIAN_POINT('',(5.504387805842,42.82737728761));
#5130 = CARTESIAN_POINT('',(5.504085918894,42.989407033223));
#5131 = CARTESIAN_POINT('',(5.503572145648,43.218398474213));
#5132 = CARTESIAN_POINT('',(5.503406557248,43.287077246932));
#5133 = CARTESIAN_POINT('',(5.503230473099,43.355338072078));
#5134 = CARTESIAN_POINT('',(5.503044034804,43.423152190167));
#5135 = CARTESIAN_POINT('',(5.502847393489,43.490492059644));
#5136 = CARTESIAN_POINT('',(5.502640709803,43.557331356879));
#5137 = CARTESIAN_POINT('',(5.502084199019,43.727745770232));
#5138 = CARTESIAN_POINT('',(5.501719937944,43.830543811543));
#5139 = CARTESIAN_POINT('',(5.501332006832,43.931949823046));
#5140 = CARTESIAN_POINT('',(5.500921086472,44.031879046381));
#5141 = CARTESIAN_POINT('',(5.500487902304,44.130251241885));
#5142 = CARTESIAN_POINT('',(5.500033224413,44.226990688598));
#5143 = CARTESIAN_POINT('',(5.498703409938,44.492853209471));
#5144 = CARTESIAN_POINT('',(5.497782347973,44.658132586733));
#5145 = CARTESIAN_POINT('',(5.496798912449,44.81756825203));
#5146 = CARTESIAN_POINT('',(5.495757459654,44.970904072464));
#5147 = CARTESIAN_POINT('',(5.494662467434,45.117923902408));
#5148 = CARTESIAN_POINT('',(5.493518531255,45.258451639656));
#5149 = CARTESIAN_POINT('',(5.488794795705,45.790787904146));
#5150 = CARTESIAN_POINT('',(5.484877915169,46.129371488564));
#5151 = CARTESIAN_POINT('',(5.480678331356,46.408468541488));
#5152 = CARTESIAN_POINT('',(5.476275832367,46.629380680966));
#5153 = CARTESIAN_POINT('',(5.47173881711,46.793887135726));
#5154 = CARTESIAN_POINT('',(5.467128234737,46.904015595779));
#5155 = CARTESIAN_POINT('',(5.462498942841,46.961960731462));
#5156 = ( GEOMETRIC_REPRESENTATION_CONTEXT(2) 
PARAMETRIC_REPRESENTATION_CONTEXT() REPRESENTATION_CONTEXT('2D SPACE',''
  ) );
#5157 = ORIENTED_EDGE('',*,*,#5158,.T.);
#5158 = EDGE_CURVE('',#4941,#4889,#5159,.T.);
#5159 = SURFACE_CURVE('',#5160,(#5165,#5172),.PCURVE_S1.);
#5160 = CIRCLE('',#5161,5.);
#5161 = AXIS2_PLACEMENT_3D('',#5162,#5163,#5164);
#5162 = CARTESIAN_POINT('',(100.89444430272,-108.8944443027,-40.));
#5163 = DIRECTION('',(1.,-3.925231146709E-17,1.962615573355E-16));
#5164 = DIRECTION('',(1.110223024625E-16,-0.707106781187,-0.707106781187
    ));
#5165 = PCURVE('',#1783,#5166);
#5166 = DEFINITIONAL_REPRESENTATION('',(#5167),#5171);
#5167 = LINE('',#5168,#5169);
#5168 = CARTESIAN_POINT('',(0.,0.));
#5169 = VECTOR('',#5170,1.);
#5170 = DIRECTION('',(1.,0.));
#5171 = ( GEOMETRIC_REPRESENTATION_CONTEXT(2) 
PARAMETRIC_REPRESENTATION_CONTEXT() REPRESENTATION_CONTEXT('2D SPACE',''
  ) );
#5172 = PCURVE('',#4928,#5173);
#5173 = DEFINITIONAL_REPRESENTATION('',(#5174),#5178);
#5174 = CIRCLE('',#5175,5.);
#5175 = AXIS2_PLACEMENT_2D('',#5176,#5177);
#5176 = CARTESIAN_POINT('',(0.,0.));
#5177 = DIRECTION('',(1.,0.));
#5178 = ( GEOMETRIC_REPRESENTATION_CONTEXT(2) 
PARAMETRIC_REPRESENTATION_CONTEXT() REPRESENTATION_CONTEXT('2D SPACE',''
  ) );
#5179 = ORIENTED_EDGE('',*,*,#4888,.T.);
#5180 = ORIENTED_EDGE('',*,*,#1677,.F.);
#5181 = ADVANCED_FACE('',(#5182),#1854,.F.);
#5182 = FACE_BOUND('',#5183,.F.);
#5183 = EDGE_LOOP('',(#5184,#5185));
#5184 = ORIENTED_EDGE('',*,*,#1839,.F.);
#5185 = ORIENTED_EDGE('',*,*,#4865,.T.);
#5186 = ADVANCED_FACE('',(#5187,#5237,#5240,#5243,#5265,#5287,#5309),
  #1936,.F.);
#5187 = FACE_BOUND('',#5188,.F.);
#5188 = EDGE_LOOP('',(#5189,#5190,#5211,#5212,#5233,#5234,#5235,#5236));
#5189 = ORIENTED_EDGE('',*,*,#1919,.T.);
#5190 = ORIENTED_EDGE('',*,*,#5191,.T.);
#5191 = EDGE_CURVE('',#1920,#1953,#5192,.T.);
#5192 = SEAM_CURVE('',#5193,(#5197,#5204),.PCURVE_S1.);
#5193 = LINE('',#5194,#5195);
#5194 = CARTESIAN_POINT('',(148.,-3.624954525476E-14,-82.));
#5195 = VECTOR('',#5196,1.);
#5196 = DIRECTION('',(0.,0.,1.));
#5197 = PCURVE('',#1936,#5198);
#5198 = DEFINITIONAL_REPRESENTATION('',(#5199),#5203);
#5199 = LINE('',#5200,#5201);
#5200 = CARTESIAN_POINT('',(0.,-0.));
#5201 = VECTOR('',#5202,1.);
#5202 = DIRECTION('',(0.,1.));
#5203 = ( GEOMETRIC_REPRESENTATION_CONTEXT(2) 
PARAMETRIC_REPRESENTATION_CONTEXT() REPRESENTATION_CONTEXT('2D SPACE',''
  ) );
#5204 = PCURVE('',#1936,#5205);
#5205 = DEFINITIONAL_REPRESENTATION('',(#5206),#5210);
#5206 = LINE('',#5207,#5208);
#5207 = CARTESIAN_POINT('',(6.28318530718,-0.));
#5208 = VECTOR('',#5209,1.);
#5209 = DIRECTION('',(0.,1.));
#5210 = ( GEOMETRIC_REPRESENTATION_CONTEXT(2) 
PARAMETRIC_REPRESENTATION_CONTEXT() REPRESENTATION_CONTEXT('2D SPACE',''
  ) );
#5211 = ORIENTED_EDGE('',*,*,#2115,.F.);
#5212 = ORIENTED_EDGE('',*,*,#5213,.T.);
#5213 = EDGE_CURVE('',#1976,#2262,#5214,.T.);
#5214 = SEAM_CURVE('',#5215,(#5219,#5226),.PCURVE_S1.);
#5215 = LINE('',#5216,#5217);
#5216 = CARTESIAN_POINT('',(148.,-3.624954525476E-14,-82.));
#5217 = VECTOR('',#5218,1.);
#5218 = DIRECTION('',(0.,0.,1.));
#5219 = PCURVE('',#1936,#5220);
#5220 = DEFINITIONAL_REPRESENTATION('',(#5221),#5225);
#5221 = LINE('',#5222,#5223);
#5222 = CARTESIAN_POINT('',(0.,-0.));
#5223 = VECTOR('',#5224,1.);
#5224 = DIRECTION('',(0.,1.));
#5225 = ( GEOMETRIC_REPRESENTATION_CONTEXT(2) 
PARAMETRIC_REPRESENTATION_CONTEXT() REPRESENTATION_CONTEXT('2D SPACE',''
  ) );
#5226 = PCURVE('',#1936,#5227);
#5227 = DEFINITIONAL_REPRESENTATION('',(#5228),#5232);
#5228 = LINE('',#5229,#5230);
#5229 = CARTESIAN_POINT('',(6.28318530718,-0.));
#5230 = VECTOR('',#5231,1.);
#5231 = DIRECTION('',(0.,1.));
#5232 = ( GEOMETRIC_REPRESENTATION_CONTEXT(2) 
PARAMETRIC_REPRESENTATION_CONTEXT() REPRESENTATION_CONTEXT('2D SPACE',''
  ) );
#5233 = ORIENTED_EDGE('',*,*,#2261,.F.);
#5234 = ORIENTED_EDGE('',*,*,#5213,.F.);
#5235 = ORIENTED_EDGE('',*,*,#1975,.F.);
#5236 = ORIENTED_EDGE('',*,*,#5191,.F.);
#5237 = FACE_BOUND('',#5238,.F.);
#5238 = EDGE_LOOP('',(#5239));
#5239 = ORIENTED_EDGE('',*,*,#2313,.T.);
#5240 = FACE_BOUND('',#5241,.F.);
#5241 = EDGE_LOOP('',(#5242));
#5242 = ORIENTED_EDGE('',*,*,#3589,.T.);
#5243 = FACE_BOUND('',#5244,.F.);
#5244 = EDGE_LOOP('',(#5245,#5246));
#5245 = ORIENTED_EDGE('',*,*,#3965,.F.);
#5246 = ORIENTED_EDGE('',*,*,#5247,.F.);
#5247 = EDGE_CURVE('',#3966,#3937,#5248,.T.);
#5248 = SURFACE_CURVE('',#5249,(#5253,#5259),.PCURVE_S1.);
#5249 = LINE('',#5250,#5251);
#5250 = CARTESIAN_POINT('',(100.89444430272,108.27885808801,-82.));
#5251 = VECTOR('',#5252,1.);
#5252 = DIRECTION('',(0.,0.,1.));
#5253 = PCURVE('',#1936,#5254);
#5254 = DEFINITIONAL_REPRESENTATION('',(#5255),#5258);
#5255 = B_SPLINE_CURVE_WITH_KNOTS('',1,(#5256,#5257),.UNSPECIFIED.,.F.,
  .F.,(2,2),(34.130304840479,49.869695159521),.PIECEWISE_BEZIER_KNOTS.);
#5256 = CARTESIAN_POINT('',(0.820686358797,34.130304840479));
#5257 = CARTESIAN_POINT('',(0.820686358797,49.869695159521));
#5258 = ( GEOMETRIC_REPRESENTATION_CONTEXT(2) 
PARAMETRIC_REPRESENTATION_CONTEXT() REPRESENTATION_CONTEXT('2D SPACE',''
  ) );
#5259 = PCURVE('',#3953,#5260);
#5260 = DEFINITIONAL_REPRESENTATION('',(#5261),#5264);
#5261 = B_SPLINE_CURVE_WITH_KNOTS('',1,(#5262,#5263),.UNSPECIFIED.,.F.,
  .F.,(2,2),(34.130304840479,49.869695159521),.PIECEWISE_BEZIER_KNOTS.);
#5262 = CARTESIAN_POINT('',(5.129429626337,-6.));
#5263 = CARTESIAN_POINT('',(-6.,5.129429626337));
#5264 = ( GEOMETRIC_REPRESENTATION_CONTEXT(2) 
PARAMETRIC_REPRESENTATION_CONTEXT() REPRESENTATION_CONTEXT('2D SPACE',''
  ) );
#5265 = FACE_BOUND('',#5266,.F.);
#5266 = EDGE_LOOP('',(#5267,#5286));
#5267 = ORIENTED_EDGE('',*,*,#5268,.T.);
#5268 = EDGE_CURVE('',#4265,#4294,#5269,.T.);
#5269 = SURFACE_CURVE('',#5270,(#5274,#5280),.PCURVE_S1.);
#5270 = LINE('',#5271,#5272);
#5271 = CARTESIAN_POINT('',(-100.8944443027,108.27885808801,-82.));
#5272 = VECTOR('',#5273,1.);
#5273 = DIRECTION('',(0.,0.,1.));
#5274 = PCURVE('',#1936,#5275);
#5275 = DEFINITIONAL_REPRESENTATION('',(#5276),#5279);
#5276 = B_SPLINE_CURVE_WITH_KNOTS('',1,(#5277,#5278),.UNSPECIFIED.,.F.,
  .F.,(2,2),(34.130304840479,49.869695159521),.PIECEWISE_BEZIER_KNOTS.);
#5277 = CARTESIAN_POINT('',(2.320906294793,34.130304840479));
#5278 = CARTESIAN_POINT('',(2.320906294793,49.869695159521));
#5279 = ( GEOMETRIC_REPRESENTATION_CONTEXT(2) 
PARAMETRIC_REPRESENTATION_CONTEXT() REPRESENTATION_CONTEXT('2D SPACE',''
  ) );
#5280 = PCURVE('',#4281,#5281);
#5281 = DEFINITIONAL_REPRESENTATION('',(#5282),#5285);
#5282 = B_SPLINE_CURVE_WITH_KNOTS('',1,(#5283,#5284),.UNSPECIFIED.,.F.,
  .F.,(2,2),(34.130304840479,49.869695159521),.PIECEWISE_BEZIER_KNOTS.);
#5283 = CARTESIAN_POINT('',(-6.,-5.129429626337));
#5284 = CARTESIAN_POINT('',(5.129429626337,6.));
#5285 = ( GEOMETRIC_REPRESENTATION_CONTEXT(2) 
PARAMETRIC_REPRESENTATION_CONTEXT() REPRESENTATION_CONTEXT('2D SPACE',''
  ) );
#5286 = ORIENTED_EDGE('',*,*,#4293,.T.);
#5287 = FACE_BOUND('',#5288,.F.);
#5288 = EDGE_LOOP('',(#5289,#5308));
#5289 = ORIENTED_EDGE('',*,*,#5290,.F.);
#5290 = EDGE_CURVE('',#4593,#4564,#5291,.T.);
#5291 = SURFACE_CURVE('',#5292,(#5296,#5302),.PCURVE_S1.);
#5292 = LINE('',#5293,#5294);
#5293 = CARTESIAN_POINT('',(-100.8944443027,-108.278858088,-82.));
#5294 = VECTOR('',#5295,1.);
#5295 = DIRECTION('',(0.,0.,1.));
#5296 = PCURVE('',#1936,#5297);
#5297 = DEFINITIONAL_REPRESENTATION('',(#5298),#5301);
#5298 = B_SPLINE_CURVE_WITH_KNOTS('',1,(#5299,#5300),.UNSPECIFIED.,.F.,
  .F.,(2,2),(34.130304840479,49.869695159521),.PIECEWISE_BEZIER_KNOTS.);
#5299 = CARTESIAN_POINT('',(3.962279012387,34.130304840479));
#5300 = CARTESIAN_POINT('',(3.962279012387,49.869695159521));
#5301 = ( GEOMETRIC_REPRESENTATION_CONTEXT(2) 
PARAMETRIC_REPRESENTATION_CONTEXT() REPRESENTATION_CONTEXT('2D SPACE',''
  ) );
#5302 = PCURVE('',#4580,#5303);
#5303 = DEFINITIONAL_REPRESENTATION('',(#5304),#5307);
#5304 = B_SPLINE_CURVE_WITH_KNOTS('',1,(#5305,#5306),.UNSPECIFIED.,.F.,
  .F.,(2,2),(34.130304840479,49.869695159521),.PIECEWISE_BEZIER_KNOTS.);
#5305 = CARTESIAN_POINT('',(-6.,5.129429626337));
#5306 = CARTESIAN_POINT('',(5.129429626337,-6.));
#5307 = ( GEOMETRIC_REPRESENTATION_CONTEXT(2) 
PARAMETRIC_REPRESENTATION_CONTEXT() REPRESENTATION_CONTEXT('2D SPACE',''
  ) );
#5308 = ORIENTED_EDGE('',*,*,#4592,.T.);
#5309 = FACE_BOUND('',#5310,.F.);
#5310 = EDGE_LOOP('',(#5311,#5312));
#5311 = ORIENTED_EDGE('',*,*,#4940,.F.);
#5312 = ORIENTED_EDGE('',*,*,#5313,.T.);
#5313 = EDGE_CURVE('',#4912,#4941,#5314,.T.);
#5314 = SURFACE_CURVE('',#5315,(#5319,#5325),.PCURVE_S1.);
#5315 = LINE('',#5316,#5317);
#5316 = CARTESIAN_POINT('',(100.89444430272,-108.278858088,-82.));
#5317 = VECTOR('',#5318,1.);
#5318 = DIRECTION('',(0.,0.,1.));
#5319 = PCURVE('',#1936,#5320);
#5320 = DEFINITIONAL_REPRESENTATION('',(#5321),#5324);
#5321 = B_SPLINE_CURVE_WITH_KNOTS('',1,(#5322,#5323),.UNSPECIFIED.,.F.,
  .F.,(2,2),(34.130304840479,49.869695159521),.PIECEWISE_BEZIER_KNOTS.);
#5322 = CARTESIAN_POINT('',(5.462498948383,34.130304840479));
#5323 = CARTESIAN_POINT('',(5.462498948383,49.869695159521));
#5324 = ( GEOMETRIC_REPRESENTATION_CONTEXT(2) 
PARAMETRIC_REPRESENTATION_CONTEXT() REPRESENTATION_CONTEXT('2D SPACE',''
  ) );
#5325 = PCURVE('',#4928,#5326);
#5326 = DEFINITIONAL_REPRESENTATION('',(#5327),#5330);
#5327 = B_SPLINE_CURVE_WITH_KNOTS('',1,(#5328,#5329),.UNSPECIFIED.,.F.,
  .F.,(2,2),(34.130304840479,49.869695159521),.PIECEWISE_BEZIER_KNOTS.);
#5328 = CARTESIAN_POINT('',(5.129429626337,6.));
#5329 = CARTESIAN_POINT('',(-6.,-5.129429626337));
#5330 = ( GEOMETRIC_REPRESENTATION_CONTEXT(2) 
PARAMETRIC_REPRESENTATION_CONTEXT() REPRESENTATION_CONTEXT('2D SPACE',''
  ) );
#5331 = ADVANCED_FACE('',(#5332),#2873,.F.);
#5332 = FACE_BOUND('',#5333,.F.);
#5333 = EDGE_LOOP('',(#5334,#5335));
#5334 = ORIENTED_EDGE('',*,*,#2761,.T.);
#5335 = ORIENTED_EDGE('',*,*,#5336,.F.);
#5336 = EDGE_CURVE('',#2289,#2564,#5337,.T.);
#5337 = SURFACE_CURVE('',#5338,(#5343,#5350),.PCURVE_S1.);
#5338 = CIRCLE('',#5339,5.);
#5339 = AXIS2_PLACEMENT_3D('',#5340,#5341,#5342);
#5340 = CARTESIAN_POINT('',(8.,154.,-40.));
#5341 = DIRECTION('',(1.,4.930380657631E-32,2.22044604925E-16));
#5342 = DIRECTION('',(0.,1.,-2.22044604925E-16));
#5343 = PCURVE('',#2873,#5344);
#5344 = DEFINITIONAL_REPRESENTATION('',(#5345),#5349);
#5345 = LINE('',#5346,#5347);
#5346 = CARTESIAN_POINT('',(0.,16.));
#5347 = VECTOR('',#5348,1.);
#5348 = DIRECTION('',(1.,0.));
#5349 = ( GEOMETRIC_REPRESENTATION_CONTEXT(2) 
PARAMETRIC_REPRESENTATION_CONTEXT() REPRESENTATION_CONTEXT('2D SPACE',''
  ) );
#5350 = PCURVE('',#5351,#5356);
#5351 = PLANE('',#5352);
#5352 = AXIS2_PLACEMENT_3D('',#5353,#5354,#5355);
#5353 = CARTESIAN_POINT('',(8.,154.,-40.));
#5354 = DIRECTION('',(1.,0.,2.22044604925E-16));
#5355 = DIRECTION('',(4.930380657631E-32,1.,-2.22044604925E-16));
#5356 = DEFINITIONAL_REPRESENTATION('',(#5357),#5361);
#5357 = CIRCLE('',#5358,5.);
#5358 = AXIS2_PLACEMENT_2D('',#5359,#5360);
#5359 = CARTESIAN_POINT('',(0.,0.));
#5360 = DIRECTION('',(1.,0.));
#5361 = ( GEOMETRIC_REPRESENTATION_CONTEXT(2) 
PARAMETRIC_REPRESENTATION_CONTEXT() REPRESENTATION_CONTEXT('2D SPACE',''
  ) );
#5362 = ADVANCED_FACE('',(#5363),#2677,.F.);
#5363 = FACE_BOUND('',#5364,.F.);
#5364 = EDGE_LOOP('',(#5365,#5387));
#5365 = ORIENTED_EDGE('',*,*,#5366,.F.);
#5366 = EDGE_CURVE('',#2564,#2289,#5367,.T.);
#5367 = SURFACE_CURVE('',#5368,(#5373,#5380),.PCURVE_S1.);
#5368 = CIRCLE('',#5369,5.);
#5369 = AXIS2_PLACEMENT_3D('',#5370,#5371,#5372);
#5370 = CARTESIAN_POINT('',(8.,154.,-40.));
#5371 = DIRECTION('',(1.,4.930380657631E-32,2.22044604925E-16));
#5372 = DIRECTION('',(0.,1.,-2.22044604925E-16));
#5373 = PCURVE('',#2677,#5374);
#5374 = DEFINITIONAL_REPRESENTATION('',(#5375),#5379);
#5375 = LINE('',#5376,#5377);
#5376 = CARTESIAN_POINT('',(0.,16.));
#5377 = VECTOR('',#5378,1.);
#5378 = DIRECTION('',(1.,0.));
#5379 = ( GEOMETRIC_REPRESENTATION_CONTEXT(2) 
PARAMETRIC_REPRESENTATION_CONTEXT() REPRESENTATION_CONTEXT('2D SPACE',''
  ) );
#5380 = PCURVE('',#5351,#5381);
#5381 = DEFINITIONAL_REPRESENTATION('',(#5382),#5386);
#5382 = CIRCLE('',#5383,5.);
#5383 = AXIS2_PLACEMENT_2D('',#5384,#5385);
#5384 = CARTESIAN_POINT('',(0.,0.));
#5385 = DIRECTION('',(1.,0.));
#5386 = ( GEOMETRIC_REPRESENTATION_CONTEXT(2) 
PARAMETRIC_REPRESENTATION_CONTEXT() REPRESENTATION_CONTEXT('2D SPACE',''
  ) );
#5387 = ORIENTED_EDGE('',*,*,#2563,.T.);
#5388 = ADVANCED_FACE('',(#5389),#3152,.F.);
#5389 = FACE_BOUND('',#5390,.F.);
#5390 = EDGE_LOOP('',(#5391,#5418));
#5391 = ORIENTED_EDGE('',*,*,#5392,.T.);
#5392 = EDGE_CURVE('',#2937,#2939,#5393,.T.);
#5393 = SURFACE_CURVE('',#5394,(#5399,#5406),.PCURVE_S1.);
#5394 = CIRCLE('',#5395,5.);
#5395 = AXIS2_PLACEMENT_3D('',#5396,#5397,#5398);
#5396 = CARTESIAN_POINT('',(-8.,154.,-40.));
#5397 = DIRECTION('',(1.,4.930380657631E-32,2.22044604925E-16));
#5398 = DIRECTION('',(0.,1.,-2.22044604925E-16));
#5399 = PCURVE('',#3152,#5400);
#5400 = DEFINITIONAL_REPRESENTATION('',(#5401),#5405);
#5401 = LINE('',#5402,#5403);
#5402 = CARTESIAN_POINT('',(0.,0.));
#5403 = VECTOR('',#5404,1.);
#5404 = DIRECTION('',(1.,0.));
#5405 = ( GEOMETRIC_REPRESENTATION_CONTEXT(2) 
PARAMETRIC_REPRESENTATION_CONTEXT() REPRESENTATION_CONTEXT('2D SPACE',''
  ) );
#5406 = PCURVE('',#5407,#5412);
#5407 = PLANE('',#5408);
#5408 = AXIS2_PLACEMENT_3D('',#5409,#5410,#5411);
#5409 = CARTESIAN_POINT('',(-8.,154.,-40.));
#5410 = DIRECTION('',(1.,0.,2.22044604925E-16));
#5411 = DIRECTION('',(4.930380657631E-32,1.,-2.22044604925E-16));
#5412 = DEFINITIONAL_REPRESENTATION('',(#5413),#5417);
#5413 = CIRCLE('',#5414,5.);
#5414 = AXIS2_PLACEMENT_2D('',#5415,#5416);
#5415 = CARTESIAN_POINT('',(0.,0.));
#5416 = DIRECTION('',(1.,0.));
#5417 = ( GEOMETRIC_REPRESENTATION_CONTEXT(2) 
PARAMETRIC_REPRESENTATION_CONTEXT() REPRESENTATION_CONTEXT('2D SPACE',''
  ) );
#5418 = ORIENTED_EDGE('',*,*,#2936,.F.);
#5419 = ADVANCED_FACE('',(#5420),#3475,.F.);
#5420 = FACE_BOUND('',#5421,.F.);
#5421 = EDGE_LOOP('',(#5422,#5423));
#5422 = ORIENTED_EDGE('',*,*,#3263,.F.);
#5423 = ORIENTED_EDGE('',*,*,#5424,.T.);
#5424 = EDGE_CURVE('',#2939,#2937,#5425,.T.);
#5425 = SURFACE_CURVE('',#5426,(#5431,#5438),.PCURVE_S1.);
#5426 = CIRCLE('',#5427,5.);
#5427 = AXIS2_PLACEMENT_3D('',#5428,#5429,#5430);
#5428 = CARTESIAN_POINT('',(-8.,154.,-40.));
#5429 = DIRECTION('',(1.,4.930380657631E-32,2.22044604925E-16));
#5430 = DIRECTION('',(0.,1.,-2.22044604925E-16));
#5431 = PCURVE('',#3475,#5432);
#5432 = DEFINITIONAL_REPRESENTATION('',(#5433),#5437);
#5433 = LINE('',#5434,#5435);
#5434 = CARTESIAN_POINT('',(0.,0.));
#5435 = VECTOR('',#5436,1.);
#5436 = DIRECTION('',(1.,0.));
#5437 = ( GEOMETRIC_REPRESENTATION_CONTEXT(2) 
PARAMETRIC_REPRESENTATION_CONTEXT() REPRESENTATION_CONTEXT('2D SPACE',''
  ) );
#5438 = PCURVE('',#5407,#5439);
#5439 = DEFINITIONAL_REPRESENTATION('',(#5440),#5444);
#5440 = CIRCLE('',#5441,5.);
#5441 = AXIS2_PLACEMENT_2D('',#5442,#5443);
#5442 = CARTESIAN_POINT('',(0.,0.));
#5443 = DIRECTION('',(1.,0.));
#5444 = ( GEOMETRIC_REPRESENTATION_CONTEXT(2) 
PARAMETRIC_REPRESENTATION_CONTEXT() REPRESENTATION_CONTEXT('2D SPACE',''
  ) );
#5445 = ADVANCED_FACE('',(#5446),#3953,.T.);
#5446 = FACE_BOUND('',#5447,.T.);
#5447 = EDGE_LOOP('',(#5448,#5449,#5450));
#5448 = ORIENTED_EDGE('',*,*,#4183,.T.);
#5449 = ORIENTED_EDGE('',*,*,#3936,.T.);
#5450 = ORIENTED_EDGE('',*,*,#5247,.F.);
#5451 = ADVANCED_FACE('',(#5452),#4281,.F.);
#5452 = FACE_BOUND('',#5453,.F.);
#5453 = EDGE_LOOP('',(#5454,#5455,#5456));
#5454 = ORIENTED_EDGE('',*,*,#4264,.T.);
#5455 = ORIENTED_EDGE('',*,*,#4511,.T.);
#5456 = ORIENTED_EDGE('',*,*,#5268,.F.);
#5457 = ADVANCED_FACE('',(#5458),#4580,.F.);
#5458 = FACE_BOUND('',#5459,.F.);
#5459 = EDGE_LOOP('',(#5460,#5461,#5462));
#5460 = ORIENTED_EDGE('',*,*,#4563,.T.);
#5461 = ORIENTED_EDGE('',*,*,#4810,.T.);
#5462 = ORIENTED_EDGE('',*,*,#5290,.T.);
#5463 = ADVANCED_FACE('',(#5464),#4928,.T.);
#5464 = FACE_BOUND('',#5465,.T.);
#5465 = EDGE_LOOP('',(#5466,#5467,#5468));
#5466 = ORIENTED_EDGE('',*,*,#5158,.T.);
#5467 = ORIENTED_EDGE('',*,*,#4911,.T.);
#5468 = ORIENTED_EDGE('',*,*,#5313,.T.);
#5469 = ADVANCED_FACE('',(#5470),#5351,.F.);
#5470 = FACE_BOUND('',#5471,.F.);
#5471 = EDGE_LOOP('',(#5472,#5473));
#5472 = ORIENTED_EDGE('',*,*,#5336,.T.);
#5473 = ORIENTED_EDGE('',*,*,#5366,.T.);
#5474 = ADVANCED_FACE('',(#5475),#5407,.T.);
#5475 = FACE_BOUND('',#5476,.T.);
#5476 = EDGE_LOOP('',(#5477,#5478));
#5477 = ORIENTED_EDGE('',*,*,#5392,.T.);
#5478 = ORIENTED_EDGE('',*,*,#5424,.T.);
#5479 = ORIENTED_CLOSED_SHELL('',*,#5480,.F.);
#5480 = CLOSED_SHELL('',(#5481,#5569,#5573));
#5481 = ADVANCED_FACE('',(#5482),#5495,.T.);
#5482 = FACE_BOUND('',#5483,.T.);
#5483 = EDGE_LOOP('',(#5484,#5518,#5541,#5568));
#5484 = ORIENTED_EDGE('',*,*,#5485,.F.);
#5485 = EDGE_CURVE('',#5486,#5486,#5488,.T.);
#5486 = VERTEX_POINT('',#5487);
#5487 = CARTESIAN_POINT('',(8.,-159.,-40.));
#5488 = SURFACE_CURVE('',#5489,(#5494,#5506),.PCURVE_S1.);
#5489 = CIRCLE('',#5490,5.);
#5490 = AXIS2_PLACEMENT_3D('',#5491,#5492,#5493);
#5491 = CARTESIAN_POINT('',(8.,-154.,-40.));
#5492 = DIRECTION('',(1.,4.930380657631E-32,2.22044604925E-16));
#5493 = DIRECTION('',(0.,-1.,2.22044604925E-16));
#5494 = PCURVE('',#5495,#5500);
#5495 = CYLINDRICAL_SURFACE('',#5496,5.);
#5496 = AXIS2_PLACEMENT_3D('',#5497,#5498,#5499);
#5497 = CARTESIAN_POINT('',(-8.,-154.,-40.));
#5498 = DIRECTION('',(1.,4.930380657631E-32,2.22044604925E-16));
#5499 = DIRECTION('',(0.,-1.,2.22044604925E-16));
#5500 = DEFINITIONAL_REPRESENTATION('',(#5501),#5505);
#5501 = LINE('',#5502,#5503);
#5502 = CARTESIAN_POINT('',(0.,16.));
#5503 = VECTOR('',#5504,1.);
#5504 = DIRECTION('',(1.,0.));
#5505 = ( GEOMETRIC_REPRESENTATION_CONTEXT(2) 
PARAMETRIC_REPRESENTATION_CONTEXT() REPRESENTATION_CONTEXT('2D SPACE',''
  ) );
#5506 = PCURVE('',#5507,#5512);
#5507 = PLANE('',#5508);
#5508 = AXIS2_PLACEMENT_3D('',#5509,#5510,#5511);
#5509 = CARTESIAN_POINT('',(8.,-154.,-40.));
#5510 = DIRECTION('',(1.,4.930380657631E-32,2.22044604925E-16));
#5511 = DIRECTION('',(0.,-1.,2.22044604925E-16));
#5512 = DEFINITIONAL_REPRESENTATION('',(#5513),#5517);
#5513 = CIRCLE('',#5514,5.);
#5514 = AXIS2_PLACEMENT_2D('',#5515,#5516);
#5515 = CARTESIAN_POINT('',(0.,0.));
#5516 = DIRECTION('',(1.,0.));
#5517 = ( GEOMETRIC_REPRESENTATION_CONTEXT(2) 
PARAMETRIC_REPRESENTATION_CONTEXT() REPRESENTATION_CONTEXT('2D SPACE',''
  ) );
#5518 = ORIENTED_EDGE('',*,*,#5519,.F.);
#5519 = EDGE_CURVE('',#5520,#5486,#5522,.T.);
#5520 = VERTEX_POINT('',#5521);
#5521 = CARTESIAN_POINT('',(-8.,-159.,-40.));
#5522 = SEAM_CURVE('',#5523,(#5527,#5534),.PCURVE_S1.);
#5523 = LINE('',#5524,#5525);
#5524 = CARTESIAN_POINT('',(-8.,-159.,-40.));
#5525 = VECTOR('',#5526,1.);
#5526 = DIRECTION('',(1.,4.930380657631E-32,2.22044604925E-16));
#5527 = PCURVE('',#5495,#5528);
#5528 = DEFINITIONAL_REPRESENTATION('',(#5529),#5533);
#5529 = LINE('',#5530,#5531);
#5530 = CARTESIAN_POINT('',(6.28318530718,-0.));
#5531 = VECTOR('',#5532,1.);
#5532 = DIRECTION('',(0.,1.));
#5533 = ( GEOMETRIC_REPRESENTATION_CONTEXT(2) 
PARAMETRIC_REPRESENTATION_CONTEXT() REPRESENTATION_CONTEXT('2D SPACE',''
  ) );
#5534 = PCURVE('',#5495,#5535);
#5535 = DEFINITIONAL_REPRESENTATION('',(#5536),#5540);
#5536 = LINE('',#5537,#5538);
#5537 = CARTESIAN_POINT('',(0.,-0.));
#5538 = VECTOR('',#5539,1.);
#5539 = DIRECTION('',(0.,1.));
#5540 = ( GEOMETRIC_REPRESENTATION_CONTEXT(2) 
PARAMETRIC_REPRESENTATION_CONTEXT() REPRESENTATION_CONTEXT('2D SPACE',''
  ) );
#5541 = ORIENTED_EDGE('',*,*,#5542,.T.);
#5542 = EDGE_CURVE('',#5520,#5520,#5543,.T.);
#5543 = SURFACE_CURVE('',#5544,(#5549,#5556),.PCURVE_S1.);
#5544 = CIRCLE('',#5545,5.);
#5545 = AXIS2_PLACEMENT_3D('',#5546,#5547,#5548);
#5546 = CARTESIAN_POINT('',(-8.,-154.,-40.));
#5547 = DIRECTION('',(1.,4.930380657631E-32,2.22044604925E-16));
#5548 = DIRECTION('',(0.,-1.,2.22044604925E-16));
#5549 = PCURVE('',#5495,#5550);
#5550 = DEFINITIONAL_REPRESENTATION('',(#5551),#5555);
#5551 = LINE('',#5552,#5553);
#5552 = CARTESIAN_POINT('',(0.,0.));
#5553 = VECTOR('',#5554,1.);
#5554 = DIRECTION('',(1.,0.));
#5555 = ( GEOMETRIC_REPRESENTATION_CONTEXT(2) 
PARAMETRIC_REPRESENTATION_CONTEXT() REPRESENTATION_CONTEXT('2D SPACE',''
  ) );
#5556 = PCURVE('',#5557,#5562);
#5557 = PLANE('',#5558);
#5558 = AXIS2_PLACEMENT_3D('',#5559,#5560,#5561);
#5559 = CARTESIAN_POINT('',(-8.,-154.,-40.));
#5560 = DIRECTION('',(1.,4.930380657631E-32,2.22044604925E-16));
#5561 = DIRECTION('',(0.,-1.,2.22044604925E-16));
#5562 = DEFINITIONAL_REPRESENTATION('',(#5563),#5567);
#5563 = CIRCLE('',#5564,5.);
#5564 = AXIS2_PLACEMENT_2D('',#5565,#5566);
#5565 = CARTESIAN_POINT('',(0.,0.));
#5566 = DIRECTION('',(1.,0.));
#5567 = ( GEOMETRIC_REPRESENTATION_CONTEXT(2) 
PARAMETRIC_REPRESENTATION_CONTEXT() REPRESENTATION_CONTEXT('2D SPACE',''
  ) );
#5568 = ORIENTED_EDGE('',*,*,#5519,.T.);
#5569 = ADVANCED_FACE('',(#5570),#5507,.T.);
#5570 = FACE_BOUND('',#5571,.T.);
#5571 = EDGE_LOOP('',(#5572));
#5572 = ORIENTED_EDGE('',*,*,#5485,.T.);
#5573 = ADVANCED_FACE('',(#5574),#5557,.F.);
#5574 = FACE_BOUND('',#5575,.T.);
#5575 = EDGE_LOOP('',(#5576));
#5576 = ORIENTED_EDGE('',*,*,#5542,.F.);
#5577 = ( GEOMETRIC_REPRESENTATION_CONTEXT(3) 
GLOBAL_UNCERTAINTY_ASSIGNED_CONTEXT((#5581)) 
GLOBAL_UNIT_ASSIGNED_CONTEXT((#5578,#5579,#5580)) REPRESENTATION_CONTEXT
('Context #1','3D Context with UNIT and UNCERTAINTY') );
#5578 = ( LENGTH_UNIT() NAMED_UNIT(*) SI_UNIT(.MILLI.,.METRE.) );
#5579 = ( NAMED_UNIT(*) PLANE_ANGLE_UNIT() SI_UNIT($,.RADIAN.) );
#5580 = ( NAMED_UNIT(*) SI_UNIT($,.STERADIAN.) SOLID_ANGLE_UNIT() );
#5581 = UNCERTAINTY_MEASURE_WITH_UNIT(LENGTH_MEASURE(1.E-05),#5578,
  'distance_accuracy_value','confusion accuracy');
#5582 = CONTEXT_DEPENDENT_SHAPE_REPRESENTATION(#5583,#5585);
#5583 = ( REPRESENTATION_RELATIONSHIP('','',#52,#10) 
REPRESENTATION_RELATIONSHIP_WITH_TRANSFORMATION(#5584) 
SHAPE_REPRESENTATION_RELATIONSHIP() );
#5584 = ITEM_DEFINED_TRANSFORMATION('','',#11,#15);
#5585 = PRODUCT_DEFINITION_SHAPE('Placement','Placement of an item',
  #5586);
#5586 = NEXT_ASSEMBLY_USAGE_OCCURRENCE('1','plinth','',#5,#47,$);
#5587 = PRODUCT_RELATED_PRODUCT_CATEGORY('part',$,(#49));
#5588 = SHAPE_DEFINITION_REPRESENTATION(#5589,#5595);
#5589 = PRODUCT_DEFINITION_SHAPE('','',#5590);
#5590 = PRODUCT_DEFINITION('design','',#5591,#5594);
#5591 = PRODUCT_DEFINITION_FORMATION('','',#5592);
#5592 = PRODUCT('splash_pan','splash_pan','',(#5593));
#5593 = PRODUCT_CONTEXT('',#2,'mechanical');
#5594 = PRODUCT_DEFINITION_CONTEXT('part definition',#2,'design');
#5595 = SHAPE_REPRESENTATION('',(#11,#5596,#5600),#5604);
#5596 = AXIS2_PLACEMENT_3D('',#5597,#5598,#5599);
#5597 = CARTESIAN_POINT('',(0.,0.,22.));
#5598 = DIRECTION('',(0.,0.,1.));
#5599 = DIRECTION('',(1.,0.,0.));
#5600 = AXIS2_PLACEMENT_3D('',#5601,#5602,#5603);
#5601 = CARTESIAN_POINT('',(0.,-128.,7.));
#5602 = DIRECTION('',(0.,0.,1.));
#5603 = DIRECTION('',(1.,0.,0.));
#5604 = ( GEOMETRIC_REPRESENTATION_CONTEXT(3) 
GLOBAL_UNCERTAINTY_ASSIGNED_CONTEXT((#5608)) 
GLOBAL_UNIT_ASSIGNED_CONTEXT((#5605,#5606,#5607)) REPRESENTATION_CONTEXT
('Context #1','3D Context with UNIT and UNCERTAINTY') );
#5605 = ( LENGTH_UNIT() NAMED_UNIT(*) SI_UNIT(.MILLI.,.METRE.) );
#5606 = ( NAMED_UNIT(*) PLANE_ANGLE_UNIT() SI_UNIT($,.RADIAN.) );
#5607 = ( NAMED_UNIT(*) SI_UNIT($,.STERADIAN.) SOLID_ANGLE_UNIT() );
#5608 = UNCERTAINTY_MEASURE_WITH_UNIT(LENGTH_MEASURE(1.E-07),#5605,
  'distance_accuracy_value','confusion accuracy');
#5609 = CONTEXT_DEPENDENT_SHAPE_REPRESENTATION(#5610,#5612);
#5610 = ( REPRESENTATION_RELATIONSHIP('','',#5595,#10) 
REPRESENTATION_RELATIONSHIP_WITH_TRANSFORMATION(#5611) 
SHAPE_REPRESENTATION_RELATIONSHIP() );
#5611 = ITEM_DEFINED_TRANSFORMATION('','',#11,#19);
#5612 = PRODUCT_DEFINITION_SHAPE('Placement','Placement of an item',
  #5613);
#5613 = NEXT_ASSEMBLY_USAGE_OCCURRENCE('2','splash_pan','',#5,#5590,$);
#5614 = PRODUCT_RELATED_PRODUCT_CATEGORY('part',$,(#5592));
#5615 = SHAPE_DEFINITION_REPRESENTATION(#5616,#5622);
#5616 = PRODUCT_DEFINITION_SHAPE('','',#5617);
#5617 = PRODUCT_DEFINITION('design','',#5618,#5621);
#5618 = PRODUCT_DEFINITION_FORMATION('','',#5619);
#5619 = PRODUCT('part_o1.1','part_o1.1','',(#5620));
#5620 = PRODUCT_CONTEXT('',#2,'mechanical');
#5621 = PRODUCT_DEFINITION_CONTEXT('part definition',#2,'design');
#5622 = ADVANCED_BREP_SHAPE_REPRESENTATION('',(#11,#5623),#5721);
#5623 = MANIFOLD_SOLID_BREP('',#5624);
#5624 = CLOSED_SHELL('',(#5625,#5713,#5717));
#5625 = ADVANCED_FACE('',(#5626),#5639,.T.);
#5626 = FACE_BOUND('',#5627,.T.);
#5627 = EDGE_LOOP('',(#5628,#5662,#5685,#5712));
#5628 = ORIENTED_EDGE('',*,*,#5629,.F.);
#5629 = EDGE_CURVE('',#5630,#5630,#5632,.T.);
#5630 = VERTEX_POINT('',#5631);
#5631 = CARTESIAN_POINT('',(156.,-3.82089801334E-14,-2.));
#5632 = SURFACE_CURVE('',#5633,(#5638,#5650),.PCURVE_S1.);
#5633 = CIRCLE('',#5634,156.);
#5634 = AXIS2_PLACEMENT_3D('',#5635,#5636,#5637);
#5635 = CARTESIAN_POINT('',(0.,0.,-2.));
#5636 = DIRECTION('',(0.,0.,1.));
#5637 = DIRECTION('',(1.,0.,-0.));
#5638 = PCURVE('',#5639,#5644);
#5639 = CYLINDRICAL_SURFACE('',#5640,156.);
#5640 = AXIS2_PLACEMENT_3D('',#5641,#5642,#5643);
#5641 = CARTESIAN_POINT('',(0.,0.,-22.));
#5642 = DIRECTION('',(0.,0.,1.));
#5643 = DIRECTION('',(1.,0.,0.));
#5644 = DEFINITIONAL_REPRESENTATION('',(#5645),#5649);
#5645 = LINE('',#5646,#5647);
#5646 = CARTESIAN_POINT('',(0.,20.));
#5647 = VECTOR('',#5648,1.);
#5648 = DIRECTION('',(1.,0.));
#5649 = ( GEOMETRIC_REPRESENTATION_CONTEXT(2) 
PARAMETRIC_REPRESENTATION_CONTEXT() REPRESENTATION_CONTEXT('2D SPACE',''
  ) );
#5650 = PCURVE('',#5651,#5656);
#5651 = PLANE('',#5652);
#5652 = AXIS2_PLACEMENT_3D('',#5653,#5654,#5655);
#5653 = CARTESIAN_POINT('',(0.,0.,-2.));
#5654 = DIRECTION('',(0.,0.,1.));
#5655 = DIRECTION('',(1.,0.,0.));
#5656 = DEFINITIONAL_REPRESENTATION('',(#5657),#5661);
#5657 = CIRCLE('',#5658,156.);
#5658 = AXIS2_PLACEMENT_2D('',#5659,#5660);
#5659 = CARTESIAN_POINT('',(0.,0.));
#5660 = DIRECTION('',(1.,0.));
#5661 = ( GEOMETRIC_REPRESENTATION_CONTEXT(2) 
PARAMETRIC_REPRESENTATION_CONTEXT() REPRESENTATION_CONTEXT('2D SPACE',''
  ) );
#5662 = ORIENTED_EDGE('',*,*,#5663,.F.);
#5663 = EDGE_CURVE('',#5664,#5630,#5666,.T.);
#5664 = VERTEX_POINT('',#5665);
#5665 = CARTESIAN_POINT('',(156.,-3.82089801334E-14,-22.));
#5666 = SEAM_CURVE('',#5667,(#5671,#5678),.PCURVE_S1.);
#5667 = LINE('',#5668,#5669);
#5668 = CARTESIAN_POINT('',(156.,-3.82089801334E-14,-22.));
#5669 = VECTOR('',#5670,1.);
#5670 = DIRECTION('',(0.,0.,1.));
#5671 = PCURVE('',#5639,#5672);
#5672 = DEFINITIONAL_REPRESENTATION('',(#5673),#5677);
#5673 = LINE('',#5674,#5675);
#5674 = CARTESIAN_POINT('',(6.28318530718,-0.));
#5675 = VECTOR('',#5676,1.);
#5676 = DIRECTION('',(0.,1.));
#5677 = ( GEOMETRIC_REPRESENTATION_CONTEXT(2) 
PARAMETRIC_REPRESENTATION_CONTEXT() REPRESENTATION_CONTEXT('2D SPACE',''
  ) );
#5678 = PCURVE('',#5639,#5679);
#5679 = DEFINITIONAL_REPRESENTATION('',(#5680),#5684);
#5680 = LINE('',#5681,#5682);
#5681 = CARTESIAN_POINT('',(0.,-0.));
#5682 = VECTOR('',#5683,1.);
#5683 = DIRECTION('',(0.,1.));
#5684 = ( GEOMETRIC_REPRESENTATION_CONTEXT(2) 
PARAMETRIC_REPRESENTATION_CONTEXT() REPRESENTATION_CONTEXT('2D SPACE',''
  ) );
#5685 = ORIENTED_EDGE('',*,*,#5686,.T.);
#5686 = EDGE_CURVE('',#5664,#5664,#5687,.T.);
#5687 = SURFACE_CURVE('',#5688,(#5693,#5700),.PCURVE_S1.);
#5688 = CIRCLE('',#5689,156.);
#5689 = AXIS2_PLACEMENT_3D('',#5690,#5691,#5692);
#5690 = CARTESIAN_POINT('',(0.,0.,-22.));
#5691 = DIRECTION('',(0.,0.,1.));
#5692 = DIRECTION('',(1.,0.,0.));
#5693 = PCURVE('',#5639,#5694);
#5694 = DEFINITIONAL_REPRESENTATION('',(#5695),#5699);
#5695 = LINE('',#5696,#5697);
#5696 = CARTESIAN_POINT('',(0.,0.));
#5697 = VECTOR('',#5698,1.);
#5698 = DIRECTION('',(1.,0.));
#5699 = ( GEOMETRIC_REPRESENTATION_CONTEXT(2) 
PARAMETRIC_REPRESENTATION_CONTEXT() REPRESENTATION_CONTEXT('2D SPACE',''
  ) );
#5700 = PCURVE('',#5701,#5706);
#5701 = PLANE('',#5702);
#5702 = AXIS2_PLACEMENT_3D('',#5703,#5704,#5705);
#5703 = CARTESIAN_POINT('',(0.,0.,-22.));
#5704 = DIRECTION('',(0.,0.,1.));
#5705 = DIRECTION('',(1.,0.,0.));
#5706 = DEFINITIONAL_REPRESENTATION('',(#5707),#5711);
#5707 = CIRCLE('',#5708,156.);
#5708 = AXIS2_PLACEMENT_2D('',#5709,#5710);
#5709 = CARTESIAN_POINT('',(0.,0.));
#5710 = DIRECTION('',(1.,0.));
#5711 = ( GEOMETRIC_REPRESENTATION_CONTEXT(2) 
PARAMETRIC_REPRESENTATION_CONTEXT() REPRESENTATION_CONTEXT('2D SPACE',''
  ) );
#5712 = ORIENTED_EDGE('',*,*,#5663,.T.);
#5713 = ADVANCED_FACE('',(#5714),#5651,.T.);
#5714 = FACE_BOUND('',#5715,.T.);
#5715 = EDGE_LOOP('',(#5716));
#5716 = ORIENTED_EDGE('',*,*,#5629,.T.);
#5717 = ADVANCED_FACE('',(#5718),#5701,.F.);
#5718 = FACE_BOUND('',#5719,.T.);
#5719 = EDGE_LOOP('',(#5720));
#5720 = ORIENTED_EDGE('',*,*,#5686,.F.);
#5721 = ( GEOMETRIC_REPRESENTATION_CONTEXT(3) 
GLOBAL_UNCERTAINTY_ASSIGNED_CONTEXT((#5725)) 
GLOBAL_UNIT_ASSIGNED_CONTEXT((#5722,#5723,#5724)) REPRESENTATION_CONTEXT
('Context #1','3D Context with UNIT and UNCERTAINTY') );
#5722 = ( LENGTH_UNIT() NAMED_UNIT(*) SI_UNIT(.MILLI.,.METRE.) );
#5723 = ( NAMED_UNIT(*) PLANE_ANGLE_UNIT() SI_UNIT($,.RADIAN.) );
#5724 = ( NAMED_UNIT(*) SI_UNIT($,.STERADIAN.) SOLID_ANGLE_UNIT() );
#5725 = UNCERTAINTY_MEASURE_WITH_UNIT(LENGTH_MEASURE(1.E-07),#5722,
  'distance_accuracy_value','confusion accuracy');
#5726 = CONTEXT_DEPENDENT_SHAPE_REPRESENTATION(#5727,#5729);
#5727 = ( REPRESENTATION_RELATIONSHIP('','',#5622,#5595) 
REPRESENTATION_RELATIONSHIP_WITH_TRANSFORMATION(#5728) 
SHAPE_REPRESENTATION_RELATIONSHIP() );
#5728 = ITEM_DEFINED_TRANSFORMATION('','',#11,#5596);
#5729 = PRODUCT_DEFINITION_SHAPE('Placement','Placement of an item',
  #5730);
#5730 = NEXT_ASSEMBLY_USAGE_OCCURRENCE('3','part_o1.1','',#5590,#5617,$
  );
#5731 = PRODUCT_RELATED_PRODUCT_CATEGORY('part',$,(#5619));
#5732 = SHAPE_DEFINITION_REPRESENTATION(#5733,#5739);
#5733 = PRODUCT_DEFINITION_SHAPE('','',#5734);
#5734 = PRODUCT_DEFINITION('design','',#5735,#5738);
#5735 = PRODUCT_DEFINITION_FORMATION('','',#5736);
#5736 = PRODUCT('part_o1.2','part_o1.2','',(#5737));
#5737 = PRODUCT_CONTEXT('',#2,'mechanical');
#5738 = PRODUCT_DEFINITION_CONTEXT('part definition',#2,'design');
#5739 = ADVANCED_BREP_SHAPE_REPRESENTATION('',(#11,#5740),#5838);
#5740 = MANIFOLD_SOLID_BREP('',#5741);
#5741 = CLOSED_SHELL('',(#5742,#5830,#5834));
#5742 = ADVANCED_FACE('',(#5743),#5756,.T.);
#5743 = FACE_BOUND('',#5744,.T.);
#5744 = EDGE_LOOP('',(#5745,#5779,#5802,#5829));
#5745 = ORIENTED_EDGE('',*,*,#5746,.F.);
#5746 = EDGE_CURVE('',#5747,#5747,#5749,.T.);
#5747 = VERTEX_POINT('',#5748);
#5748 = CARTESIAN_POINT('',(10.,-2.449293598295E-15,7.));
#5749 = SURFACE_CURVE('',#5750,(#5755,#5767),.PCURVE_S1.);
#5750 = CIRCLE('',#5751,10.);
#5751 = AXIS2_PLACEMENT_3D('',#5752,#5753,#5754);
#5752 = CARTESIAN_POINT('',(0.,0.,7.));
#5753 = DIRECTION('',(0.,0.,1.));
#5754 = DIRECTION('',(1.,0.,0.));
#5755 = PCURVE('',#5756,#5761);
#5756 = CYLINDRICAL_SURFACE('',#5757,10.);
#5757 = AXIS2_PLACEMENT_3D('',#5758,#5759,#5760);
#5758 = CARTESIAN_POINT('',(0.,0.,-7.));
#5759 = DIRECTION('',(0.,0.,1.));
#5760 = DIRECTION('',(1.,0.,0.));
#5761 = DEFINITIONAL_REPRESENTATION('',(#5762),#5766);
#5762 = LINE('',#5763,#5764);
#5763 = CARTESIAN_POINT('',(0.,14.));
#5764 = VECTOR('',#5765,1.);
#5765 = DIRECTION('',(1.,0.));
#5766 = ( GEOMETRIC_REPRESENTATION_CONTEXT(2) 
PARAMETRIC_REPRESENTATION_CONTEXT() REPRESENTATION_CONTEXT('2D SPACE',''
  ) );
#5767 = PCURVE('',#5768,#5773);
#5768 = PLANE('',#5769);
#5769 = AXIS2_PLACEMENT_3D('',#5770,#5771,#5772);
#5770 = CARTESIAN_POINT('',(0.,0.,7.));
#5771 = DIRECTION('',(0.,0.,1.));
#5772 = DIRECTION('',(1.,0.,0.));
#5773 = DEFINITIONAL_REPRESENTATION('',(#5774),#5778);
#5774 = CIRCLE('',#5775,10.);
#5775 = AXIS2_PLACEMENT_2D('',#5776,#5777);
#5776 = CARTESIAN_POINT('',(0.,0.));
#5777 = DIRECTION('',(1.,0.));
#5778 = ( GEOMETRIC_REPRESENTATION_CONTEXT(2) 
PARAMETRIC_REPRESENTATION_CONTEXT() REPRESENTATION_CONTEXT('2D SPACE',''
  ) );
#5779 = ORIENTED_EDGE('',*,*,#5780,.F.);
#5780 = EDGE_CURVE('',#5781,#5747,#5783,.T.);
#5781 = VERTEX_POINT('',#5782);
#5782 = CARTESIAN_POINT('',(10.,-2.449293598295E-15,-7.));
#5783 = SEAM_CURVE('',#5784,(#5788,#5795),.PCURVE_S1.);
#5784 = LINE('',#5785,#5786);
#5785 = CARTESIAN_POINT('',(10.,-2.449293598295E-15,-7.));
#5786 = VECTOR('',#5787,1.);
#5787 = DIRECTION('',(0.,0.,1.));
#5788 = PCURVE('',#5756,#5789);
#5789 = DEFINITIONAL_REPRESENTATION('',(#5790),#5794);
#5790 = LINE('',#5791,#5792);
#5791 = CARTESIAN_POINT('',(6.28318530718,-0.));
#5792 = VECTOR('',#5793,1.);
#5793 = DIRECTION('',(0.,1.));
#5794 = ( GEOMETRIC_REPRESENTATION_CONTEXT(2) 
PARAMETRIC_REPRESENTATION_CONTEXT() REPRESENTATION_CONTEXT('2D SPACE',''
  ) );
#5795 = PCURVE('',#5756,#5796);
#5796 = DEFINITIONAL_REPRESENTATION('',(#5797),#5801);
#5797 = LINE('',#5798,#5799);
#5798 = CARTESIAN_POINT('',(0.,-0.));
#5799 = VECTOR('',#5800,1.);
#5800 = DIRECTION('',(0.,1.));
#5801 = ( GEOMETRIC_REPRESENTATION_CONTEXT(2) 
PARAMETRIC_REPRESENTATION_CONTEXT() REPRESENTATION_CONTEXT('2D SPACE',''
  ) );
#5802 = ORIENTED_EDGE('',*,*,#5803,.T.);
#5803 = EDGE_CURVE('',#5781,#5781,#5804,.T.);
#5804 = SURFACE_CURVE('',#5805,(#5810,#5817),.PCURVE_S1.);
#5805 = CIRCLE('',#5806,10.);
#5806 = AXIS2_PLACEMENT_3D('',#5807,#5808,#5809);
#5807 = CARTESIAN_POINT('',(0.,0.,-7.));
#5808 = DIRECTION('',(0.,0.,1.));
#5809 = DIRECTION('',(1.,0.,0.));
#5810 = PCURVE('',#5756,#5811);
#5811 = DEFINITIONAL_REPRESENTATION('',(#5812),#5816);
#5812 = LINE('',#5813,#5814);
#5813 = CARTESIAN_POINT('',(0.,0.));
#5814 = VECTOR('',#5815,1.);
#5815 = DIRECTION('',(1.,0.));
#5816 = ( GEOMETRIC_REPRESENTATION_CONTEXT(2) 
PARAMETRIC_REPRESENTATION_CONTEXT() REPRESENTATION_CONTEXT('2D SPACE',''
  ) );
#5817 = PCURVE('',#5818,#5823);
#5818 = PLANE('',#5819);
#5819 = AXIS2_PLACEMENT_3D('',#5820,#5821,#5822);
#5820 = CARTESIAN_POINT('',(0.,0.,-7.));
#5821 = DIRECTION('',(0.,0.,1.));
#5822 = DIRECTION('',(1.,0.,0.));
#5823 = DEFINITIONAL_REPRESENTATION('',(#5824),#5828);
#5824 = CIRCLE('',#5825,10.);
#5825 = AXIS2_PLACEMENT_2D('',#5826,#5827);
#5826 = CARTESIAN_POINT('',(0.,0.));
#5827 = DIRECTION('',(1.,0.));
#5828 = ( GEOMETRIC_REPRESENTATION_CONTEXT(2) 
PARAMETRIC_REPRESENTATION_CONTEXT() REPRESENTATION_CONTEXT('2D SPACE',''
  ) );
#5829 = ORIENTED_EDGE('',*,*,#5780,.T.);
#5830 = ADVANCED_FACE('',(#5831),#5768,.T.);
#5831 = FACE_BOUND('',#5832,.T.);
#5832 = EDGE_LOOP('',(#5833));
#5833 = ORIENTED_EDGE('',*,*,#5746,.T.);
#5834 = ADVANCED_FACE('',(#5835),#5818,.F.);
#5835 = FACE_BOUND('',#5836,.T.);
#5836 = EDGE_LOOP('',(#5837));
#5837 = ORIENTED_EDGE('',*,*,#5803,.F.);
#5838 = ( GEOMETRIC_REPRESENTATION_CONTEXT(3) 
GLOBAL_UNCERTAINTY_ASSIGNED_CONTEXT((#5842)) 
GLOBAL_UNIT_ASSIGNED_CONTEXT((#5839,#5840,#5841)) REPRESENTATION_CONTEXT
('Context #1','3D Context with UNIT and UNCERTAINTY') );
#5839 = ( LENGTH_UNIT() NAMED_UNIT(*) SI_UNIT(.MILLI.,.METRE.) );
#5840 = ( NAMED_UNIT(*) PLANE_ANGLE_UNIT() SI_UNIT($,.RADIAN.) );
#5841 = ( NAMED_UNIT(*) SI_UNIT($,.STERADIAN.) SOLID_ANGLE_UNIT() );
#5842 = UNCERTAINTY_MEASURE_WITH_UNIT(LENGTH_MEASURE(1.E-07),#5839,
  'distance_accuracy_value','confusion accuracy');
#5843 = CONTEXT_DEPENDENT_SHAPE_REPRESENTATION(#5844,#5846);
#5844 = ( REPRESENTATION_RELATIONSHIP('','',#5739,#5595) 
REPRESENTATION_RELATIONSHIP_WITH_TRANSFORMATION(#5845) 
SHAPE_REPRESENTATION_RELATIONSHIP() );
#5845 = ITEM_DEFINED_TRANSFORMATION('','',#11,#5600);
#5846 = PRODUCT_DEFINITION_SHAPE('Placement','Placement of an item',
  #5847);
#5847 = NEXT_ASSEMBLY_USAGE_OCCURRENCE('4','part_o1.2','',#5590,#5734,$
  );
#5848 = PRODUCT_RELATED_PRODUCT_CATEGORY('part',$,(#5736));
#5849 = SHAPE_DEFINITION_REPRESENTATION(#5850,#5856);
#5850 = PRODUCT_DEFINITION_SHAPE('','',#5851);
#5851 = PRODUCT_DEFINITION('design','',#5852,#5855);
#5852 = PRODUCT_DEFINITION_FORMATION('','',#5853);
#5853 = PRODUCT('motor_mount','motor_mount','',(#5854));
#5854 = PRODUCT_CONTEXT('',#2,'mechanical');
#5855 = PRODUCT_DEFINITION_CONTEXT('part definition',#2,'design');
#5856 = ADVANCED_BREP_SHAPE_REPRESENTATION('',(#11,#5857),#6693);
#5857 = MANIFOLD_SOLID_BREP('',#5858);
#5858 = CLOSED_SHELL('',(#5859,#5979,#6055,#6218,#6267,#6294,#6301,#6377
    ,#6461,#6510,#6537,#6544,#6599,#6634,#6689));
#5859 = ADVANCED_FACE('',(#5860),#5874,.F.);
#5860 = FACE_BOUND('',#5861,.F.);
#5861 = EDGE_LOOP('',(#5862,#5897,#5925,#5953));
#5862 = ORIENTED_EDGE('',*,*,#5863,.F.);
#5863 = EDGE_CURVE('',#5864,#5866,#5868,.T.);
#5864 = VERTEX_POINT('',#5865);
#5865 = CARTESIAN_POINT('',(-25.15,96.7,0.));
#5866 = VERTEX_POINT('',#5867);
#5867 = CARTESIAN_POINT('',(-25.15,96.7,4.));
#5868 = SURFACE_CURVE('',#5869,(#5873,#5885),.PCURVE_S1.);
#5869 = LINE('',#5870,#5871);
#5870 = CARTESIAN_POINT('',(-25.15,96.7,0.));
#5871 = VECTOR('',#5872,1.);
#5872 = DIRECTION('',(0.,0.,1.));
#5873 = PCURVE('',#5874,#5879);
#5874 = PLANE('',#5875);
#5875 = AXIS2_PLACEMENT_3D('',#5876,#5877,#5878);
#5876 = CARTESIAN_POINT('',(-25.15,96.7,0.));
#5877 = DIRECTION('',(1.,0.,0.));
#5878 = DIRECTION('',(0.,0.,1.));
#5879 = DEFINITIONAL_REPRESENTATION('',(#5880),#5884);
#5880 = LINE('',#5881,#5882);
#5881 = CARTESIAN_POINT('',(0.,0.));
#5882 = VECTOR('',#5883,1.);
#5883 = DIRECTION('',(1.,0.));
#5884 = ( GEOMETRIC_REPRESENTATION_CONTEXT(2) 
PARAMETRIC_REPRESENTATION_CONTEXT() REPRESENTATION_CONTEXT('2D SPACE',''
  ) );
#5885 = PCURVE('',#5886,#5891);
#5886 = PLANE('',#5887);
#5887 = AXIS2_PLACEMENT_3D('',#5888,#5889,#5890);
#5888 = CARTESIAN_POINT('',(-25.15,96.7,0.));
#5889 = DIRECTION('',(0.,1.,0.));
#5890 = DIRECTION('',(0.,0.,1.));
#5891 = DEFINITIONAL_REPRESENTATION('',(#5892),#5896);
#5892 = LINE('',#5893,#5894);
#5893 = CARTESIAN_POINT('',(0.,0.));
#5894 = VECTOR('',#5895,1.);
#5895 = DIRECTION('',(1.,0.));
#5896 = ( GEOMETRIC_REPRESENTATION_CONTEXT(2) 
PARAMETRIC_REPRESENTATION_CONTEXT() REPRESENTATION_CONTEXT('2D SPACE',''
  ) );
#5897 = ORIENTED_EDGE('',*,*,#5898,.T.);
#5898 = EDGE_CURVE('',#5864,#5899,#5901,.T.);
#5899 = VERTEX_POINT('',#5900);
#5900 = CARTESIAN_POINT('',(-25.15,147.,0.));
#5901 = SURFACE_CURVE('',#5902,(#5906,#5913),.PCURVE_S1.);
#5902 = LINE('',#5903,#5904);
#5903 = CARTESIAN_POINT('',(-25.15,96.7,0.));
#5904 = VECTOR('',#5905,1.);
#5905 = DIRECTION('',(0.,1.,0.));
#5906 = PCURVE('',#5874,#5907);
#5907 = DEFINITIONAL_REPRESENTATION('',(#5908),#5912);
#5908 = LINE('',#5909,#5910);
#5909 = CARTESIAN_POINT('',(0.,0.));
#5910 = VECTOR('',#5911,1.);
#5911 = DIRECTION('',(0.,-1.));
#5912 = ( GEOMETRIC_REPRESENTATION_CONTEXT(2) 
PARAMETRIC_REPRESENTATION_CONTEXT() REPRESENTATION_CONTEXT('2D SPACE',''
  ) );
#5913 = PCURVE('',#5914,#5919);
#5914 = PLANE('',#5915);
#5915 = AXIS2_PLACEMENT_3D('',#5916,#5917,#5918);
#5916 = CARTESIAN_POINT('',(-25.15,96.7,0.));
#5917 = DIRECTION('',(0.,0.,1.));
#5918 = DIRECTION('',(1.,0.,0.));
#5919 = DEFINITIONAL_REPRESENTATION('',(#5920),#5924);
#5920 = LINE('',#5921,#5922);
#5921 = CARTESIAN_POINT('',(0.,0.));
#5922 = VECTOR('',#5923,1.);
#5923 = DIRECTION('',(0.,1.));
#5924 = ( GEOMETRIC_REPRESENTATION_CONTEXT(2) 
PARAMETRIC_REPRESENTATION_CONTEXT() REPRESENTATION_CONTEXT('2D SPACE',''
  ) );
#5925 = ORIENTED_EDGE('',*,*,#5926,.T.);
#5926 = EDGE_CURVE('',#5899,#5927,#5929,.T.);
#5927 = VERTEX_POINT('',#5928);
#5928 = CARTESIAN_POINT('',(-25.15,147.,4.));
#5929 = SURFACE_CURVE('',#5930,(#5934,#5941),.PCURVE_S1.);
#5930 = LINE('',#5931,#5932);
#5931 = CARTESIAN_POINT('',(-25.15,147.,0.));
#5932 = VECTOR('',#5933,1.);
#5933 = DIRECTION('',(0.,0.,1.));
#5934 = PCURVE('',#5874,#5935);
#5935 = DEFINITIONAL_REPRESENTATION('',(#5936),#5940);
#5936 = LINE('',#5937,#5938);
#5937 = CARTESIAN_POINT('',(0.,-50.3));
#5938 = VECTOR('',#5939,1.);
#5939 = DIRECTION('',(1.,0.));
#5940 = ( GEOMETRIC_REPRESENTATION_CONTEXT(2) 
PARAMETRIC_REPRESENTATION_CONTEXT() REPRESENTATION_CONTEXT('2D SPACE',''
  ) );
#5941 = PCURVE('',#5942,#5947);
#5942 = PLANE('',#5943);
#5943 = AXIS2_PLACEMENT_3D('',#5944,#5945,#5946);
#5944 = CARTESIAN_POINT('',(-25.15,147.,0.));
#5945 = DIRECTION('',(0.,1.,0.));
#5946 = DIRECTION('',(0.,0.,1.));
#5947 = DEFINITIONAL_REPRESENTATION('',(#5948),#5952);
#5948 = LINE('',#5949,#5950);
#5949 = CARTESIAN_POINT('',(0.,0.));
#5950 = VECTOR('',#5951,1.);
#5951 = DIRECTION('',(1.,0.));
#5952 = ( GEOMETRIC_REPRESENTATION_CONTEXT(2) 
PARAMETRIC_REPRESENTATION_CONTEXT() REPRESENTATION_CONTEXT('2D SPACE',''
  ) );
#5953 = ORIENTED_EDGE('',*,*,#5954,.F.);
#5954 = EDGE_CURVE('',#5866,#5927,#5955,.T.);
#5955 = SURFACE_CURVE('',#5956,(#5960,#5967),.PCURVE_S1.);
#5956 = LINE('',#5957,#5958);
#5957 = CARTESIAN_POINT('',(-25.15,96.7,4.));
#5958 = VECTOR('',#5959,1.);
#5959 = DIRECTION('',(0.,1.,0.));
#5960 = PCURVE('',#5874,#5961);
#5961 = DEFINITIONAL_REPRESENTATION('',(#5962),#5966);
#5962 = LINE('',#5963,#5964);
#5963 = CARTESIAN_POINT('',(4.,0.));
#5964 = VECTOR('',#5965,1.);
#5965 = DIRECTION('',(0.,-1.));
#5966 = ( GEOMETRIC_REPRESENTATION_CONTEXT(2) 
PARAMETRIC_REPRESENTATION_CONTEXT() REPRESENTATION_CONTEXT('2D SPACE',''
  ) );
#5967 = PCURVE('',#5968,#5973);
#5968 = PLANE('',#5969);
#5969 = AXIS2_PLACEMENT_3D('',#5970,#5971,#5972);
#5970 = CARTESIAN_POINT('',(-25.15,96.7,4.));
#5971 = DIRECTION('',(0.,0.,1.));
#5972 = DIRECTION('',(1.,0.,0.));
#5973 = DEFINITIONAL_REPRESENTATION('',(#5974),#5978);
#5974 = LINE('',#5975,#5976);
#5975 = CARTESIAN_POINT('',(0.,0.));
#5976 = VECTOR('',#5977,1.);
#5977 = DIRECTION('',(0.,1.));
#5978 = ( GEOMETRIC_REPRESENTATION_CONTEXT(2) 
PARAMETRIC_REPRESENTATION_CONTEXT() REPRESENTATION_CONTEXT('2D SPACE',''
  ) );
#5979 = ADVANCED_FACE('',(#5980),#5886,.F.);
#5980 = FACE_BOUND('',#5981,.F.);
#5981 = EDGE_LOOP('',(#5982,#6005,#6006,#6029));
#5982 = ORIENTED_EDGE('',*,*,#5983,.F.);
#5983 = EDGE_CURVE('',#5864,#5984,#5986,.T.);
#5984 = VERTEX_POINT('',#5985);
#5985 = CARTESIAN_POINT('',(25.15,96.7,0.));
#5986 = SURFACE_CURVE('',#5987,(#5991,#5998),.PCURVE_S1.);
#5987 = LINE('',#5988,#5989);
#5988 = CARTESIAN_POINT('',(-25.15,96.7,0.));
#5989 = VECTOR('',#5990,1.);
#5990 = DIRECTION('',(1.,0.,0.));
#5991 = PCURVE('',#5886,#5992);
#5992 = DEFINITIONAL_REPRESENTATION('',(#5993),#5997);
#5993 = LINE('',#5994,#5995);
#5994 = CARTESIAN_POINT('',(0.,0.));
#5995 = VECTOR('',#5996,1.);
#5996 = DIRECTION('',(0.,1.));
#5997 = ( GEOMETRIC_REPRESENTATION_CONTEXT(2) 
PARAMETRIC_REPRESENTATION_CONTEXT() REPRESENTATION_CONTEXT('2D SPACE',''
  ) );
#5998 = PCURVE('',#5914,#5999);
#5999 = DEFINITIONAL_REPRESENTATION('',(#6000),#6004);
#6000 = LINE('',#6001,#6002);
#6001 = CARTESIAN_POINT('',(0.,0.));
#6002 = VECTOR('',#6003,1.);
#6003 = DIRECTION('',(1.,0.));
#6004 = ( GEOMETRIC_REPRESENTATION_CONTEXT(2) 
PARAMETRIC_REPRESENTATION_CONTEXT() REPRESENTATION_CONTEXT('2D SPACE',''
  ) );
#6005 = ORIENTED_EDGE('',*,*,#5863,.T.);
#6006 = ORIENTED_EDGE('',*,*,#6007,.T.);
#6007 = EDGE_CURVE('',#5866,#6008,#6010,.T.);
#6008 = VERTEX_POINT('',#6009);
#6009 = CARTESIAN_POINT('',(25.15,96.7,4.));
#6010 = SURFACE_CURVE('',#6011,(#6015,#6022),.PCURVE_S1.);
#6011 = LINE('',#6012,#6013);
#6012 = CARTESIAN_POINT('',(-25.15,96.7,4.));
#6013 = VECTOR('',#6014,1.);
#6014 = DIRECTION('',(1.,0.,0.));
#6015 = PCURVE('',#5886,#6016);
#6016 = DEFINITIONAL_REPRESENTATION('',(#6017),#6021);
#6017 = LINE('',#6018,#6019);
#6018 = CARTESIAN_POINT('',(4.,0.));
#6019 = VECTOR('',#6020,1.);
#6020 = DIRECTION('',(0.,1.));
#6021 = ( GEOMETRIC_REPRESENTATION_CONTEXT(2) 
PARAMETRIC_REPRESENTATION_CONTEXT() REPRESENTATION_CONTEXT('2D SPACE',''
  ) );
#6022 = PCURVE('',#5968,#6023);
#6023 = DEFINITIONAL_REPRESENTATION('',(#6024),#6028);
#6024 = LINE('',#6025,#6026);
#6025 = CARTESIAN_POINT('',(0.,0.));
#6026 = VECTOR('',#6027,1.);
#6027 = DIRECTION('',(1.,0.));
#6028 = ( GEOMETRIC_REPRESENTATION_CONTEXT(2) 
PARAMETRIC_REPRESENTATION_CONTEXT() REPRESENTATION_CONTEXT('2D SPACE',''
  ) );
#6029 = ORIENTED_EDGE('',*,*,#6030,.F.);
#6030 = EDGE_CURVE('',#5984,#6008,#6031,.T.);
#6031 = SURFACE_CURVE('',#6032,(#6036,#6043),.PCURVE_S1.);
#6032 = LINE('',#6033,#6034);
#6033 = CARTESIAN_POINT('',(25.15,96.7,0.));
#6034 = VECTOR('',#6035,1.);
#6035 = DIRECTION('',(0.,0.,1.));
#6036 = PCURVE('',#5886,#6037);
#6037 = DEFINITIONAL_REPRESENTATION('',(#6038),#6042);
#6038 = LINE('',#6039,#6040);
#6039 = CARTESIAN_POINT('',(0.,50.3));
#6040 = VECTOR('',#6041,1.);
#6041 = DIRECTION('',(1.,0.));
#6042 = ( GEOMETRIC_REPRESENTATION_CONTEXT(2) 
PARAMETRIC_REPRESENTATION_CONTEXT() REPRESENTATION_CONTEXT('2D SPACE',''
  ) );
#6043 = PCURVE('',#6044,#6049);
#6044 = PLANE('',#6045);
#6045 = AXIS2_PLACEMENT_3D('',#6046,#6047,#6048);
#6046 = CARTESIAN_POINT('',(25.15,96.7,0.));
#6047 = DIRECTION('',(1.,0.,0.));
#6048 = DIRECTION('',(0.,0.,1.));
#6049 = DEFINITIONAL_REPRESENTATION('',(#6050),#6054);
#6050 = LINE('',#6051,#6052);
#6051 = CARTESIAN_POINT('',(0.,0.));
#6052 = VECTOR('',#6053,1.);
#6053 = DIRECTION('',(1.,0.));
#6054 = ( GEOMETRIC_REPRESENTATION_CONTEXT(2) 
PARAMETRIC_REPRESENTATION_CONTEXT() REPRESENTATION_CONTEXT('2D SPACE',''
  ) );
#6055 = ADVANCED_FACE('',(#6056,#6104),#5968,.T.);
#6056 = FACE_BOUND('',#6057,.T.);
#6057 = EDGE_LOOP('',(#6058,#6059,#6060,#6083));
#6058 = ORIENTED_EDGE('',*,*,#5954,.F.);
#6059 = ORIENTED_EDGE('',*,*,#6007,.T.);
#6060 = ORIENTED_EDGE('',*,*,#6061,.T.);
#6061 = EDGE_CURVE('',#6008,#6062,#6064,.T.);
#6062 = VERTEX_POINT('',#6063);
#6063 = CARTESIAN_POINT('',(25.15,147.,4.));
#6064 = SURFACE_CURVE('',#6065,(#6069,#6076),.PCURVE_S1.);
#6065 = LINE('',#6066,#6067);
#6066 = CARTESIAN_POINT('',(25.15,96.7,4.));
#6067 = VECTOR('',#6068,1.);
#6068 = DIRECTION('',(0.,1.,0.));
#6069 = PCURVE('',#5968,#6070);
#6070 = DEFINITIONAL_REPRESENTATION('',(#6071),#6075);
#6071 = LINE('',#6072,#6073);
#6072 = CARTESIAN_POINT('',(50.3,0.));
#6073 = VECTOR('',#6074,1.);
#6074 = DIRECTION('',(0.,1.));
#6075 = ( GEOMETRIC_REPRESENTATION_CONTEXT(2) 
PARAMETRIC_REPRESENTATION_CONTEXT() REPRESENTATION_CONTEXT('2D SPACE',''
  ) );
#6076 = PCURVE('',#6044,#6077);
#6077 = DEFINITIONAL_REPRESENTATION('',(#6078),#6082);
#6078 = LINE('',#6079,#6080);
#6079 = CARTESIAN_POINT('',(4.,0.));
#6080 = VECTOR('',#6081,1.);
#6081 = DIRECTION('',(0.,-1.));
#6082 = ( GEOMETRIC_REPRESENTATION_CONTEXT(2) 
PARAMETRIC_REPRESENTATION_CONTEXT() REPRESENTATION_CONTEXT('2D SPACE',''
  ) );
#6083 = ORIENTED_EDGE('',*,*,#6084,.F.);
#6084 = EDGE_CURVE('',#5927,#6062,#6085,.T.);
#6085 = SURFACE_CURVE('',#6086,(#6090,#6097),.PCURVE_S1.);
#6086 = LINE('',#6087,#6088);
#6087 = CARTESIAN_POINT('',(-25.15,147.,4.));
#6088 = VECTOR('',#6089,1.);
#6089 = DIRECTION('',(1.,0.,0.));
#6090 = PCURVE('',#5968,#6091);
#6091 = DEFINITIONAL_REPRESENTATION('',(#6092),#6096);
#6092 = LINE('',#6093,#6094);
#6093 = CARTESIAN_POINT('',(0.,50.3));
#6094 = VECTOR('',#6095,1.);
#6095 = DIRECTION('',(1.,0.));
#6096 = ( GEOMETRIC_REPRESENTATION_CONTEXT(2) 
PARAMETRIC_REPRESENTATION_CONTEXT() REPRESENTATION_CONTEXT('2D SPACE',''
  ) );
#6097 = PCURVE('',#5942,#6098);
#6098 = DEFINITIONAL_REPRESENTATION('',(#6099),#6103);
#6099 = LINE('',#6100,#6101);
#6100 = CARTESIAN_POINT('',(4.,0.));
#6101 = VECTOR('',#6102,1.);
#6102 = DIRECTION('',(0.,1.));
#6103 = ( GEOMETRIC_REPRESENTATION_CONTEXT(2) 
PARAMETRIC_REPRESENTATION_CONTEXT() REPRESENTATION_CONTEXT('2D SPACE',''
  ) );
#6104 = FACE_BOUND('',#6105,.T.);
#6105 = EDGE_LOOP('',(#6106,#6136,#6164,#6192));
#6106 = ORIENTED_EDGE('',*,*,#6107,.T.);
#6107 = EDGE_CURVE('',#6108,#6110,#6112,.T.);
#6108 = VERTEX_POINT('',#6109);
#6109 = CARTESIAN_POINT('',(-21.15,100.7,4.));
#6110 = VERTEX_POINT('',#6111);
#6111 = CARTESIAN_POINT('',(-21.15,143.,4.));
#6112 = SURFACE_CURVE('',#6113,(#6117,#6124),.PCURVE_S1.);
#6113 = LINE('',#6114,#6115);
#6114 = CARTESIAN_POINT('',(-21.15,100.7,4.));
#6115 = VECTOR('',#6116,1.);
#6116 = DIRECTION('',(0.,1.,0.));
#6117 = PCURVE('',#5968,#6118);
#6118 = DEFINITIONAL_REPRESENTATION('',(#6119),#6123);
#6119 = LINE('',#6120,#6121);
#6120 = CARTESIAN_POINT('',(4.,4.));
#6121 = VECTOR('',#6122,1.);
#6122 = DIRECTION('',(0.,1.));
#6123 = ( GEOMETRIC_REPRESENTATION_CONTEXT(2) 
PARAMETRIC_REPRESENTATION_CONTEXT() REPRESENTATION_CONTEXT('2D SPACE',''
  ) );
#6124 = PCURVE('',#6125,#6130);
#6125 = PLANE('',#6126);
#6126 = AXIS2_PLACEMENT_3D('',#6127,#6128,#6129);
#6127 = CARTESIAN_POINT('',(-21.15,100.7,4.));
#6128 = DIRECTION('',(1.,0.,0.));
#6129 = DIRECTION('',(0.,0.,1.));
#6130 = DEFINITIONAL_REPRESENTATION('',(#6131),#6135);
#6131 = LINE('',#6132,#6133);
#6132 = CARTESIAN_POINT('',(0.,0.));
#6133 = VECTOR('',#6134,1.);
#6134 = DIRECTION('',(0.,-1.));
#6135 = ( GEOMETRIC_REPRESENTATION_CONTEXT(2) 
PARAMETRIC_REPRESENTATION_CONTEXT() REPRESENTATION_CONTEXT('2D SPACE',''
  ) );
#6136 = ORIENTED_EDGE('',*,*,#6137,.T.);
#6137 = EDGE_CURVE('',#6110,#6138,#6140,.T.);
#6138 = VERTEX_POINT('',#6139);
#6139 = CARTESIAN_POINT('',(21.15,143.,4.));
#6140 = SURFACE_CURVE('',#6141,(#6145,#6152),.PCURVE_S1.);
#6141 = LINE('',#6142,#6143);
#6142 = CARTESIAN_POINT('',(-21.15,143.,4.));
#6143 = VECTOR('',#6144,1.);
#6144 = DIRECTION('',(1.,0.,0.));
#6145 = PCURVE('',#5968,#6146);
#6146 = DEFINITIONAL_REPRESENTATION('',(#6147),#6151);
#6147 = LINE('',#6148,#6149);
#6148 = CARTESIAN_POINT('',(4.,46.3));
#6149 = VECTOR('',#6150,1.);
#6150 = DIRECTION('',(1.,0.));
#6151 = ( GEOMETRIC_REPRESENTATION_CONTEXT(2) 
PARAMETRIC_REPRESENTATION_CONTEXT() REPRESENTATION_CONTEXT('2D SPACE',''
  ) );
#6152 = PCURVE('',#6153,#6158);
#6153 = PLANE('',#6154);
#6154 = AXIS2_PLACEMENT_3D('',#6155,#6156,#6157);
#6155 = CARTESIAN_POINT('',(-21.15,143.,4.));
#6156 = DIRECTION('',(0.,1.,0.));
#6157 = DIRECTION('',(0.,0.,1.));
#6158 = DEFINITIONAL_REPRESENTATION('',(#6159),#6163);
#6159 = LINE('',#6160,#6161);
#6160 = CARTESIAN_POINT('',(0.,0.));
#6161 = VECTOR('',#6162,1.);
#6162 = DIRECTION('',(0.,1.));
#6163 = ( GEOMETRIC_REPRESENTATION_CONTEXT(2) 
PARAMETRIC_REPRESENTATION_CONTEXT() REPRESENTATION_CONTEXT('2D SPACE',''
  ) );
#6164 = ORIENTED_EDGE('',*,*,#6165,.F.);
#6165 = EDGE_CURVE('',#6166,#6138,#6168,.T.);
#6166 = VERTEX_POINT('',#6167);
#6167 = CARTESIAN_POINT('',(21.15,100.7,4.));
#6168 = SURFACE_CURVE('',#6169,(#6173,#6180),.PCURVE_S1.);
#6169 = LINE('',#6170,#6171);
#6170 = CARTESIAN_POINT('',(21.15,100.7,4.));
#6171 = VECTOR('',#6172,1.);
#6172 = DIRECTION('',(0.,1.,0.));
#6173 = PCURVE('',#5968,#6174);
#6174 = DEFINITIONAL_REPRESENTATION('',(#6175),#6179);
#6175 = LINE('',#6176,#6177);
#6176 = CARTESIAN_POINT('',(46.3,4.));
#6177 = VECTOR('',#6178,1.);
#6178 = DIRECTION('',(0.,1.));
#6179 = ( GEOMETRIC_REPRESENTATION_CONTEXT(2) 
PARAMETRIC_REPRESENTATION_CONTEXT() REPRESENTATION_CONTEXT('2D SPACE',''
  ) );
#6180 = PCURVE('',#6181,#6186);
#6181 = PLANE('',#6182);
#6182 = AXIS2_PLACEMENT_3D('',#6183,#6184,#6185);
#6183 = CARTESIAN_POINT('',(21.15,100.7,4.));
#6184 = DIRECTION('',(1.,0.,0.));
#6185 = DIRECTION('',(0.,0.,1.));
#6186 = DEFINITIONAL_REPRESENTATION('',(#6187),#6191);
#6187 = LINE('',#6188,#6189);
#6188 = CARTESIAN_POINT('',(0.,0.));
#6189 = VECTOR('',#6190,1.);
#6190 = DIRECTION('',(0.,-1.));
#6191 = ( GEOMETRIC_REPRESENTATION_CONTEXT(2) 
PARAMETRIC_REPRESENTATION_CONTEXT() REPRESENTATION_CONTEXT('2D SPACE',''
  ) );
#6192 = ORIENTED_EDGE('',*,*,#6193,.F.);
#6193 = EDGE_CURVE('',#6108,#6166,#6194,.T.);
#6194 = SURFACE_CURVE('',#6195,(#6199,#6206),.PCURVE_S1.);
#6195 = LINE('',#6196,#6197);
#6196 = CARTESIAN_POINT('',(-21.15,100.7,4.));
#6197 = VECTOR('',#6198,1.);
#6198 = DIRECTION('',(1.,0.,0.));
#6199 = PCURVE('',#5968,#6200);
#6200 = DEFINITIONAL_REPRESENTATION('',(#6201),#6205);
#6201 = LINE('',#6202,#6203);
#6202 = CARTESIAN_POINT('',(4.,4.));
#6203 = VECTOR('',#6204,1.);
#6204 = DIRECTION('',(1.,0.));
#6205 = ( GEOMETRIC_REPRESENTATION_CONTEXT(2) 
PARAMETRIC_REPRESENTATION_CONTEXT() REPRESENTATION_CONTEXT('2D SPACE',''
  ) );
#6206 = PCURVE('',#6207,#6212);
#6207 = PLANE('',#6208);
#6208 = AXIS2_PLACEMENT_3D('',#6209,#6210,#6211);
#6209 = CARTESIAN_POINT('',(-21.15,100.7,4.));
#6210 = DIRECTION('',(0.,1.,0.));
#6211 = DIRECTION('',(0.,0.,1.));
#6212 = DEFINITIONAL_REPRESENTATION('',(#6213),#6217);
#6213 = LINE('',#6214,#6215);
#6214 = CARTESIAN_POINT('',(0.,0.));
#6215 = VECTOR('',#6216,1.);
#6216 = DIRECTION('',(0.,1.));
#6217 = ( GEOMETRIC_REPRESENTATION_CONTEXT(2) 
PARAMETRIC_REPRESENTATION_CONTEXT() REPRESENTATION_CONTEXT('2D SPACE',''
  ) );
#6218 = ADVANCED_FACE('',(#6219),#5942,.T.);
#6219 = FACE_BOUND('',#6220,.T.);
#6220 = EDGE_LOOP('',(#6221,#6244,#6245,#6246));
#6221 = ORIENTED_EDGE('',*,*,#6222,.F.);
#6222 = EDGE_CURVE('',#5899,#6223,#6225,.T.);
#6223 = VERTEX_POINT('',#6224);
#6224 = CARTESIAN_POINT('',(25.15,147.,0.));
#6225 = SURFACE_CURVE('',#6226,(#6230,#6237),.PCURVE_S1.);
#6226 = LINE('',#6227,#6228);
#6227 = CARTESIAN_POINT('',(-25.15,147.,0.));
#6228 = VECTOR('',#6229,1.);
#6229 = DIRECTION('',(1.,0.,0.));
#6230 = PCURVE('',#5942,#6231);
#6231 = DEFINITIONAL_REPRESENTATION('',(#6232),#6236);
#6232 = LINE('',#6233,#6234);
#6233 = CARTESIAN_POINT('',(0.,0.));
#6234 = VECTOR('',#6235,1.);
#6235 = DIRECTION('',(0.,1.));
#6236 = ( GEOMETRIC_REPRESENTATION_CONTEXT(2) 
PARAMETRIC_REPRESENTATION_CONTEXT() REPRESENTATION_CONTEXT('2D SPACE',''
  ) );
#6237 = PCURVE('',#5914,#6238);
#6238 = DEFINITIONAL_REPRESENTATION('',(#6239),#6243);
#6239 = LINE('',#6240,#6241);
#6240 = CARTESIAN_POINT('',(0.,50.3));
#6241 = VECTOR('',#6242,1.);
#6242 = DIRECTION('',(1.,0.));
#6243 = ( GEOMETRIC_REPRESENTATION_CONTEXT(2) 
PARAMETRIC_REPRESENTATION_CONTEXT() REPRESENTATION_CONTEXT('2D SPACE',''
  ) );
#6244 = ORIENTED_EDGE('',*,*,#5926,.T.);
#6245 = ORIENTED_EDGE('',*,*,#6084,.T.);
#6246 = ORIENTED_EDGE('',*,*,#6247,.F.);
#6247 = EDGE_CURVE('',#6223,#6062,#6248,.T.);
#6248 = SURFACE_CURVE('',#6249,(#6253,#6260),.PCURVE_S1.);
#6249 = LINE('',#6250,#6251);
#6250 = CARTESIAN_POINT('',(25.15,147.,0.));
#6251 = VECTOR('',#6252,1.);
#6252 = DIRECTION('',(0.,0.,1.));
#6253 = PCURVE('',#5942,#6254);
#6254 = DEFINITIONAL_REPRESENTATION('',(#6255),#6259);
#6255 = LINE('',#6256,#6257);
#6256 = CARTESIAN_POINT('',(0.,50.3));
#6257 = VECTOR('',#6258,1.);
#6258 = DIRECTION('',(1.,0.));
#6259 = ( GEOMETRIC_REPRESENTATION_CONTEXT(2) 
PARAMETRIC_REPRESENTATION_CONTEXT() REPRESENTATION_CONTEXT('2D SPACE',''
  ) );
#6260 = PCURVE('',#6044,#6261);
#6261 = DEFINITIONAL_REPRESENTATION('',(#6262),#6266);
#6262 = LINE('',#6263,#6264);
#6263 = CARTESIAN_POINT('',(0.,-50.3));
#6264 = VECTOR('',#6265,1.);
#6265 = DIRECTION('',(1.,0.));
#6266 = ( GEOMETRIC_REPRESENTATION_CONTEXT(2) 
PARAMETRIC_REPRESENTATION_CONTEXT() REPRESENTATION_CONTEXT('2D SPACE',''
  ) );
#6267 = ADVANCED_FACE('',(#6268),#5914,.F.);
#6268 = FACE_BOUND('',#6269,.F.);
#6269 = EDGE_LOOP('',(#6270,#6271,#6272,#6293));
#6270 = ORIENTED_EDGE('',*,*,#5898,.F.);
#6271 = ORIENTED_EDGE('',*,*,#5983,.T.);
#6272 = ORIENTED_EDGE('',*,*,#6273,.T.);
#6273 = EDGE_CURVE('',#5984,#6223,#6274,.T.);
#6274 = SURFACE_CURVE('',#6275,(#6279,#6286),.PCURVE_S1.);
#6275 = LINE('',#6276,#6277);
#6276 = CARTESIAN_POINT('',(25.15,96.7,0.));
#6277 = VECTOR('',#6278,1.);
#6278 = DIRECTION('',(0.,1.,0.));
#6279 = PCURVE('',#5914,#6280);
#6280 = DEFINITIONAL_REPRESENTATION('',(#6281),#6285);
#6281 = LINE('',#6282,#6283);
#6282 = CARTESIAN_POINT('',(50.3,0.));
#6283 = VECTOR('',#6284,1.);
#6284 = DIRECTION('',(0.,1.));
#6285 = ( GEOMETRIC_REPRESENTATION_CONTEXT(2) 
PARAMETRIC_REPRESENTATION_CONTEXT() REPRESENTATION_CONTEXT('2D SPACE',''
  ) );
#6286 = PCURVE('',#6044,#6287);
#6287 = DEFINITIONAL_REPRESENTATION('',(#6288),#6292);
#6288 = LINE('',#6289,#6290);
#6289 = CARTESIAN_POINT('',(0.,0.));
#6290 = VECTOR('',#6291,1.);
#6291 = DIRECTION('',(0.,-1.));
#6292 = ( GEOMETRIC_REPRESENTATION_CONTEXT(2) 
PARAMETRIC_REPRESENTATION_CONTEXT() REPRESENTATION_CONTEXT('2D SPACE',''
  ) );
#6293 = ORIENTED_EDGE('',*,*,#6222,.F.);
#6294 = ADVANCED_FACE('',(#6295),#6044,.T.);
#6295 = FACE_BOUND('',#6296,.T.);
#6296 = EDGE_LOOP('',(#6297,#6298,#6299,#6300));
#6297 = ORIENTED_EDGE('',*,*,#6030,.F.);
#6298 = ORIENTED_EDGE('',*,*,#6273,.T.);
#6299 = ORIENTED_EDGE('',*,*,#6247,.T.);
#6300 = ORIENTED_EDGE('',*,*,#6061,.F.);
#6301 = ADVANCED_FACE('',(#6302),#6125,.F.);
#6302 = FACE_BOUND('',#6303,.F.);
#6303 = EDGE_LOOP('',(#6304,#6327,#6328,#6351));
#6304 = ORIENTED_EDGE('',*,*,#6305,.F.);
#6305 = EDGE_CURVE('',#6108,#6306,#6308,.T.);
#6306 = VERTEX_POINT('',#6307);
#6307 = CARTESIAN_POINT('',(-21.15,100.7,52.));
#6308 = SURFACE_CURVE('',#6309,(#6313,#6320),.PCURVE_S1.);
#6309 = LINE('',#6310,#6311);
#6310 = CARTESIAN_POINT('',(-21.15,100.7,4.));
#6311 = VECTOR('',#6312,1.);
#6312 = DIRECTION('',(0.,0.,1.));
#6313 = PCURVE('',#6125,#6314);
#6314 = DEFINITIONAL_REPRESENTATION('',(#6315),#6319);
#6315 = LINE('',#6316,#6317);
#6316 = CARTESIAN_POINT('',(0.,0.));
#6317 = VECTOR('',#6318,1.);
#6318 = DIRECTION('',(1.,0.));
#6319 = ( GEOMETRIC_REPRESENTATION_CONTEXT(2) 
PARAMETRIC_REPRESENTATION_CONTEXT() REPRESENTATION_CONTEXT('2D SPACE',''
  ) );
#6320 = PCURVE('',#6207,#6321);
#6321 = DEFINITIONAL_REPRESENTATION('',(#6322),#6326);
#6322 = LINE('',#6323,#6324);
#6323 = CARTESIAN_POINT('',(0.,0.));
#6324 = VECTOR('',#6325,1.);
#6325 = DIRECTION('',(1.,0.));
#6326 = ( GEOMETRIC_REPRESENTATION_CONTEXT(2) 
PARAMETRIC_REPRESENTATION_CONTEXT() REPRESENTATION_CONTEXT('2D SPACE',''
  ) );
#6327 = ORIENTED_EDGE('',*,*,#6107,.T.);
#6328 = ORIENTED_EDGE('',*,*,#6329,.T.);
#6329 = EDGE_CURVE('',#6110,#6330,#6332,.T.);
#6330 = VERTEX_POINT('',#6331);
#6331 = CARTESIAN_POINT('',(-21.15,143.,52.));
#6332 = SURFACE_CURVE('',#6333,(#6337,#6344),.PCURVE_S1.);
#6333 = LINE('',#6334,#6335);
#6334 = CARTESIAN_POINT('',(-21.15,143.,4.));
#6335 = VECTOR('',#6336,1.);
#6336 = DIRECTION('',(0.,0.,1.));
#6337 = PCURVE('',#6125,#6338);
#6338 = DEFINITIONAL_REPRESENTATION('',(#6339),#6343);
#6339 = LINE('',#6340,#6341);
#6340 = CARTESIAN_POINT('',(0.,-42.3));
#6341 = VECTOR('',#6342,1.);
#6342 = DIRECTION('',(1.,0.));
#6343 = ( GEOMETRIC_REPRESENTATION_CONTEXT(2) 
PARAMETRIC_REPRESENTATION_CONTEXT() REPRESENTATION_CONTEXT('2D SPACE',''
  ) );
#6344 = PCURVE('',#6153,#6345);
#6345 = DEFINITIONAL_REPRESENTATION('',(#6346),#6350);
#6346 = LINE('',#6347,#6348);
#6347 = CARTESIAN_POINT('',(0.,0.));
#6348 = VECTOR('',#6349,1.);
#6349 = DIRECTION('',(1.,0.));
#6350 = ( GEOMETRIC_REPRESENTATION_CONTEXT(2) 
PARAMETRIC_REPRESENTATION_CONTEXT() REPRESENTATION_CONTEXT('2D SPACE',''
  ) );
#6351 = ORIENTED_EDGE('',*,*,#6352,.F.);
#6352 = EDGE_CURVE('',#6306,#6330,#6353,.T.);
#6353 = SURFACE_CURVE('',#6354,(#6358,#6365),.PCURVE_S1.);
#6354 = LINE('',#6355,#6356);
#6355 = CARTESIAN_POINT('',(-21.15,100.7,52.));
#6356 = VECTOR('',#6357,1.);
#6357 = DIRECTION('',(0.,1.,0.));
#6358 = PCURVE('',#6125,#6359);
#6359 = DEFINITIONAL_REPRESENTATION('',(#6360),#6364);
#6360 = LINE('',#6361,#6362);
#6361 = CARTESIAN_POINT('',(48.,0.));
#6362 = VECTOR('',#6363,1.);
#6363 = DIRECTION('',(0.,-1.));
#6364 = ( GEOMETRIC_REPRESENTATION_CONTEXT(2) 
PARAMETRIC_REPRESENTATION_CONTEXT() REPRESENTATION_CONTEXT('2D SPACE',''
  ) );
#6365 = PCURVE('',#6366,#6371);
#6366 = PLANE('',#6367);
#6367 = AXIS2_PLACEMENT_3D('',#6368,#6369,#6370);
#6368 = CARTESIAN_POINT('',(-21.15,100.7,52.));
#6369 = DIRECTION('',(0.,0.,1.));
#6370 = DIRECTION('',(1.,0.,0.));
#6371 = DEFINITIONAL_REPRESENTATION('',(#6372),#6376);
#6372 = LINE('',#6373,#6374);
#6373 = CARTESIAN_POINT('',(0.,0.));
#6374 = VECTOR('',#6375,1.);
#6375 = DIRECTION('',(0.,1.));
#6376 = ( GEOMETRIC_REPRESENTATION_CONTEXT(2) 
PARAMETRIC_REPRESENTATION_CONTEXT() REPRESENTATION_CONTEXT('2D SPACE',''
  ) );
#6377 = ADVANCED_FACE('',(#6378,#6426),#6207,.F.);
#6378 = FACE_BOUND('',#6379,.F.);
#6379 = EDGE_LOOP('',(#6380,#6381,#6382,#6405));
#6380 = ORIENTED_EDGE('',*,*,#6193,.F.);
#6381 = ORIENTED_EDGE('',*,*,#6305,.T.);
#6382 = ORIENTED_EDGE('',*,*,#6383,.T.);
#6383 = EDGE_CURVE('',#6306,#6384,#6386,.T.);
#6384 = VERTEX_POINT('',#6385);
#6385 = CARTESIAN_POINT('',(21.15,100.7,52.));
#6386 = SURFACE_CURVE('',#6387,(#6391,#6398),.PCURVE_S1.);
#6387 = LINE('',#6388,#6389);
#6388 = CARTESIAN_POINT('',(-21.15,100.7,52.));
#6389 = VECTOR('',#6390,1.);
#6390 = DIRECTION('',(1.,0.,0.));
#6391 = PCURVE('',#6207,#6392);
#6392 = DEFINITIONAL_REPRESENTATION('',(#6393),#6397);
#6393 = LINE('',#6394,#6395);
#6394 = CARTESIAN_POINT('',(48.,0.));
#6395 = VECTOR('',#6396,1.);
#6396 = DIRECTION('',(0.,1.));
#6397 = ( GEOMETRIC_REPRESENTATION_CONTEXT(2) 
PARAMETRIC_REPRESENTATION_CONTEXT() REPRESENTATION_CONTEXT('2D SPACE',''
  ) );
#6398 = PCURVE('',#6366,#6399);
#6399 = DEFINITIONAL_REPRESENTATION('',(#6400),#6404);
#6400 = LINE('',#6401,#6402);
#6401 = CARTESIAN_POINT('',(0.,0.));
#6402 = VECTOR('',#6403,1.);
#6403 = DIRECTION('',(1.,0.));
#6404 = ( GEOMETRIC_REPRESENTATION_CONTEXT(2) 
PARAMETRIC_REPRESENTATION_CONTEXT() REPRESENTATION_CONTEXT('2D SPACE',''
  ) );
#6405 = ORIENTED_EDGE('',*,*,#6406,.F.);
#6406 = EDGE_CURVE('',#6166,#6384,#6407,.T.);
#6407 = SURFACE_CURVE('',#6408,(#6412,#6419),.PCURVE_S1.);
#6408 = LINE('',#6409,#6410);
#6409 = CARTESIAN_POINT('',(21.15,100.7,4.));
#6410 = VECTOR('',#6411,1.);
#6411 = DIRECTION('',(0.,0.,1.));
#6412 = PCURVE('',#6207,#6413);
#6413 = DEFINITIONAL_REPRESENTATION('',(#6414),#6418);
#6414 = LINE('',#6415,#6416);
#6415 = CARTESIAN_POINT('',(0.,42.3));
#6416 = VECTOR('',#6417,1.);
#6417 = DIRECTION('',(1.,0.));
#6418 = ( GEOMETRIC_REPRESENTATION_CONTEXT(2) 
PARAMETRIC_REPRESENTATION_CONTEXT() REPRESENTATION_CONTEXT('2D SPACE',''
  ) );
#6419 = PCURVE('',#6181,#6420);
#6420 = DEFINITIONAL_REPRESENTATION('',(#6421),#6425);
#6421 = LINE('',#6422,#6423);
#6422 = CARTESIAN_POINT('',(0.,0.));
#6423 = VECTOR('',#6424,1.);
#6424 = DIRECTION('',(1.,0.));
#6425 = ( GEOMETRIC_REPRESENTATION_CONTEXT(2) 
PARAMETRIC_REPRESENTATION_CONTEXT() REPRESENTATION_CONTEXT('2D SPACE',''
  ) );
#6426 = FACE_BOUND('',#6427,.F.);
#6427 = EDGE_LOOP('',(#6428));
#6428 = ORIENTED_EDGE('',*,*,#6429,.T.);
#6429 = EDGE_CURVE('',#6430,#6430,#6432,.T.);
#6430 = VERTEX_POINT('',#6431);
#6431 = CARTESIAN_POINT('',(9.,100.7,38.));
#6432 = SURFACE_CURVE('',#6433,(#6438,#6449),.PCURVE_S1.);
#6433 = CIRCLE('',#6434,9.);
#6434 = AXIS2_PLACEMENT_3D('',#6435,#6436,#6437);
#6435 = CARTESIAN_POINT('',(0.,100.7,38.));
#6436 = DIRECTION('',(0.,-1.,2.22044604925E-16));
#6437 = DIRECTION('',(1.,0.,0.));
#6438 = PCURVE('',#6207,#6439);
#6439 = DEFINITIONAL_REPRESENTATION('',(#6440),#6448);
#6440 = ( BOUNDED_CURVE() B_SPLINE_CURVE(2,(#6441,#6442,#6443,#6444,
#6445,#6446,#6447),.UNSPECIFIED.,.T.,.F.) B_SPLINE_CURVE_WITH_KNOTS((1,2
    ,2,2,2,1),(-2.094395102393,0.,2.094395102393,4.188790204786,
6.28318530718,8.377580409573),.UNSPECIFIED.) CURVE() 
GEOMETRIC_REPRESENTATION_ITEM() RATIONAL_B_SPLINE_CURVE((1.,0.5,1.,0.5,
1.,0.5,1.)) REPRESENTATION_ITEM('') );
#6441 = CARTESIAN_POINT('',(34.,30.15));
#6442 = CARTESIAN_POINT('',(49.58845726812,30.15));
#6443 = CARTESIAN_POINT('',(41.79422863406,16.65));
#6444 = CARTESIAN_POINT('',(34.,3.15));
#6445 = CARTESIAN_POINT('',(26.20577136594,16.65));
#6446 = CARTESIAN_POINT('',(18.41154273188,30.15));
#6447 = CARTESIAN_POINT('',(34.,30.15));
#6448 = ( GEOMETRIC_REPRESENTATION_CONTEXT(2) 
PARAMETRIC_REPRESENTATION_CONTEXT() REPRESENTATION_CONTEXT('2D SPACE',''
  ) );
#6449 = PCURVE('',#6450,#6455);
#6450 = CYLINDRICAL_SURFACE('',#6451,9.);
#6451 = AXIS2_PLACEMENT_3D('',#6452,#6453,#6454);
#6452 = CARTESIAN_POINT('',(0.,100.7,38.));
#6453 = DIRECTION('',(0.,-1.,2.22044604925E-16));
#6454 = DIRECTION('',(1.,0.,0.));
#6455 = DEFINITIONAL_REPRESENTATION('',(#6456),#6460);
#6456 = LINE('',#6457,#6458);
#6457 = CARTESIAN_POINT('',(0.,0.));
#6458 = VECTOR('',#6459,1.);
#6459 = DIRECTION('',(1.,0.));
#6460 = ( GEOMETRIC_REPRESENTATION_CONTEXT(2) 
PARAMETRIC_REPRESENTATION_CONTEXT() REPRESENTATION_CONTEXT('2D SPACE',''
  ) );
#6461 = ADVANCED_FACE('',(#6462),#6181,.T.);
#6462 = FACE_BOUND('',#6463,.T.);
#6463 = EDGE_LOOP('',(#6464,#6465,#6466,#6489));
#6464 = ORIENTED_EDGE('',*,*,#6406,.F.);
#6465 = ORIENTED_EDGE('',*,*,#6165,.T.);
#6466 = ORIENTED_EDGE('',*,*,#6467,.T.);
#6467 = EDGE_CURVE('',#6138,#6468,#6470,.T.);
#6468 = VERTEX_POINT('',#6469);
#6469 = CARTESIAN_POINT('',(21.15,143.,52.));
#6470 = SURFACE_CURVE('',#6471,(#6475,#6482),.PCURVE_S1.);
#6471 = LINE('',#6472,#6473);
#6472 = CARTESIAN_POINT('',(21.15,143.,4.));
#6473 = VECTOR('',#6474,1.);
#6474 = DIRECTION('',(0.,0.,1.));
#6475 = PCURVE('',#6181,#6476);
#6476 = DEFINITIONAL_REPRESENTATION('',(#6477),#6481);
#6477 = LINE('',#6478,#6479);
#6478 = CARTESIAN_POINT('',(0.,-42.3));
#6479 = VECTOR('',#6480,1.);
#6480 = DIRECTION('',(1.,0.));
#6481 = ( GEOMETRIC_REPRESENTATION_CONTEXT(2) 
PARAMETRIC_REPRESENTATION_CONTEXT() REPRESENTATION_CONTEXT('2D SPACE',''
  ) );
#6482 = PCURVE('',#6153,#6483);
#6483 = DEFINITIONAL_REPRESENTATION('',(#6484),#6488);
#6484 = LINE('',#6485,#6486);
#6485 = CARTESIAN_POINT('',(0.,42.3));
#6486 = VECTOR('',#6487,1.);
#6487 = DIRECTION('',(1.,0.));
#6488 = ( GEOMETRIC_REPRESENTATION_CONTEXT(2) 
PARAMETRIC_REPRESENTATION_CONTEXT() REPRESENTATION_CONTEXT('2D SPACE',''
  ) );
#6489 = ORIENTED_EDGE('',*,*,#6490,.F.);
#6490 = EDGE_CURVE('',#6384,#6468,#6491,.T.);
#6491 = SURFACE_CURVE('',#6492,(#6496,#6503),.PCURVE_S1.);
#6492 = LINE('',#6493,#6494);
#6493 = CARTESIAN_POINT('',(21.15,100.7,52.));
#6494 = VECTOR('',#6495,1.);
#6495 = DIRECTION('',(0.,1.,0.));
#6496 = PCURVE('',#6181,#6497);
#6497 = DEFINITIONAL_REPRESENTATION('',(#6498),#6502);
#6498 = LINE('',#6499,#6500);
#6499 = CARTESIAN_POINT('',(48.,0.));
#6500 = VECTOR('',#6501,1.);
#6501 = DIRECTION('',(0.,-1.));
#6502 = ( GEOMETRIC_REPRESENTATION_CONTEXT(2) 
PARAMETRIC_REPRESENTATION_CONTEXT() REPRESENTATION_CONTEXT('2D SPACE',''
  ) );
#6503 = PCURVE('',#6366,#6504);
#6504 = DEFINITIONAL_REPRESENTATION('',(#6505),#6509);
#6505 = LINE('',#6506,#6507);
#6506 = CARTESIAN_POINT('',(42.3,0.));
#6507 = VECTOR('',#6508,1.);
#6508 = DIRECTION('',(0.,1.));
#6509 = ( GEOMETRIC_REPRESENTATION_CONTEXT(2) 
PARAMETRIC_REPRESENTATION_CONTEXT() REPRESENTATION_CONTEXT('2D SPACE',''
  ) );
#6510 = ADVANCED_FACE('',(#6511),#6153,.T.);
#6511 = FACE_BOUND('',#6512,.T.);
#6512 = EDGE_LOOP('',(#6513,#6514,#6515,#6536));
#6513 = ORIENTED_EDGE('',*,*,#6137,.F.);
#6514 = ORIENTED_EDGE('',*,*,#6329,.T.);
#6515 = ORIENTED_EDGE('',*,*,#6516,.T.);
#6516 = EDGE_CURVE('',#6330,#6468,#6517,.T.);
#6517 = SURFACE_CURVE('',#6518,(#6522,#6529),.PCURVE_S1.);
#6518 = LINE('',#6519,#6520);
#6519 = CARTESIAN_POINT('',(-21.15,143.,52.));
#6520 = VECTOR('',#6521,1.);
#6521 = DIRECTION('',(1.,0.,0.));
#6522 = PCURVE('',#6153,#6523);
#6523 = DEFINITIONAL_REPRESENTATION('',(#6524),#6528);
#6524 = LINE('',#6525,#6526);
#6525 = CARTESIAN_POINT('',(48.,0.));
#6526 = VECTOR('',#6527,1.);
#6527 = DIRECTION('',(0.,1.));
#6528 = ( GEOMETRIC_REPRESENTATION_CONTEXT(2) 
PARAMETRIC_REPRESENTATION_CONTEXT() REPRESENTATION_CONTEXT('2D SPACE',''
  ) );
#6529 = PCURVE('',#6366,#6530);
#6530 = DEFINITIONAL_REPRESENTATION('',(#6531),#6535);
#6531 = LINE('',#6532,#6533);
#6532 = CARTESIAN_POINT('',(0.,42.3));
#6533 = VECTOR('',#6534,1.);
#6534 = DIRECTION('',(1.,0.));
#6535 = ( GEOMETRIC_REPRESENTATION_CONTEXT(2) 
PARAMETRIC_REPRESENTATION_CONTEXT() REPRESENTATION_CONTEXT('2D SPACE',''
  ) );
#6536 = ORIENTED_EDGE('',*,*,#6467,.F.);
#6537 = ADVANCED_FACE('',(#6538),#6366,.T.);
#6538 = FACE_BOUND('',#6539,.T.);
#6539 = EDGE_LOOP('',(#6540,#6541,#6542,#6543));
#6540 = ORIENTED_EDGE('',*,*,#6352,.F.);
#6541 = ORIENTED_EDGE('',*,*,#6383,.T.);
#6542 = ORIENTED_EDGE('',*,*,#6490,.T.);
#6543 = ORIENTED_EDGE('',*,*,#6516,.F.);
#6544 = ADVANCED_FACE('',(#6545),#6450,.T.);
#6545 = FACE_BOUND('',#6546,.T.);
#6546 = EDGE_LOOP('',(#6547,#6576,#6597,#6598));
#6547 = ORIENTED_EDGE('',*,*,#6548,.F.);
#6548 = EDGE_CURVE('',#6549,#6549,#6551,.T.);
#6549 = VERTEX_POINT('',#6550);
#6550 = CARTESIAN_POINT('',(9.,88.7,38.));
#6551 = SURFACE_CURVE('',#6552,(#6557,#6564),.PCURVE_S1.);
#6552 = CIRCLE('',#6553,9.);
#6553 = AXIS2_PLACEMENT_3D('',#6554,#6555,#6556);
#6554 = CARTESIAN_POINT('',(0.,88.7,38.));
#6555 = DIRECTION('',(0.,-1.,2.22044604925E-16));
#6556 = DIRECTION('',(1.,0.,0.));
#6557 = PCURVE('',#6450,#6558);
#6558 = DEFINITIONAL_REPRESENTATION('',(#6559),#6563);
#6559 = LINE('',#6560,#6561);
#6560 = CARTESIAN_POINT('',(0.,12.));
#6561 = VECTOR('',#6562,1.);
#6562 = DIRECTION('',(1.,0.));
#6563 = ( GEOMETRIC_REPRESENTATION_CONTEXT(2) 
PARAMETRIC_REPRESENTATION_CONTEXT() REPRESENTATION_CONTEXT('2D SPACE',''
  ) );
#6564 = PCURVE('',#6565,#6570);
#6565 = PLANE('',#6566);
#6566 = AXIS2_PLACEMENT_3D('',#6567,#6568,#6569);
#6567 = CARTESIAN_POINT('',(0.,88.7,38.));
#6568 = DIRECTION('',(0.,-1.,2.22044604925E-16));
#6569 = DIRECTION('',(1.,0.,0.));
#6570 = DEFINITIONAL_REPRESENTATION('',(#6571),#6575);
#6571 = CIRCLE('',#6572,9.);
#6572 = AXIS2_PLACEMENT_2D('',#6573,#6574);
#6573 = CARTESIAN_POINT('',(0.,0.));
#6574 = DIRECTION('',(1.,0.));
#6575 = ( GEOMETRIC_REPRESENTATION_CONTEXT(2) 
PARAMETRIC_REPRESENTATION_CONTEXT() REPRESENTATION_CONTEXT('2D SPACE',''
  ) );
#6576 = ORIENTED_EDGE('',*,*,#6577,.F.);
#6577 = EDGE_CURVE('',#6430,#6549,#6578,.T.);
#6578 = SEAM_CURVE('',#6579,(#6583,#6590),.PCURVE_S1.);
#6579 = LINE('',#6580,#6581);
#6580 = CARTESIAN_POINT('',(9.,100.7,38.));
#6581 = VECTOR('',#6582,1.);
#6582 = DIRECTION('',(0.,-1.,2.22044604925E-16));
#6583 = PCURVE('',#6450,#6584);
#6584 = DEFINITIONAL_REPRESENTATION('',(#6585),#6589);
#6585 = LINE('',#6586,#6587);
#6586 = CARTESIAN_POINT('',(6.28318530718,-0.));
#6587 = VECTOR('',#6588,1.);
#6588 = DIRECTION('',(0.,1.));
#6589 = ( GEOMETRIC_REPRESENTATION_CONTEXT(2) 
PARAMETRIC_REPRESENTATION_CONTEXT() REPRESENTATION_CONTEXT('2D SPACE',''
  ) );
#6590 = PCURVE('',#6450,#6591);
#6591 = DEFINITIONAL_REPRESENTATION('',(#6592),#6596);
#6592 = LINE('',#6593,#6594);
#6593 = CARTESIAN_POINT('',(0.,-0.));
#6594 = VECTOR('',#6595,1.);
#6595 = DIRECTION('',(0.,1.));
#6596 = ( GEOMETRIC_REPRESENTATION_CONTEXT(2) 
PARAMETRIC_REPRESENTATION_CONTEXT() REPRESENTATION_CONTEXT('2D SPACE',''
  ) );
#6597 = ORIENTED_EDGE('',*,*,#6429,.T.);
#6598 = ORIENTED_EDGE('',*,*,#6577,.T.);
#6599 = ADVANCED_FACE('',(#6600,#6603),#6565,.T.);
#6600 = FACE_BOUND('',#6601,.T.);
#6601 = EDGE_LOOP('',(#6602));
#6602 = ORIENTED_EDGE('',*,*,#6548,.T.);
#6603 = FACE_BOUND('',#6604,.T.);
#6604 = EDGE_LOOP('',(#6605));
#6605 = ORIENTED_EDGE('',*,*,#6606,.F.);
#6606 = EDGE_CURVE('',#6607,#6607,#6609,.T.);
#6607 = VERTEX_POINT('',#6608);
#6608 = CARTESIAN_POINT('',(2.5,88.7,38.));
#6609 = SURFACE_CURVE('',#6610,(#6615,#6622),.PCURVE_S1.);
#6610 = CIRCLE('',#6611,2.5);
#6611 = AXIS2_PLACEMENT_3D('',#6612,#6613,#6614);
#6612 = CARTESIAN_POINT('',(0.,88.7,38.));
#6613 = DIRECTION('',(0.,-1.,2.22044604925E-16));
#6614 = DIRECTION('',(1.,0.,0.));
#6615 = PCURVE('',#6565,#6616);
#6616 = DEFINITIONAL_REPRESENTATION('',(#6617),#6621);
#6617 = CIRCLE('',#6618,2.5);
#6618 = AXIS2_PLACEMENT_2D('',#6619,#6620);
#6619 = CARTESIAN_POINT('',(0.,0.));
#6620 = DIRECTION('',(1.,0.));
#6621 = ( GEOMETRIC_REPRESENTATION_CONTEXT(2) 
PARAMETRIC_REPRESENTATION_CONTEXT() REPRESENTATION_CONTEXT('2D SPACE',''
  ) );
#6622 = PCURVE('',#6623,#6628);
#6623 = CYLINDRICAL_SURFACE('',#6624,2.5);
#6624 = AXIS2_PLACEMENT_3D('',#6625,#6626,#6627);
#6625 = CARTESIAN_POINT('',(0.,94.7,38.));
#6626 = DIRECTION('',(0.,-1.,2.22044604925E-16));
#6627 = DIRECTION('',(1.,0.,0.));
#6628 = DEFINITIONAL_REPRESENTATION('',(#6629),#6633);
#6629 = LINE('',#6630,#6631);
#6630 = CARTESIAN_POINT('',(0.,6.));
#6631 = VECTOR('',#6632,1.);
#6632 = DIRECTION('',(1.,0.));
#6633 = ( GEOMETRIC_REPRESENTATION_CONTEXT(2) 
PARAMETRIC_REPRESENTATION_CONTEXT() REPRESENTATION_CONTEXT('2D SPACE',''
  ) );
#6634 = ADVANCED_FACE('',(#6635),#6623,.T.);
#6635 = FACE_BOUND('',#6636,.T.);
#6636 = EDGE_LOOP('',(#6637,#6660,#6687,#6688));
#6637 = ORIENTED_EDGE('',*,*,#6638,.T.);
#6638 = EDGE_CURVE('',#6607,#6639,#6641,.T.);
#6639 = VERTEX_POINT('',#6640);
#6640 = CARTESIAN_POINT('',(2.5,74.7,38.));
#6641 = SEAM_CURVE('',#6642,(#6646,#6653),.PCURVE_S1.);
#6642 = LINE('',#6643,#6644);
#6643 = CARTESIAN_POINT('',(2.5,94.7,38.));
#6644 = VECTOR('',#6645,1.);
#6645 = DIRECTION('',(0.,-1.,2.22044604925E-16));
#6646 = PCURVE('',#6623,#6647);
#6647 = DEFINITIONAL_REPRESENTATION('',(#6648),#6652);
#6648 = LINE('',#6649,#6650);
#6649 = CARTESIAN_POINT('',(6.28318530718,-0.));
#6650 = VECTOR('',#6651,1.);
#6651 = DIRECTION('',(0.,1.));
#6652 = ( GEOMETRIC_REPRESENTATION_CONTEXT(2) 
PARAMETRIC_REPRESENTATION_CONTEXT() REPRESENTATION_CONTEXT('2D SPACE',''
  ) );
#6653 = PCURVE('',#6623,#6654);
#6654 = DEFINITIONAL_REPRESENTATION('',(#6655),#6659);
#6655 = LINE('',#6656,#6657);
#6656 = CARTESIAN_POINT('',(0.,-0.));
#6657 = VECTOR('',#6658,1.);
#6658 = DIRECTION('',(0.,1.));
#6659 = ( GEOMETRIC_REPRESENTATION_CONTEXT(2) 
PARAMETRIC_REPRESENTATION_CONTEXT() REPRESENTATION_CONTEXT('2D SPACE',''
  ) );
#6660 = ORIENTED_EDGE('',*,*,#6661,.F.);
#6661 = EDGE_CURVE('',#6639,#6639,#6662,.T.);
#6662 = SURFACE_CURVE('',#6663,(#6668,#6675),.PCURVE_S1.);
#6663 = CIRCLE('',#6664,2.5);
#6664 = AXIS2_PLACEMENT_3D('',#6665,#6666,#6667);
#6665 = CARTESIAN_POINT('',(0.,74.7,38.));
#6666 = DIRECTION('',(0.,-1.,2.22044604925E-16));
#6667 = DIRECTION('',(1.,0.,0.));
#6668 = PCURVE('',#6623,#6669);
#6669 = DEFINITIONAL_REPRESENTATION('',(#6670),#6674);
#6670 = LINE('',#6671,#6672);
#6671 = CARTESIAN_POINT('',(0.,20.));
#6672 = VECTOR('',#6673,1.);
#6673 = DIRECTION('',(1.,0.));
#6674 = ( GEOMETRIC_REPRESENTATION_CONTEXT(2) 
PARAMETRIC_REPRESENTATION_CONTEXT() REPRESENTATION_CONTEXT('2D SPACE',''
  ) );
#6675 = PCURVE('',#6676,#6681);
#6676 = PLANE('',#6677);
#6677 = AXIS2_PLACEMENT_3D('',#6678,#6679,#6680);
#6678 = CARTESIAN_POINT('',(0.,74.7,38.));
#6679 = DIRECTION('',(0.,-1.,2.22044604925E-16));
#6680 = DIRECTION('',(1.,0.,0.));
#6681 = DEFINITIONAL_REPRESENTATION('',(#6682),#6686);
#6682 = CIRCLE('',#6683,2.5);
#6683 = AXIS2_PLACEMENT_2D('',#6684,#6685);
#6684 = CARTESIAN_POINT('',(0.,0.));
#6685 = DIRECTION('',(1.,0.));
#6686 = ( GEOMETRIC_REPRESENTATION_CONTEXT(2) 
PARAMETRIC_REPRESENTATION_CONTEXT() REPRESENTATION_CONTEXT('2D SPACE',''
  ) );
#6687 = ORIENTED_EDGE('',*,*,#6638,.F.);
#6688 = ORIENTED_EDGE('',*,*,#6606,.T.);
#6689 = ADVANCED_FACE('',(#6690),#6676,.T.);
#6690 = FACE_BOUND('',#6691,.T.);
#6691 = EDGE_LOOP('',(#6692));
#6692 = ORIENTED_EDGE('',*,*,#6661,.T.);
#6693 = ( GEOMETRIC_REPRESENTATION_CONTEXT(3) 
GLOBAL_UNCERTAINTY_ASSIGNED_CONTEXT((#6697)) 
GLOBAL_UNIT_ASSIGNED_CONTEXT((#6694,#6695,#6696)) REPRESENTATION_CONTEXT
('Context #1','3D Context with UNIT and UNCERTAINTY') );
#6694 = ( LENGTH_UNIT() NAMED_UNIT(*) SI_UNIT(.MILLI.,.METRE.) );
#6695 = ( NAMED_UNIT(*) PLANE_ANGLE_UNIT() SI_UNIT($,.RADIAN.) );
#6696 = ( NAMED_UNIT(*) SI_UNIT($,.STERADIAN.) SOLID_ANGLE_UNIT() );
#6697 = UNCERTAINTY_MEASURE_WITH_UNIT(LENGTH_MEASURE(1.E-07),#6694,
  'distance_accuracy_value','confusion accuracy');
#6698 = CONTEXT_DEPENDENT_SHAPE_REPRESENTATION(#6699,#6701);
#6699 = ( REPRESENTATION_RELATIONSHIP('','',#5856,#10) 
REPRESENTATION_RELATIONSHIP_WITH_TRANSFORMATION(#6700) 
SHAPE_REPRESENTATION_RELATIONSHIP() );
#6700 = ITEM_DEFINED_TRANSFORMATION('','',#11,#23);
#6701 = PRODUCT_DEFINITION_SHAPE('Placement','Placement of an item',
  #6702);
#6702 = NEXT_ASSEMBLY_USAGE_OCCURRENCE('5','motor_mount','',#5,#5851,$);
#6703 = PRODUCT_RELATED_PRODUCT_CATEGORY('part',$,(#5853));
#6704 = SHAPE_DEFINITION_REPRESENTATION(#6705,#6711);
#6705 = PRODUCT_DEFINITION_SHAPE('','',#6706);
#6706 = PRODUCT_DEFINITION('design','',#6707,#6710);
#6707 = PRODUCT_DEFINITION_FORMATION('','',#6708);
#6708 = PRODUCT('drive_belt','drive_belt','',(#6709));
#6709 = PRODUCT_CONTEXT('',#2,'mechanical');
#6710 = PRODUCT_DEFINITION_CONTEXT('part definition',#2,'design');
#6711 = ADVANCED_BREP_SHAPE_REPRESENTATION('',(#11,#6712),#8134);
#6712 = MANIFOLD_SOLID_BREP('',#6713);
#6713 = CLOSED_SHELL('',(#6714,#6834,#6936,#6985,#7060,#7193,#7265,#7344
    ,#7396,#7542,#7678,#7749,#7874,#7974,#8000,#8050,#8100,#8127));
#6714 = ADVANCED_FACE('',(#6715),#6729,.F.);
#6715 = FACE_BOUND('',#6716,.F.);
#6716 = EDGE_LOOP('',(#6717,#6752,#6780,#6808));
#6717 = ORIENTED_EDGE('',*,*,#6718,.F.);
#6718 = EDGE_CURVE('',#6719,#6721,#6723,.T.);
#6719 = VERTEX_POINT('',#6720);
#6720 = CARTESIAN_POINT('',(-3.638842682889,29.688516567676,
    41.744140271487));
#6721 = VERTEX_POINT('',#6722);
#6722 = CARTESIAN_POINT('',(-3.294400274958,29.688516567676,
    44.220298470718));
#6723 = SURFACE_CURVE('',#6724,(#6728,#6740),.PCURVE_S1.);
#6724 = LINE('',#6725,#6726);
#6725 = CARTESIAN_POINT('',(-3.638842682889,29.688516567676,
    41.744140271487));
#6726 = VECTOR('',#6727,1.);
#6727 = DIRECTION('',(0.137776963172,0.,0.990463279692));
#6728 = PCURVE('',#6729,#6734);
#6729 = PLANE('',#6730);
#6730 = AXIS2_PLACEMENT_3D('',#6731,#6732,#6733);
#6731 = CARTESIAN_POINT('',(-3.638842682889,29.688516567676,
    41.744140271487));
#6732 = DIRECTION('',(0.990463279692,0.,-0.137776963172));
#6733 = DIRECTION('',(0.137776963172,0.,0.990463279692));
#6734 = DEFINITIONAL_REPRESENTATION('',(#6735),#6739);
#6735 = LINE('',#6736,#6737);
#6736 = CARTESIAN_POINT('',(0.,0.));
#6737 = VECTOR('',#6738,1.);
#6738 = DIRECTION('',(1.,0.));
#6739 = ( GEOMETRIC_REPRESENTATION_CONTEXT(2) 
PARAMETRIC_REPRESENTATION_CONTEXT() REPRESENTATION_CONTEXT('2D SPACE',''
  ) );
#6740 = PCURVE('',#6741,#6746);
#6741 = PLANE('',#6742);
#6742 = AXIS2_PLACEMENT_3D('',#6743,#6744,#6745);
#6743 = CARTESIAN_POINT('',(-3.638842682889,29.688516567676,
    41.744140271487));
#6744 = DIRECTION('',(0.,1.,0.));
#6745 = DIRECTION('',(0.137776963172,0.,0.990463279692));
#6746 = DEFINITIONAL_REPRESENTATION('',(#6747),#6751);
#6747 = LINE('',#6748,#6749);
#6748 = CARTESIAN_POINT('',(0.,0.));
#6749 = VECTOR('',#6750,1.);
#6750 = DIRECTION('',(1.,0.));
#6751 = ( GEOMETRIC_REPRESENTATION_CONTEXT(2) 
PARAMETRIC_REPRESENTATION_CONTEXT() REPRESENTATION_CONTEXT('2D SPACE',''
  ) );
#6752 = ORIENTED_EDGE('',*,*,#6753,.T.);
#6753 = EDGE_CURVE('',#6719,#6754,#6756,.T.);
#6754 = VERTEX_POINT('',#6755);
#6755 = CARTESIAN_POINT('',(-3.638842682889,95.011483432324,
    41.744140271487));
#6756 = SURFACE_CURVE('',#6757,(#6761,#6768),.PCURVE_S1.);
#6757 = LINE('',#6758,#6759);
#6758 = CARTESIAN_POINT('',(-3.638842682889,29.688516567676,
    41.744140271487));
#6759 = VECTOR('',#6760,1.);
#6760 = DIRECTION('',(0.,1.,0.));
#6761 = PCURVE('',#6729,#6762);
#6762 = DEFINITIONAL_REPRESENTATION('',(#6763),#6767);
#6763 = LINE('',#6764,#6765);
#6764 = CARTESIAN_POINT('',(0.,0.));
#6765 = VECTOR('',#6766,1.);
#6766 = DIRECTION('',(0.,-1.));
#6767 = ( GEOMETRIC_REPRESENTATION_CONTEXT(2) 
PARAMETRIC_REPRESENTATION_CONTEXT() REPRESENTATION_CONTEXT('2D SPACE',''
  ) );
#6768 = PCURVE('',#6769,#6774);
#6769 = PLANE('',#6770);
#6770 = AXIS2_PLACEMENT_3D('',#6771,#6772,#6773);
#6771 = CARTESIAN_POINT('',(-3.638842682889,29.688516567676,
    41.744140271487));
#6772 = DIRECTION('',(0.137776963172,0.,0.990463279692));
#6773 = DIRECTION('',(0.990463279692,0.,-0.137776963172));
#6774 = DEFINITIONAL_REPRESENTATION('',(#6775),#6779);
#6775 = LINE('',#6776,#6777);
#6776 = CARTESIAN_POINT('',(0.,0.));
#6777 = VECTOR('',#6778,1.);
#6778 = DIRECTION('',(0.,1.));
#6779 = ( GEOMETRIC_REPRESENTATION_CONTEXT(2) 
PARAMETRIC_REPRESENTATION_CONTEXT() REPRESENTATION_CONTEXT('2D SPACE',''
  ) );
#6780 = ORIENTED_EDGE('',*,*,#6781,.T.);
#6781 = EDGE_CURVE('',#6754,#6782,#6784,.T.);
#6782 = VERTEX_POINT('',#6783);
#6783 = CARTESIAN_POINT('',(-3.294400274958,95.011483432324,
    44.220298470718));
#6784 = SURFACE_CURVE('',#6785,(#6789,#6796),.PCURVE_S1.);
#6785 = LINE('',#6786,#6787);
#6786 = CARTESIAN_POINT('',(-3.638842682889,95.011483432324,
    41.744140271487));
#6787 = VECTOR('',#6788,1.);
#6788 = DIRECTION('',(0.137776963172,0.,0.990463279692));
#6789 = PCURVE('',#6729,#6790);
#6790 = DEFINITIONAL_REPRESENTATION('',(#6791),#6795);
#6791 = LINE('',#6792,#6793);
#6792 = CARTESIAN_POINT('',(0.,-65.32296686464));
#6793 = VECTOR('',#6794,1.);
#6794 = DIRECTION('',(1.,0.));
#6795 = ( GEOMETRIC_REPRESENTATION_CONTEXT(2) 
PARAMETRIC_REPRESENTATION_CONTEXT() REPRESENTATION_CONTEXT('2D SPACE',''
  ) );
#6796 = PCURVE('',#6797,#6802);
#6797 = PLANE('',#6798);
#6798 = AXIS2_PLACEMENT_3D('',#6799,#6800,#6801);
#6799 = CARTESIAN_POINT('',(-3.638842682889,95.011483432324,
    41.744140271487));
#6800 = DIRECTION('',(0.,1.,0.));
#6801 = DIRECTION('',(0.137776963172,0.,0.990463279692));
#6802 = DEFINITIONAL_REPRESENTATION('',(#6803),#6807);
#6803 = LINE('',#6804,#6805);
#6804 = CARTESIAN_POINT('',(0.,0.));
#6805 = VECTOR('',#6806,1.);
#6806 = DIRECTION('',(1.,0.));
#6807 = ( GEOMETRIC_REPRESENTATION_CONTEXT(2) 
PARAMETRIC_REPRESENTATION_CONTEXT() REPRESENTATION_CONTEXT('2D SPACE',''
  ) );
#6808 = ORIENTED_EDGE('',*,*,#6809,.F.);
#6809 = EDGE_CURVE('',#6721,#6782,#6810,.T.);
#6810 = SURFACE_CURVE('',#6811,(#6815,#6822),.PCURVE_S1.);
#6811 = LINE('',#6812,#6813);
#6812 = CARTESIAN_POINT('',(-3.294400274958,29.688516567676,
    44.220298470718));
#6813 = VECTOR('',#6814,1.);
#6814 = DIRECTION('',(0.,1.,0.));
#6815 = PCURVE('',#6729,#6816);
#6816 = DEFINITIONAL_REPRESENTATION('',(#6817),#6821);
#6817 = LINE('',#6818,#6819);
#6818 = CARTESIAN_POINT('',(2.5,0.));
#6819 = VECTOR('',#6820,1.);
#6820 = DIRECTION('',(0.,-1.));
#6821 = ( GEOMETRIC_REPRESENTATION_CONTEXT(2) 
PARAMETRIC_REPRESENTATION_CONTEXT() REPRESENTATION_CONTEXT('2D SPACE',''
  ) );
#6822 = PCURVE('',#6823,#6828);
#6823 = PLANE('',#6824);
#6824 = AXIS2_PLACEMENT_3D('',#6825,#6826,#6827);
#6825 = CARTESIAN_POINT('',(-3.294400274958,29.688516567676,
    44.220298470718));
#6826 = DIRECTION('',(0.137776963172,0.,0.990463279692));
#6827 = DIRECTION('',(0.990463279692,0.,-0.137776963172));
#6828 = DEFINITIONAL_REPRESENTATION('',(#6829),#6833);
#6829 = LINE('',#6830,#6831);
#6830 = CARTESIAN_POINT('',(0.,0.));
#6831 = VECTOR('',#6832,1.);
#6832 = DIRECTION('',(0.,1.));
#6833 = ( GEOMETRIC_REPRESENTATION_CONTEXT(2) 
PARAMETRIC_REPRESENTATION_CONTEXT() REPRESENTATION_CONTEXT('2D SPACE',''
  ) );
#6834 = ADVANCED_FACE('',(#6835),#6741,.F.);
#6835 = FACE_BOUND('',#6836,.F.);
#6836 = EDGE_LOOP('',(#6837,#6860,#6861,#6884,#6912));
#6837 = ORIENTED_EDGE('',*,*,#6838,.F.);
#6838 = EDGE_CURVE('',#6719,#6839,#6841,.T.);
#6839 = VERTEX_POINT('',#6840);
#6840 = CARTESIAN_POINT('',(-1.883745397868,29.688516567676,41.5));
#6841 = SURFACE_CURVE('',#6842,(#6846,#6853),.PCURVE_S1.);
#6842 = LINE('',#6843,#6844);
#6843 = CARTESIAN_POINT('',(-3.638842682889,29.688516567676,
    41.744140271487));
#6844 = VECTOR('',#6845,1.);
#6845 = DIRECTION('',(0.990463279692,0.,-0.137776963172));
#6846 = PCURVE('',#6741,#6847);
#6847 = DEFINITIONAL_REPRESENTATION('',(#6848),#6852);
#6848 = LINE('',#6849,#6850);
#6849 = CARTESIAN_POINT('',(0.,0.));
#6850 = VECTOR('',#6851,1.);
#6851 = DIRECTION('',(0.,1.));
#6852 = ( GEOMETRIC_REPRESENTATION_CONTEXT(2) 
PARAMETRIC_REPRESENTATION_CONTEXT() REPRESENTATION_CONTEXT('2D SPACE',''
  ) );
#6853 = PCURVE('',#6769,#6854);
#6854 = DEFINITIONAL_REPRESENTATION('',(#6855),#6859);
#6855 = LINE('',#6856,#6857);
#6856 = CARTESIAN_POINT('',(0.,0.));
#6857 = VECTOR('',#6858,1.);
#6858 = DIRECTION('',(1.,0.));
#6859 = ( GEOMETRIC_REPRESENTATION_CONTEXT(2) 
PARAMETRIC_REPRESENTATION_CONTEXT() REPRESENTATION_CONTEXT('2D SPACE',''
  ) );
#6860 = ORIENTED_EDGE('',*,*,#6718,.T.);
#6861 = ORIENTED_EDGE('',*,*,#6862,.T.);
#6862 = EDGE_CURVE('',#6721,#6863,#6865,.T.);
#6863 = VERTEX_POINT('',#6864);
#6864 = CARTESIAN_POINT('',(3.638842682889,29.688516567676,
    43.255859728513));
#6865 = SURFACE_CURVE('',#6866,(#6870,#6877),.PCURVE_S1.);
#6866 = LINE('',#6867,#6868);
#6867 = CARTESIAN_POINT('',(-3.294400274958,29.688516567676,
    44.220298470718));
#6868 = VECTOR('',#6869,1.);
#6869 = DIRECTION('',(0.990463279692,0.,-0.137776963172));
#6870 = PCURVE('',#6741,#6871);
#6871 = DEFINITIONAL_REPRESENTATION('',(#6872),#6876);
#6872 = LINE('',#6873,#6874);
#6873 = CARTESIAN_POINT('',(2.5,0.));
#6874 = VECTOR('',#6875,1.);
#6875 = DIRECTION('',(0.,1.));
#6876 = ( GEOMETRIC_REPRESENTATION_CONTEXT(2) 
PARAMETRIC_REPRESENTATION_CONTEXT() REPRESENTATION_CONTEXT('2D SPACE',''
  ) );
#6877 = PCURVE('',#6823,#6878);
#6878 = DEFINITIONAL_REPRESENTATION('',(#6879),#6883);
#6879 = LINE('',#6880,#6881);
#6880 = CARTESIAN_POINT('',(0.,0.));
#6881 = VECTOR('',#6882,1.);
#6882 = DIRECTION('',(1.,0.));
#6883 = ( GEOMETRIC_REPRESENTATION_CONTEXT(2) 
PARAMETRIC_REPRESENTATION_CONTEXT() REPRESENTATION_CONTEXT('2D SPACE',''
  ) );
#6884 = ORIENTED_EDGE('',*,*,#6885,.F.);
#6885 = EDGE_CURVE('',#6886,#6863,#6888,.T.);
#6886 = VERTEX_POINT('',#6887);
#6887 = CARTESIAN_POINT('',(3.394596352802,29.688516567676,41.5));
#6888 = SURFACE_CURVE('',#6889,(#6893,#6900),.PCURVE_S1.);
#6889 = LINE('',#6890,#6891);
#6890 = CARTESIAN_POINT('',(3.294400274958,29.688516567676,
    40.779701529282));
#6891 = VECTOR('',#6892,1.);
#6892 = DIRECTION('',(0.137776963172,0.,0.990463279692));
#6893 = PCURVE('',#6741,#6894);
#6894 = DEFINITIONAL_REPRESENTATION('',(#6895),#6899);
#6895 = LINE('',#6896,#6897);
#6896 = CARTESIAN_POINT('',(0.,7.));
#6897 = VECTOR('',#6898,1.);
#6898 = DIRECTION('',(1.,0.));
#6899 = ( GEOMETRIC_REPRESENTATION_CONTEXT(2) 
PARAMETRIC_REPRESENTATION_CONTEXT() REPRESENTATION_CONTEXT('2D SPACE',''
  ) );
#6900 = PCURVE('',#6901,#6906);
#6901 = PLANE('',#6902);
#6902 = AXIS2_PLACEMENT_3D('',#6903,#6904,#6905);
#6903 = CARTESIAN_POINT('',(3.294400274958,29.688516567676,
    40.779701529282));
#6904 = DIRECTION('',(0.990463279692,0.,-0.137776963172));
#6905 = DIRECTION('',(0.137776963172,0.,0.990463279692));
#6906 = DEFINITIONAL_REPRESENTATION('',(#6907),#6911);
#6907 = LINE('',#6908,#6909);
#6908 = CARTESIAN_POINT('',(0.,0.));
#6909 = VECTOR('',#6910,1.);
#6910 = DIRECTION('',(1.,0.));
#6911 = ( GEOMETRIC_REPRESENTATION_CONTEXT(2) 
PARAMETRIC_REPRESENTATION_CONTEXT() REPRESENTATION_CONTEXT('2D SPACE',''
  ) );
#6912 = ORIENTED_EDGE('',*,*,#6913,.F.);
#6913 = EDGE_CURVE('',#6839,#6886,#6914,.T.);
#6914 = SURFACE_CURVE('',#6915,(#6919,#6925),.PCURVE_S1.);
#6915 = LINE('',#6916,#6917);
#6916 = CARTESIAN_POINT('',(-1.819421341444,29.688516567676,41.5));
#6917 = VECTOR('',#6918,1.);
#6918 = DIRECTION('',(1.,0.,0.));
#6919 = PCURVE('',#6741,#6920);
#6920 = DEFINITIONAL_REPRESENTATION('',(#6921),#6924);
#6921 = B_SPLINE_CURVE_WITH_KNOTS('',1,(#6922,#6923),.UNSPECIFIED.,.F.,
  .F.,(2,2),(-6.432405642359E-02,5.214017694246),
  .PIECEWISE_BEZIER_KNOTS.);
#6922 = CARTESIAN_POINT('',(1.908195823574E-17,1.771996318294));
#6923 = CARTESIAN_POINT('',(0.727233896992,7.));
#6924 = ( GEOMETRIC_REPRESENTATION_CONTEXT(2) 
PARAMETRIC_REPRESENTATION_CONTEXT() REPRESENTATION_CONTEXT('2D SPACE',''
  ) );
#6925 = PCURVE('',#6926,#6931);
#6926 = PLANE('',#6927);
#6927 = AXIS2_PLACEMENT_3D('',#6928,#6929,#6930);
#6928 = CARTESIAN_POINT('',(0.,0.,41.5));
#6929 = DIRECTION('',(0.,0.,1.));
#6930 = DIRECTION('',(1.,0.,0.));
#6931 = DEFINITIONAL_REPRESENTATION('',(#6932),#6935);
#6932 = B_SPLINE_CURVE_WITH_KNOTS('',1,(#6933,#6934),.UNSPECIFIED.,.F.,
  .F.,(2,2),(-6.432405642359E-02,5.214017694246),
  .PIECEWISE_BEZIER_KNOTS.);
#6933 = CARTESIAN_POINT('',(-1.883745397868,29.688516567676));
#6934 = CARTESIAN_POINT('',(3.394596352802,29.688516567676));
#6935 = ( GEOMETRIC_REPRESENTATION_CONTEXT(2) 
PARAMETRIC_REPRESENTATION_CONTEXT() REPRESENTATION_CONTEXT('2D SPACE',''
  ) );
#6936 = ADVANCED_FACE('',(#6937),#6823,.T.);
#6937 = FACE_BOUND('',#6938,.T.);
#6938 = EDGE_LOOP('',(#6939,#6940,#6941,#6964));
#6939 = ORIENTED_EDGE('',*,*,#6809,.F.);
#6940 = ORIENTED_EDGE('',*,*,#6862,.T.);
#6941 = ORIENTED_EDGE('',*,*,#6942,.T.);
#6942 = EDGE_CURVE('',#6863,#6943,#6945,.T.);
#6943 = VERTEX_POINT('',#6944);
#6944 = CARTESIAN_POINT('',(3.638842682889,95.011483432324,
    43.255859728513));
#6945 = SURFACE_CURVE('',#6946,(#6950,#6957),.PCURVE_S1.);
#6946 = LINE('',#6947,#6948);
#6947 = CARTESIAN_POINT('',(3.638842682889,29.688516567676,
    43.255859728513));
#6948 = VECTOR('',#6949,1.);
#6949 = DIRECTION('',(0.,1.,0.));
#6950 = PCURVE('',#6823,#6951);
#6951 = DEFINITIONAL_REPRESENTATION('',(#6952),#6956);
#6952 = LINE('',#6953,#6954);
#6953 = CARTESIAN_POINT('',(7.,0.));
#6954 = VECTOR('',#6955,1.);
#6955 = DIRECTION('',(0.,1.));
#6956 = ( GEOMETRIC_REPRESENTATION_CONTEXT(2) 
PARAMETRIC_REPRESENTATION_CONTEXT() REPRESENTATION_CONTEXT('2D SPACE',''
  ) );
#6957 = PCURVE('',#6901,#6958);
#6958 = DEFINITIONAL_REPRESENTATION('',(#6959),#6963);
#6959 = LINE('',#6960,#6961);
#6960 = CARTESIAN_POINT('',(2.5,0.));
#6961 = VECTOR('',#6962,1.);
#6962 = DIRECTION('',(0.,-1.));
#6963 = ( GEOMETRIC_REPRESENTATION_CONTEXT(2) 
PARAMETRIC_REPRESENTATION_CONTEXT() REPRESENTATION_CONTEXT('2D SPACE',''
  ) );
#6964 = ORIENTED_EDGE('',*,*,#6965,.F.);
#6965 = EDGE_CURVE('',#6782,#6943,#6966,.T.);
#6966 = SURFACE_CURVE('',#6967,(#6971,#6978),.PCURVE_S1.);
#6967 = LINE('',#6968,#6969);
#6968 = CARTESIAN_POINT('',(-3.294400274958,95.011483432324,
    44.220298470718));
#6969 = VECTOR('',#6970,1.);
#6970 = DIRECTION('',(0.990463279692,0.,-0.137776963172));
#6971 = PCURVE('',#6823,#6972);
#6972 = DEFINITIONAL_REPRESENTATION('',(#6973),#6977);
#6973 = LINE('',#6974,#6975);
#6974 = CARTESIAN_POINT('',(0.,65.322966864649));
#6975 = VECTOR('',#6976,1.);
#6976 = DIRECTION('',(1.,0.));
#6977 = ( GEOMETRIC_REPRESENTATION_CONTEXT(2) 
PARAMETRIC_REPRESENTATION_CONTEXT() REPRESENTATION_CONTEXT('2D SPACE',''
  ) );
#6978 = PCURVE('',#6797,#6979);
#6979 = DEFINITIONAL_REPRESENTATION('',(#6980),#6984);
#6980 = LINE('',#6981,#6982);
#6981 = CARTESIAN_POINT('',(2.5,0.));
#6982 = VECTOR('',#6983,1.);
#6983 = DIRECTION('',(0.,1.));
#6984 = ( GEOMETRIC_REPRESENTATION_CONTEXT(2) 
PARAMETRIC_REPRESENTATION_CONTEXT() REPRESENTATION_CONTEXT('2D SPACE',''
  ) );
#6985 = ADVANCED_FACE('',(#6986),#6797,.T.);
#6986 = FACE_BOUND('',#6987,.T.);
#6987 = EDGE_LOOP('',(#6988,#7011,#7012,#7013,#7036));
#6988 = ORIENTED_EDGE('',*,*,#6989,.F.);
#6989 = EDGE_CURVE('',#6754,#6990,#6992,.T.);
#6990 = VERTEX_POINT('',#6991);
#6991 = CARTESIAN_POINT('',(-1.883745397868,95.011483432324,41.5));
#6992 = SURFACE_CURVE('',#6993,(#6997,#7004),.PCURVE_S1.);
#6993 = LINE('',#6994,#6995);
#6994 = CARTESIAN_POINT('',(-3.638842682889,95.011483432324,
    41.744140271487));
#6995 = VECTOR('',#6996,1.);
#6996 = DIRECTION('',(0.990463279692,0.,-0.137776963172));
#6997 = PCURVE('',#6797,#6998);
#6998 = DEFINITIONAL_REPRESENTATION('',(#6999),#7003);
#6999 = LINE('',#7000,#7001);
#7000 = CARTESIAN_POINT('',(0.,0.));
#7001 = VECTOR('',#7002,1.);
#7002 = DIRECTION('',(0.,1.));
#7003 = ( GEOMETRIC_REPRESENTATION_CONTEXT(2) 
PARAMETRIC_REPRESENTATION_CONTEXT() REPRESENTATION_CONTEXT('2D SPACE',''
  ) );
#7004 = PCURVE('',#6769,#7005);
#7005 = DEFINITIONAL_REPRESENTATION('',(#7006),#7010);
#7006 = LINE('',#7007,#7008);
#7007 = CARTESIAN_POINT('',(0.,65.322966864649));
#7008 = VECTOR('',#7009,1.);
#7009 = DIRECTION('',(1.,0.));
#7010 = ( GEOMETRIC_REPRESENTATION_CONTEXT(2) 
PARAMETRIC_REPRESENTATION_CONTEXT() REPRESENTATION_CONTEXT('2D SPACE',''
  ) );
#7011 = ORIENTED_EDGE('',*,*,#6781,.T.);
#7012 = ORIENTED_EDGE('',*,*,#6965,.T.);
#7013 = ORIENTED_EDGE('',*,*,#7014,.F.);
#7014 = EDGE_CURVE('',#7015,#6943,#7017,.T.);
#7015 = VERTEX_POINT('',#7016);
#7016 = CARTESIAN_POINT('',(3.394596352802,95.011483432324,41.5));
#7017 = SURFACE_CURVE('',#7018,(#7022,#7029),.PCURVE_S1.);
#7018 = LINE('',#7019,#7020);
#7019 = CARTESIAN_POINT('',(3.294400274958,95.011483432324,
    40.779701529282));
#7020 = VECTOR('',#7021,1.);
#7021 = DIRECTION('',(0.137776963172,0.,0.990463279692));
#7022 = PCURVE('',#6797,#7023);
#7023 = DEFINITIONAL_REPRESENTATION('',(#7024),#7028);
#7024 = LINE('',#7025,#7026);
#7025 = CARTESIAN_POINT('',(0.,7.));
#7026 = VECTOR('',#7027,1.);
#7027 = DIRECTION('',(1.,0.));
#7028 = ( GEOMETRIC_REPRESENTATION_CONTEXT(2) 
PARAMETRIC_REPRESENTATION_CONTEXT() REPRESENTATION_CONTEXT('2D SPACE',''
  ) );
#7029 = PCURVE('',#6901,#7030);
#7030 = DEFINITIONAL_REPRESENTATION('',(#7031),#7035);
#7031 = LINE('',#7032,#7033);
#7032 = CARTESIAN_POINT('',(0.,-65.32296686464));
#7033 = VECTOR('',#7034,1.);
#7034 = DIRECTION('',(1.,0.));
#7035 = ( GEOMETRIC_REPRESENTATION_CONTEXT(2) 
PARAMETRIC_REPRESENTATION_CONTEXT() REPRESENTATION_CONTEXT('2D SPACE',''
  ) );
#7036 = ORIENTED_EDGE('',*,*,#7037,.F.);
#7037 = EDGE_CURVE('',#6990,#7015,#7038,.T.);
#7038 = SURFACE_CURVE('',#7039,(#7043,#7049),.PCURVE_S1.);
#7039 = LINE('',#7040,#7041);
#7040 = CARTESIAN_POINT('',(-1.819421341444,95.011483432324,41.5));
#7041 = VECTOR('',#7042,1.);
#7042 = DIRECTION('',(1.,0.,0.));
#7043 = PCURVE('',#6797,#7044);
#7044 = DEFINITIONAL_REPRESENTATION('',(#7045),#7048);
#7045 = B_SPLINE_CURVE_WITH_KNOTS('',1,(#7046,#7047),.UNSPECIFIED.,.F.,
  .F.,(2,2),(-6.432405642359E-02,5.214017694246),
  .PIECEWISE_BEZIER_KNOTS.);
#7046 = CARTESIAN_POINT('',(1.908195823574E-17,1.771996318294));
#7047 = CARTESIAN_POINT('',(0.727233896992,7.));
#7048 = ( GEOMETRIC_REPRESENTATION_CONTEXT(2) 
PARAMETRIC_REPRESENTATION_CONTEXT() REPRESENTATION_CONTEXT('2D SPACE',''
  ) );
#7049 = PCURVE('',#7050,#7055);
#7050 = PLANE('',#7051);
#7051 = AXIS2_PLACEMENT_3D('',#7052,#7053,#7054);
#7052 = CARTESIAN_POINT('',(0.,94.7,41.5));
#7053 = DIRECTION('',(0.,0.,1.));
#7054 = DIRECTION('',(2.22044604925E-16,1.,0.));
#7055 = DEFINITIONAL_REPRESENTATION('',(#7056),#7059);
#7056 = B_SPLINE_CURVE_WITH_KNOTS('',1,(#7057,#7058),.UNSPECIFIED.,.F.,
  .F.,(2,2),(-6.432405642359E-02,5.214017694246),
  .PIECEWISE_BEZIER_KNOTS.);
#7057 = CARTESIAN_POINT('',(0.311483432324,1.883745397868));
#7058 = CARTESIAN_POINT('',(0.311483432324,-3.394596352802));
#7059 = ( GEOMETRIC_REPRESENTATION_CONTEXT(2) 
PARAMETRIC_REPRESENTATION_CONTEXT() REPRESENTATION_CONTEXT('2D SPACE',''
  ) );
#7060 = ADVANCED_FACE('',(#7061),#6769,.F.);
#7061 = FACE_BOUND('',#7062,.F.);
#7062 = EDGE_LOOP('',(#7063,#7064,#7065,#7066,#7087,#7119,#7142,#7174));
#7063 = ORIENTED_EDGE('',*,*,#6989,.F.);
#7064 = ORIENTED_EDGE('',*,*,#6753,.F.);
#7065 = ORIENTED_EDGE('',*,*,#6838,.T.);
#7066 = ORIENTED_EDGE('',*,*,#7067,.F.);
#7067 = EDGE_CURVE('',#7068,#6839,#7070,.T.);
#7068 = VERTEX_POINT('',#7069);
#7069 = CARTESIAN_POINT('',(-1.883745397868,31.193172382366,41.5));
#7070 = SURFACE_CURVE('',#7071,(#7075,#7081),.PCURVE_S1.);
#7071 = LINE('',#7072,#7073);
#7072 = CARTESIAN_POINT('',(-1.883745397868,14.844258283838,41.5));
#7073 = VECTOR('',#7074,1.);
#7074 = DIRECTION('',(0.,-1.,0.));
#7075 = PCURVE('',#6769,#7076);
#7076 = DEFINITIONAL_REPRESENTATION('',(#7077),#7080);
#7077 = B_SPLINE_CURVE_WITH_KNOTS('',1,(#7078,#7079),.UNSPECIFIED.,.F.,
  .F.,(2,2),(-16.40574171616,-14.84425828383),.PIECEWISE_BEZIER_KNOTS.);
#7078 = CARTESIAN_POINT('',(1.771996318294,1.561483432324));
#7079 = CARTESIAN_POINT('',(1.771996318294,0.));
#7080 = ( GEOMETRIC_REPRESENTATION_CONTEXT(2) 
PARAMETRIC_REPRESENTATION_CONTEXT() REPRESENTATION_CONTEXT('2D SPACE',''
  ) );
#7081 = PCURVE('',#6926,#7082);
#7082 = DEFINITIONAL_REPRESENTATION('',(#7083),#7086);
#7083 = B_SPLINE_CURVE_WITH_KNOTS('',1,(#7084,#7085),.UNSPECIFIED.,.F.,
  .F.,(2,2),(-16.40574171616,-14.84425828383),.PIECEWISE_BEZIER_KNOTS.);
#7084 = CARTESIAN_POINT('',(-1.883745397868,31.25));
#7085 = CARTESIAN_POINT('',(-1.883745397868,29.688516567676));
#7086 = ( GEOMETRIC_REPRESENTATION_CONTEXT(2) 
PARAMETRIC_REPRESENTATION_CONTEXT() REPRESENTATION_CONTEXT('2D SPACE',''
  ) );
#7087 = ORIENTED_EDGE('',*,*,#7088,.F.);
#7088 = EDGE_CURVE('',#7089,#7068,#7091,.T.);
#7089 = VERTEX_POINT('',#7090);
#7090 = CARTESIAN_POINT('',(3.294400274958,31.075865664988,
    40.779701529282));
#7091 = SURFACE_CURVE('',#7092,(#7097,#7104),.PCURVE_S1.);
#7092 = ELLIPSE('',#7093,31.550892032771,31.25);
#7093 = AXIS2_PLACEMENT_3D('',#7094,#7095,#7096);
#7094 = CARTESIAN_POINT('',(0.,0.,41.237964318689));
#7095 = DIRECTION('',(0.137776963172,0.,0.990463279692));
#7096 = DIRECTION('',(-0.990463279692,0.,0.137776963172));
#7097 = PCURVE('',#6769,#7098);
#7098 = DEFINITIONAL_REPRESENTATION('',(#7099),#7103);
#7099 = ELLIPSE('',#7100,31.550892032771,31.25);
#7100 = AXIS2_PLACEMENT_2D('',#7101,#7102);
#7101 = CARTESIAN_POINT('',(3.673879443586,-29.68851656767));
#7102 = DIRECTION('',(-1.,0.));
#7103 = ( GEOMETRIC_REPRESENTATION_CONTEXT(2) 
PARAMETRIC_REPRESENTATION_CONTEXT() REPRESENTATION_CONTEXT('2D SPACE',''
  ) );
#7104 = PCURVE('',#7105,#7110);
#7105 = CYLINDRICAL_SURFACE('',#7106,31.25);
#7106 = AXIS2_PLACEMENT_3D('',#7107,#7108,#7109);
#7107 = CARTESIAN_POINT('',(0.,0.,34.5));
#7108 = DIRECTION('',(0.,0.,1.));
#7109 = DIRECTION('',(1.,0.,0.));
#7110 = DEFINITIONAL_REPRESENTATION('',(#7111),#7118);
#7111 = B_SPLINE_CURVE_WITH_KNOTS('',5,(#7112,#7113,#7114,#7115,#7116,
    #7117),.UNSPECIFIED.,.F.,.F.,(6,6),(4.584432914299,4.772705952139),
  .PIECEWISE_BEZIER_KNOTS.);
#7112 = CARTESIAN_POINT('',(1.44284026071,6.183257655062));
#7113 = CARTESIAN_POINT('',(1.480494868278,6.345603558181));
#7114 = CARTESIAN_POINT('',(1.518149475846,6.508932588094));
#7115 = CARTESIAN_POINT('',(1.555804083414,6.67276519401));
#7116 = CARTESIAN_POINT('',(1.593458690982,6.836616006945));
#7117 = CARTESIAN_POINT('',(1.63111329855,7.0000024));
#7118 = ( GEOMETRIC_REPRESENTATION_CONTEXT(2) 
PARAMETRIC_REPRESENTATION_CONTEXT() REPRESENTATION_CONTEXT('2D SPACE',''
  ) );
#7119 = ORIENTED_EDGE('',*,*,#7120,.T.);
#7120 = EDGE_CURVE('',#7089,#7121,#7123,.T.);
#7121 = VERTEX_POINT('',#7122);
#7122 = CARTESIAN_POINT('',(3.294400274958,84.993845930115,
    40.779701529282));
#7123 = SURFACE_CURVE('',#7124,(#7128,#7135),.PCURVE_S1.);
#7124 = LINE('',#7125,#7126);
#7125 = CARTESIAN_POINT('',(3.294400274958,29.688516567676,
    40.779701529282));
#7126 = VECTOR('',#7127,1.);
#7127 = DIRECTION('',(0.,1.,0.));
#7128 = PCURVE('',#6769,#7129);
#7129 = DEFINITIONAL_REPRESENTATION('',(#7130),#7134);
#7130 = LINE('',#7131,#7132);
#7131 = CARTESIAN_POINT('',(7.,0.));
#7132 = VECTOR('',#7133,1.);
#7133 = DIRECTION('',(0.,1.));
#7134 = ( GEOMETRIC_REPRESENTATION_CONTEXT(2) 
PARAMETRIC_REPRESENTATION_CONTEXT() REPRESENTATION_CONTEXT('2D SPACE',''
  ) );
#7135 = PCURVE('',#6901,#7136);
#7136 = DEFINITIONAL_REPRESENTATION('',(#7137),#7141);
#7137 = LINE('',#7138,#7139);
#7138 = CARTESIAN_POINT('',(0.,0.));
#7139 = VECTOR('',#7140,1.);
#7140 = DIRECTION('',(0.,-1.));
#7141 = ( GEOMETRIC_REPRESENTATION_CONTEXT(2) 
PARAMETRIC_REPRESENTATION_CONTEXT() REPRESENTATION_CONTEXT('2D SPACE',''
  ) );
#7142 = ORIENTED_EDGE('',*,*,#7143,.F.);
#7143 = EDGE_CURVE('',#7144,#7121,#7146,.T.);
#7144 = VERTEX_POINT('',#7145);
#7145 = CARTESIAN_POINT('',(-1.883745397868,84.624584213244,41.5));
#7146 = SURFACE_CURVE('',#7147,(#7152,#7159),.PCURVE_S1.);
#7147 = ELLIPSE('',#7148,10.348692586749,10.25);
#7148 = AXIS2_PLACEMENT_3D('',#7149,#7150,#7151);
#7149 = CARTESIAN_POINT('',(0.,94.7,41.237964318689));
#7150 = DIRECTION('',(0.137776963172,0.,0.990463279692));
#7151 = DIRECTION('',(-0.990463279692,0.,0.137776963172));
#7152 = PCURVE('',#6769,#7153);
#7153 = DEFINITIONAL_REPRESENTATION('',(#7154),#7158);
#7154 = ELLIPSE('',#7155,10.348692586749,10.25);
#7155 = AXIS2_PLACEMENT_2D('',#7156,#7157);
#7156 = CARTESIAN_POINT('',(3.673879443586,65.011483432324));
#7157 = DIRECTION('',(-1.,0.));
#7158 = ( GEOMETRIC_REPRESENTATION_CONTEXT(2) 
PARAMETRIC_REPRESENTATION_CONTEXT() REPRESENTATION_CONTEXT('2D SPACE',''
  ) );
#7159 = PCURVE('',#7160,#7165);
#7160 = CYLINDRICAL_SURFACE('',#7161,10.25);
#7161 = AXIS2_PLACEMENT_3D('',#7162,#7163,#7164);
#7162 = CARTESIAN_POINT('',(0.,94.7,34.5));
#7163 = DIRECTION('',(0.,0.,1.));
#7164 = DIRECTION('',(2.22044604925E-16,1.,0.));
#7165 = DEFINITIONAL_REPRESENTATION('',(#7166),#7173);
#7166 = B_SPLINE_CURVE_WITH_KNOTS('',5,(#7167,#7168,#7169,#7170,#7171,
    #7172),.UNSPECIFIED.,.F.,.F.,(6,6),(1.385963996748,1.970392432836),
  .PIECEWISE_BEZIER_KNOTS.);
#7167 = CARTESIAN_POINT('',(2.956760323543,7.0000024));
#7168 = CARTESIAN_POINT('',(3.07364601076,6.836184104935));
#7169 = CARTESIAN_POINT('',(3.190531697978,6.667890640052));
#7170 = CARTESIAN_POINT('',(3.307417385196,6.499785431923));
#7171 = CARTESIAN_POINT('',(3.424303072413,6.336785070717));
#7172 = CARTESIAN_POINT('',(3.541188759631,6.183257655062));
#7173 = ( GEOMETRIC_REPRESENTATION_CONTEXT(2) 
PARAMETRIC_REPRESENTATION_CONTEXT() REPRESENTATION_CONTEXT('2D SPACE',''
  ) );
#7174 = ORIENTED_EDGE('',*,*,#7175,.F.);
#7175 = EDGE_CURVE('',#6990,#7144,#7176,.T.);
#7176 = SURFACE_CURVE('',#7177,(#7181,#7187),.PCURVE_S1.);
#7177 = LINE('',#7178,#7179);
#7178 = CARTESIAN_POINT('',(-1.883745397868,62.194258283838,41.5));
#7179 = VECTOR('',#7180,1.);
#7180 = DIRECTION('',(0.,-1.,0.));
#7181 = PCURVE('',#6769,#7182);
#7182 = DEFINITIONAL_REPRESENTATION('',(#7183),#7186);
#7183 = B_SPLINE_CURVE_WITH_KNOTS('',1,(#7184,#7185),.UNSPECIFIED.,.F.,
  .F.,(2,2),(-32.81722514848,-22.25574171616),.PIECEWISE_BEZIER_KNOTS.);
#7184 = CARTESIAN_POINT('',(1.771996318294,65.322966864649));
#7185 = CARTESIAN_POINT('',(1.771996318294,54.761483432324));
#7186 = ( GEOMETRIC_REPRESENTATION_CONTEXT(2) 
PARAMETRIC_REPRESENTATION_CONTEXT() REPRESENTATION_CONTEXT('2D SPACE',''
  ) );
#7187 = PCURVE('',#7050,#7188);
#7188 = DEFINITIONAL_REPRESENTATION('',(#7189),#7192);
#7189 = B_SPLINE_CURVE_WITH_KNOTS('',1,(#7190,#7191),.UNSPECIFIED.,.F.,
  .F.,(2,2),(-32.81722514848,-22.25574171616),.PIECEWISE_BEZIER_KNOTS.);
#7190 = CARTESIAN_POINT('',(0.311483432324,1.883745397868));
#7191 = CARTESIAN_POINT('',(-10.25,1.883745397868));
#7192 = ( GEOMETRIC_REPRESENTATION_CONTEXT(2) 
PARAMETRIC_REPRESENTATION_CONTEXT() REPRESENTATION_CONTEXT('2D SPACE',''
  ) );
#7193 = ADVANCED_FACE('',(#7194),#6926,.T.);
#7194 = FACE_BOUND('',#7195,.T.);
#7195 = EDGE_LOOP('',(#7196,#7220,#7244,#7263,#7264));
#7196 = ORIENTED_EDGE('',*,*,#7197,.T.);
#7197 = EDGE_CURVE('',#7068,#7198,#7200,.T.);
#7198 = VERTEX_POINT('',#7199);
#7199 = CARTESIAN_POINT('',(31.25,-7.654042494671E-15,41.5));
#7200 = SURFACE_CURVE('',#7201,(#7206,#7213),.PCURVE_S1.);
#7201 = CIRCLE('',#7202,31.25);
#7202 = AXIS2_PLACEMENT_3D('',#7203,#7204,#7205);
#7203 = CARTESIAN_POINT('',(0.,0.,41.5));
#7204 = DIRECTION('',(0.,0.,1.));
#7205 = DIRECTION('',(1.,0.,0.));
#7206 = PCURVE('',#6926,#7207);
#7207 = DEFINITIONAL_REPRESENTATION('',(#7208),#7212);
#7208 = CIRCLE('',#7209,31.25);
#7209 = AXIS2_PLACEMENT_2D('',#7210,#7211);
#7210 = CARTESIAN_POINT('',(0.,0.));
#7211 = DIRECTION('',(1.,0.));
#7212 = ( GEOMETRIC_REPRESENTATION_CONTEXT(2) 
PARAMETRIC_REPRESENTATION_CONTEXT() REPRESENTATION_CONTEXT('2D SPACE',''
  ) );
#7213 = PCURVE('',#7105,#7214);
#7214 = DEFINITIONAL_REPRESENTATION('',(#7215),#7219);
#7215 = LINE('',#7216,#7217);
#7216 = CARTESIAN_POINT('',(0.,7.));
#7217 = VECTOR('',#7218,1.);
#7218 = DIRECTION('',(1.,0.));
#7219 = ( GEOMETRIC_REPRESENTATION_CONTEXT(2) 
PARAMETRIC_REPRESENTATION_CONTEXT() REPRESENTATION_CONTEXT('2D SPACE',''
  ) );
#7220 = ORIENTED_EDGE('',*,*,#7221,.T.);
#7221 = EDGE_CURVE('',#7198,#7222,#7224,.T.);
#7222 = VERTEX_POINT('',#7223);
#7223 = CARTESIAN_POINT('',(3.394596352802,31.065080325046,41.5));
#7224 = SURFACE_CURVE('',#7225,(#7230,#7237),.PCURVE_S1.);
#7225 = CIRCLE('',#7226,31.25);
#7226 = AXIS2_PLACEMENT_3D('',#7227,#7228,#7229);
#7227 = CARTESIAN_POINT('',(0.,0.,41.5));
#7228 = DIRECTION('',(0.,0.,1.));
#7229 = DIRECTION('',(1.,0.,0.));
#7230 = PCURVE('',#6926,#7231);
#7231 = DEFINITIONAL_REPRESENTATION('',(#7232),#7236);
#7232 = CIRCLE('',#7233,31.25);
#7233 = AXIS2_PLACEMENT_2D('',#7234,#7235);
#7234 = CARTESIAN_POINT('',(0.,0.));
#7235 = DIRECTION('',(1.,0.));
#7236 = ( GEOMETRIC_REPRESENTATION_CONTEXT(2) 
PARAMETRIC_REPRESENTATION_CONTEXT() REPRESENTATION_CONTEXT('2D SPACE',''
  ) );
#7237 = PCURVE('',#7105,#7238);
#7238 = DEFINITIONAL_REPRESENTATION('',(#7239),#7243);
#7239 = LINE('',#7240,#7241);
#7240 = CARTESIAN_POINT('',(0.,7.));
#7241 = VECTOR('',#7242,1.);
#7242 = DIRECTION('',(1.,0.));
#7243 = ( GEOMETRIC_REPRESENTATION_CONTEXT(2) 
PARAMETRIC_REPRESENTATION_CONTEXT() REPRESENTATION_CONTEXT('2D SPACE',''
  ) );
#7244 = ORIENTED_EDGE('',*,*,#7245,.T.);
#7245 = EDGE_CURVE('',#7222,#6886,#7246,.T.);
#7246 = SURFACE_CURVE('',#7247,(#7251,#7257),.PCURVE_S1.);
#7247 = LINE('',#7248,#7249);
#7248 = CARTESIAN_POINT('',(3.394596352802,14.844258283838,41.5));
#7249 = VECTOR('',#7250,1.);
#7250 = DIRECTION('',(0.,-1.,0.));
#7251 = PCURVE('',#6926,#7252);
#7252 = DEFINITIONAL_REPRESENTATION('',(#7253),#7256);
#7253 = B_SPLINE_CURVE_WITH_KNOTS('',1,(#7254,#7255),.UNSPECIFIED.,.F.,
  .F.,(2,2),(-16.40574171616,-14.84425828383),.PIECEWISE_BEZIER_KNOTS.);
#7254 = CARTESIAN_POINT('',(3.394596352802,31.25));
#7255 = CARTESIAN_POINT('',(3.394596352802,29.688516567676));
#7256 = ( GEOMETRIC_REPRESENTATION_CONTEXT(2) 
PARAMETRIC_REPRESENTATION_CONTEXT() REPRESENTATION_CONTEXT('2D SPACE',''
  ) );
#7257 = PCURVE('',#6901,#7258);
#7258 = DEFINITIONAL_REPRESENTATION('',(#7259),#7262);
#7259 = B_SPLINE_CURVE_WITH_KNOTS('',1,(#7260,#7261),.UNSPECIFIED.,.F.,
  .F.,(2,2),(-16.40574171616,-14.84425828383),.PIECEWISE_BEZIER_KNOTS.);
#7260 = CARTESIAN_POINT('',(0.727233896992,-1.561483432324));
#7261 = CARTESIAN_POINT('',(0.727233896992,0.));
#7262 = ( GEOMETRIC_REPRESENTATION_CONTEXT(2) 
PARAMETRIC_REPRESENTATION_CONTEXT() REPRESENTATION_CONTEXT('2D SPACE',''
  ) );
#7263 = ORIENTED_EDGE('',*,*,#6913,.F.);
#7264 = ORIENTED_EDGE('',*,*,#7067,.F.);
#7265 = ADVANCED_FACE('',(#7266),#6901,.T.);
#7266 = FACE_BOUND('',#7267,.T.);
#7267 = EDGE_LOOP('',(#7268,#7269,#7270,#7295,#7296,#7323,#7342,#7343));
#7268 = ORIENTED_EDGE('',*,*,#6885,.F.);
#7269 = ORIENTED_EDGE('',*,*,#7245,.F.);
#7270 = ORIENTED_EDGE('',*,*,#7271,.F.);
#7271 = EDGE_CURVE('',#7089,#7222,#7272,.T.);
#7272 = SURFACE_CURVE('',#7273,(#7278,#7285),.PCURVE_S1.);
#7273 = ELLIPSE('',#7274,226.81585716891,31.25);
#7274 = AXIS2_PLACEMENT_3D('',#7275,#7276,#7277);
#7275 = CARTESIAN_POINT('',(0.,0.,17.096623997081));
#7276 = DIRECTION('',(0.990463279692,0.,-0.137776963172));
#7277 = DIRECTION('',(0.137776963172,0.,0.990463279692));
#7278 = PCURVE('',#6901,#7279);
#7279 = DEFINITIONAL_REPRESENTATION('',(#7280),#7284);
#7280 = ELLIPSE('',#7281,226.81585716891,31.25);
#7281 = AXIS2_PLACEMENT_2D('',#7282,#7283);
#7282 = CARTESIAN_POINT('',(-23.91111111111,29.688516567676));
#7283 = DIRECTION('',(1.,0.));
#7284 = ( GEOMETRIC_REPRESENTATION_CONTEXT(2) 
PARAMETRIC_REPRESENTATION_CONTEXT() REPRESENTATION_CONTEXT('2D SPACE',''
  ) );
#7285 = PCURVE('',#7105,#7286);
#7286 = DEFINITIONAL_REPRESENTATION('',(#7287),#7294);
#7287 = B_SPLINE_CURVE_WITH_KNOTS('',5,(#7288,#7289,#7290,#7291,#7292,
    #7293),.UNSPECIFIED.,.F.,.F.,(6,6),(4.816897711645,4.821230847241),
  .PIECEWISE_BEZIER_KNOTS.);
#7288 = CARTESIAN_POINT('',(1.466287595535,6.032085709359));
#7289 = CARTESIAN_POINT('',(1.465420968415,6.22571365592));
#7290 = CARTESIAN_POINT('',(1.464554341296,6.419319601193));
#7291 = CARTESIAN_POINT('',(1.463687714177,6.612903242217));
#7292 = CARTESIAN_POINT('',(1.462821087058,6.806464276093));
#7293 = CARTESIAN_POINT('',(1.461954459939,7.0000024));
#7294 = ( GEOMETRIC_REPRESENTATION_CONTEXT(2) 
PARAMETRIC_REPRESENTATION_CONTEXT() REPRESENTATION_CONTEXT('2D SPACE',''
  ) );
#7295 = ORIENTED_EDGE('',*,*,#7120,.T.);
#7296 = ORIENTED_EDGE('',*,*,#7297,.F.);
#7297 = EDGE_CURVE('',#7298,#7121,#7300,.T.);
#7298 = VERTEX_POINT('',#7299);
#7299 = CARTESIAN_POINT('',(3.394596352802,85.02843261919,41.5));
#7300 = SURFACE_CURVE('',#7301,(#7306,#7313),.PCURVE_S1.);
#7301 = ELLIPSE('',#7302,74.395601151406,10.25);
#7302 = AXIS2_PLACEMENT_3D('',#7303,#7304,#7305);
#7303 = CARTESIAN_POINT('',(0.,94.7,17.096623997081));
#7304 = DIRECTION('',(0.990463279692,0.,-0.137776963172));
#7305 = DIRECTION('',(0.137776963172,0.,0.990463279692));
#7306 = PCURVE('',#6901,#7307);
#7307 = DEFINITIONAL_REPRESENTATION('',(#7308),#7312);
#7308 = ELLIPSE('',#7309,74.395601151406,10.25);
#7309 = AXIS2_PLACEMENT_2D('',#7310,#7311);
#7310 = CARTESIAN_POINT('',(-23.91111111111,-65.01148343232));
#7311 = DIRECTION('',(1.,0.));
#7312 = ( GEOMETRIC_REPRESENTATION_CONTEXT(2) 
PARAMETRIC_REPRESENTATION_CONTEXT() REPRESENTATION_CONTEXT('2D SPACE',''
  ) );
#7313 = PCURVE('',#7160,#7314);
#7314 = DEFINITIONAL_REPRESENTATION('',(#7315),#7322);
#7315 = B_SPLINE_CURVE_WITH_KNOTS('',5,(#7316,#7317,#7318,#7319,#7320,
    #7321),.UNSPECIFIED.,.F.,.F.,(6,6),(1.233242278431,1.247130163212),
  .PIECEWISE_BEZIER_KNOTS.);
#7316 = CARTESIAN_POINT('',(3.479146701954,7.0000024));
#7317 = CARTESIAN_POINT('',(3.476369124998,6.806883522572));
#7318 = CARTESIAN_POINT('',(3.473591548042,6.613529307084));
#7319 = CARTESIAN_POINT('',(3.470813971085,6.419942857494));
#7320 = CARTESIAN_POINT('',(3.468036394129,6.226127285323));
#7321 = CARTESIAN_POINT('',(3.465258817173,6.032085709359));
#7322 = ( GEOMETRIC_REPRESENTATION_CONTEXT(2) 
PARAMETRIC_REPRESENTATION_CONTEXT() REPRESENTATION_CONTEXT('2D SPACE',''
  ) );
#7323 = ORIENTED_EDGE('',*,*,#7324,.F.);
#7324 = EDGE_CURVE('',#7015,#7298,#7325,.T.);
#7325 = SURFACE_CURVE('',#7326,(#7330,#7336),.PCURVE_S1.);
#7326 = LINE('',#7327,#7328);
#7327 = CARTESIAN_POINT('',(3.394596352802,62.194258283838,41.5));
#7328 = VECTOR('',#7329,1.);
#7329 = DIRECTION('',(0.,-1.,0.));
#7330 = PCURVE('',#6901,#7331);
#7331 = DEFINITIONAL_REPRESENTATION('',(#7332),#7335);
#7332 = B_SPLINE_CURVE_WITH_KNOTS('',1,(#7333,#7334),.UNSPECIFIED.,.F.,
  .F.,(2,2),(-32.81722514848,-22.25574171616),.PIECEWISE_BEZIER_KNOTS.);
#7333 = CARTESIAN_POINT('',(0.727233896992,-65.32296686464));
#7334 = CARTESIAN_POINT('',(0.727233896992,-54.76148343232));
#7335 = ( GEOMETRIC_REPRESENTATION_CONTEXT(2) 
PARAMETRIC_REPRESENTATION_CONTEXT() REPRESENTATION_CONTEXT('2D SPACE',''
  ) );
#7336 = PCURVE('',#7050,#7337);
#7337 = DEFINITIONAL_REPRESENTATION('',(#7338),#7341);
#7338 = B_SPLINE_CURVE_WITH_KNOTS('',1,(#7339,#7340),.UNSPECIFIED.,.F.,
  .F.,(2,2),(-32.81722514848,-22.25574171616),.PIECEWISE_BEZIER_KNOTS.);
#7339 = CARTESIAN_POINT('',(0.311483432324,-3.394596352802));
#7340 = CARTESIAN_POINT('',(-10.25,-3.394596352802));
#7341 = ( GEOMETRIC_REPRESENTATION_CONTEXT(2) 
PARAMETRIC_REPRESENTATION_CONTEXT() REPRESENTATION_CONTEXT('2D SPACE',''
  ) );
#7342 = ORIENTED_EDGE('',*,*,#7014,.T.);
#7343 = ORIENTED_EDGE('',*,*,#6942,.F.);
#7344 = ADVANCED_FACE('',(#7345),#7050,.T.);
#7345 = FACE_BOUND('',#7346,.T.);
#7346 = EDGE_LOOP('',(#7347,#7371,#7393,#7394,#7395));
#7347 = ORIENTED_EDGE('',*,*,#7348,.T.);
#7348 = EDGE_CURVE('',#7298,#7349,#7351,.T.);
#7349 = VERTEX_POINT('',#7350);
#7350 = CARTESIAN_POINT('',(4.786483138734E-15,104.95,41.5));
#7351 = SURFACE_CURVE('',#7352,(#7357,#7364),.PCURVE_S1.);
#7352 = CIRCLE('',#7353,10.25);
#7353 = AXIS2_PLACEMENT_3D('',#7354,#7355,#7356);
#7354 = CARTESIAN_POINT('',(0.,94.7,41.5));
#7355 = DIRECTION('',(0.,-0.,1.));
#7356 = DIRECTION('',(2.22044604925E-16,1.,0.));
#7357 = PCURVE('',#7050,#7358);
#7358 = DEFINITIONAL_REPRESENTATION('',(#7359),#7363);
#7359 = CIRCLE('',#7360,10.25);
#7360 = AXIS2_PLACEMENT_2D('',#7361,#7362);
#7361 = CARTESIAN_POINT('',(0.,0.));
#7362 = DIRECTION('',(1.,0.));
#7363 = ( GEOMETRIC_REPRESENTATION_CONTEXT(2) 
PARAMETRIC_REPRESENTATION_CONTEXT() REPRESENTATION_CONTEXT('2D SPACE',''
  ) );
#7364 = PCURVE('',#7160,#7365);
#7365 = DEFINITIONAL_REPRESENTATION('',(#7366),#7370);
#7366 = LINE('',#7367,#7368);
#7367 = CARTESIAN_POINT('',(0.,7.));
#7368 = VECTOR('',#7369,1.);
#7369 = DIRECTION('',(1.,0.));
#7370 = ( GEOMETRIC_REPRESENTATION_CONTEXT(2) 
PARAMETRIC_REPRESENTATION_CONTEXT() REPRESENTATION_CONTEXT('2D SPACE',''
  ) );
#7371 = ORIENTED_EDGE('',*,*,#7372,.T.);
#7372 = EDGE_CURVE('',#7349,#7144,#7373,.T.);
#7373 = SURFACE_CURVE('',#7374,(#7379,#7386),.PCURVE_S1.);
#7374 = CIRCLE('',#7375,10.25);
#7375 = AXIS2_PLACEMENT_3D('',#7376,#7377,#7378);
#7376 = CARTESIAN_POINT('',(0.,94.7,41.5));
#7377 = DIRECTION('',(0.,-0.,1.));
#7378 = DIRECTION('',(2.22044604925E-16,1.,0.));
#7379 = PCURVE('',#7050,#7380);
#7380 = DEFINITIONAL_REPRESENTATION('',(#7381),#7385);
#7381 = CIRCLE('',#7382,10.25);
#7382 = AXIS2_PLACEMENT_2D('',#7383,#7384);
#7383 = CARTESIAN_POINT('',(0.,0.));
#7384 = DIRECTION('',(1.,0.));
#7385 = ( GEOMETRIC_REPRESENTATION_CONTEXT(2) 
PARAMETRIC_REPRESENTATION_CONTEXT() REPRESENTATION_CONTEXT('2D SPACE',''
  ) );
#7386 = PCURVE('',#7160,#7387);
#7387 = DEFINITIONAL_REPRESENTATION('',(#7388),#7392);
#7388 = LINE('',#7389,#7390);
#7389 = CARTESIAN_POINT('',(0.,7.));
#7390 = VECTOR('',#7391,1.);
#7391 = DIRECTION('',(1.,0.));
#7392 = ( GEOMETRIC_REPRESENTATION_CONTEXT(2) 
PARAMETRIC_REPRESENTATION_CONTEXT() REPRESENTATION_CONTEXT('2D SPACE',''
  ) );
#7393 = ORIENTED_EDGE('',*,*,#7175,.F.);
#7394 = ORIENTED_EDGE('',*,*,#7037,.T.);
#7395 = ORIENTED_EDGE('',*,*,#7324,.T.);
#7396 = ADVANCED_FACE('',(#7397),#7160,.T.);
#7397 = FACE_BOUND('',#7398,.T.);
#7398 = EDGE_LOOP('',(#7399,#7422,#7423,#7424,#7425,#7426,#7427,#7456,
    #7488,#7520));
#7399 = ORIENTED_EDGE('',*,*,#7400,.T.);
#7400 = EDGE_CURVE('',#7401,#7349,#7403,.T.);
#7401 = VERTEX_POINT('',#7402);
#7402 = CARTESIAN_POINT('',(4.786483138734E-15,104.95,34.5));
#7403 = SEAM_CURVE('',#7404,(#7408,#7415),.PCURVE_S1.);
#7404 = LINE('',#7405,#7406);
#7405 = CARTESIAN_POINT('',(4.786483138734E-15,104.95,34.5));
#7406 = VECTOR('',#7407,1.);
#7407 = DIRECTION('',(0.,0.,1.));
#7408 = PCURVE('',#7160,#7409);
#7409 = DEFINITIONAL_REPRESENTATION('',(#7410),#7414);
#7410 = LINE('',#7411,#7412);
#7411 = CARTESIAN_POINT('',(6.28318530718,-0.));
#7412 = VECTOR('',#7413,1.);
#7413 = DIRECTION('',(0.,1.));
#7414 = ( GEOMETRIC_REPRESENTATION_CONTEXT(2) 
PARAMETRIC_REPRESENTATION_CONTEXT() REPRESENTATION_CONTEXT('2D SPACE',''
  ) );
#7415 = PCURVE('',#7160,#7416);
#7416 = DEFINITIONAL_REPRESENTATION('',(#7417),#7421);
#7417 = LINE('',#7418,#7419);
#7418 = CARTESIAN_POINT('',(0.,-0.));
#7419 = VECTOR('',#7420,1.);
#7420 = DIRECTION('',(0.,1.));
#7421 = ( GEOMETRIC_REPRESENTATION_CONTEXT(2) 
PARAMETRIC_REPRESENTATION_CONTEXT() REPRESENTATION_CONTEXT('2D SPACE',''
  ) );
#7422 = ORIENTED_EDGE('',*,*,#7348,.F.);
#7423 = ORIENTED_EDGE('',*,*,#7297,.T.);
#7424 = ORIENTED_EDGE('',*,*,#7143,.F.);
#7425 = ORIENTED_EDGE('',*,*,#7372,.F.);
#7426 = ORIENTED_EDGE('',*,*,#7400,.F.);
#7427 = ORIENTED_EDGE('',*,*,#7428,.T.);
#7428 = EDGE_CURVE('',#7401,#7429,#7431,.T.);
#7429 = VERTEX_POINT('',#7430);
#7430 = CARTESIAN_POINT('',(-3.508938559281,85.069327635768,34.5));
#7431 = SURFACE_CURVE('',#7432,(#7437,#7444),.PCURVE_S1.);
#7432 = CIRCLE('',#7433,10.25);
#7433 = AXIS2_PLACEMENT_3D('',#7434,#7435,#7436);
#7434 = CARTESIAN_POINT('',(0.,94.7,34.5));
#7435 = DIRECTION('',(0.,-0.,1.));
#7436 = DIRECTION('',(2.22044604925E-16,1.,0.));
#7437 = PCURVE('',#7160,#7438);
#7438 = DEFINITIONAL_REPRESENTATION('',(#7439),#7443);
#7439 = LINE('',#7440,#7441);
#7440 = CARTESIAN_POINT('',(0.,0.));
#7441 = VECTOR('',#7442,1.);
#7442 = DIRECTION('',(1.,0.));
#7443 = ( GEOMETRIC_REPRESENTATION_CONTEXT(2) 
PARAMETRIC_REPRESENTATION_CONTEXT() REPRESENTATION_CONTEXT('2D SPACE',''
  ) );
#7444 = PCURVE('',#7445,#7450);
#7445 = PLANE('',#7446);
#7446 = AXIS2_PLACEMENT_3D('',#7447,#7448,#7449);
#7447 = CARTESIAN_POINT('',(0.,94.7,34.5));
#7448 = DIRECTION('',(0.,0.,1.));
#7449 = DIRECTION('',(2.22044604925E-16,1.,0.));
#7450 = DEFINITIONAL_REPRESENTATION('',(#7451),#7455);
#7451 = CIRCLE('',#7452,10.25);
#7452 = AXIS2_PLACEMENT_2D('',#7453,#7454);
#7453 = CARTESIAN_POINT('',(0.,0.));
#7454 = DIRECTION('',(1.,0.));
#7455 = ( GEOMETRIC_REPRESENTATION_CONTEXT(2) 
PARAMETRIC_REPRESENTATION_CONTEXT() REPRESENTATION_CONTEXT('2D SPACE',''
  ) );
#7456 = ORIENTED_EDGE('',*,*,#7457,.T.);
#7457 = EDGE_CURVE('',#7429,#7458,#7460,.T.);
#7458 = VERTEX_POINT('',#7459);
#7459 = CARTESIAN_POINT('',(3.400937289909,85.030660542203,
    34.998707960246));
#7460 = SURFACE_CURVE('',#7461,(#7466,#7476),.PCURVE_S1.);
#7461 = ELLIPSE('',#7462,10.27666131255,10.25);
#7462 = AXIS2_PLACEMENT_3D('',#7463,#7464,#7465);
#7463 = CARTESIAN_POINT('',(0.,94.7,34.753251379579));
#7464 = DIRECTION('',(-7.198597274032E-02,0.,0.997405644524));
#7465 = DIRECTION('',(0.997405644524,0.,7.198597274032E-02));
#7466 = PCURVE('',#7160,#7467);
#7467 = DEFINITIONAL_REPRESENTATION('',(#7468),#7475);
#7468 = B_SPLINE_CURVE_WITH_KNOTS('',5,(#7469,#7470,#7471,#7472,#7473,
    #7474),.UNSPECIFIED.,.F.,.F.,(6,6),(4.362984093841,5.12381228645),
  .PIECEWISE_BEZIER_KNOTS.);
#7469 = CARTESIAN_POINT('',(2.792187767047,-2.40000000673E-06));
#7470 = CARTESIAN_POINT('',(2.944353405568,0.105764240695));
#7471 = CARTESIAN_POINT('',(3.09651904409,0.218860748585));
#7472 = CARTESIAN_POINT('',(3.248684682612,0.334186056374));
#7473 = CARTESIAN_POINT('',(3.400850321133,0.445923282033));
#7474 = CARTESIAN_POINT('',(3.553015959655,0.549098141165));
#7475 = ( GEOMETRIC_REPRESENTATION_CONTEXT(2) 
PARAMETRIC_REPRESENTATION_CONTEXT() REPRESENTATION_CONTEXT('2D SPACE',''
  ) );
#7476 = PCURVE('',#7477,#7482);
#7477 = PLANE('',#7478);
#7478 = AXIS2_PLACEMENT_3D('',#7479,#7480,#7481);
#7479 = CARTESIAN_POINT('',(-3.58090222176,-30.16217881341,
    34.494806151064));
#7480 = DIRECTION('',(-7.198597274032E-02,0.,0.997405644524));
#7481 = DIRECTION('',(0.997405644524,0.,7.198597274032E-02));
#7482 = DEFINITIONAL_REPRESENTATION('',(#7483),#7487);
#7483 = ELLIPSE('',#7484,10.27666131255,10.25);
#7484 = AXIS2_PLACEMENT_2D('',#7485,#7486);
#7485 = CARTESIAN_POINT('',(3.590216519647,124.86217881341));
#7486 = DIRECTION('',(1.,0.));
#7487 = ( GEOMETRIC_REPRESENTATION_CONTEXT(2) 
PARAMETRIC_REPRESENTATION_CONTEXT() REPRESENTATION_CONTEXT('2D SPACE',''
  ) );
#7488 = ORIENTED_EDGE('',*,*,#7489,.T.);
#7489 = EDGE_CURVE('',#7458,#7490,#7492,.T.);
#7490 = VERTEX_POINT('',#7491);
#7491 = CARTESIAN_POINT('',(3.436930647104,85.043395641997,34.5));
#7492 = SURFACE_CURVE('',#7493,(#7498,#7508),.PCURVE_S1.);
#7493 = ELLIPSE('',#7494,142.38885174166,10.25);
#7494 = AXIS2_PLACEMENT_3D('',#7495,#7496,#7497);
#7495 = CARTESIAN_POINT('',(0.,94.7,82.120583521543));
#7496 = DIRECTION('',(0.997405644524,0.,7.198597274032E-02));
#7497 = DIRECTION('',(-7.198597274032E-02,0.,0.997405644524));
#7498 = PCURVE('',#7160,#7499);
#7499 = DEFINITIONAL_REPRESENTATION('',(#7500),#7507);
#7500 = B_SPLINE_CURVE_WITH_KNOTS('',5,(#7501,#7502,#7503,#7504,#7505,
    #7506),.UNSPECIFIED.,.F.,.F.,(6,6),(1.907145458908,1.912730930851),
  .PIECEWISE_BEZIER_KNOTS.);
#7501 = CARTESIAN_POINT('',(3.477941785703,0.748059371377));
#7502 = CARTESIAN_POINT('',(3.479058880092,0.598300008254));
#7503 = CARTESIAN_POINT('',(3.48017597448,0.448613760403));
#7504 = CARTESIAN_POINT('',(3.481293068869,0.299001017166));
#7505 = CARTESIAN_POINT('',(3.482410163258,0.149462167506));
#7506 = CARTESIAN_POINT('',(3.483527257646,-2.400000049363E-06));
#7507 = ( GEOMETRIC_REPRESENTATION_CONTEXT(2) 
PARAMETRIC_REPRESENTATION_CONTEXT() REPRESENTATION_CONTEXT('2D SPACE',''
  ) );
#7508 = PCURVE('',#7509,#7514);
#7509 = PLANE('',#7510);
#7510 = AXIS2_PLACEMENT_3D('',#7511,#7512,#7513);
#7511 = CARTESIAN_POINT('',(3.58090222176,-30.16217881341,
    32.505193848936));
#7512 = DIRECTION('',(0.997405644524,0.,7.198597274032E-02));
#7513 = DIRECTION('',(-7.198597274032E-02,0.,0.997405644524));
#7514 = DEFINITIONAL_REPRESENTATION('',(#7515),#7519);
#7515 = ELLIPSE('',#7516,142.38885174166,10.25);
#7516 = AXIS2_PLACEMENT_2D('',#7517,#7518);
#7517 = CARTESIAN_POINT('',(49.744444444444,-124.8621788134));
#7518 = DIRECTION('',(1.,0.));
#7519 = ( GEOMETRIC_REPRESENTATION_CONTEXT(2) 
PARAMETRIC_REPRESENTATION_CONTEXT() REPRESENTATION_CONTEXT('2D SPACE',''
  ) );
#7520 = ORIENTED_EDGE('',*,*,#7521,.T.);
#7521 = EDGE_CURVE('',#7490,#7401,#7522,.T.);
#7522 = SURFACE_CURVE('',#7523,(#7528,#7535),.PCURVE_S1.);
#7523 = CIRCLE('',#7524,10.25);
#7524 = AXIS2_PLACEMENT_3D('',#7525,#7526,#7527);
#7525 = CARTESIAN_POINT('',(0.,94.7,34.5));
#7526 = DIRECTION('',(0.,-0.,1.));
#7527 = DIRECTION('',(2.22044604925E-16,1.,0.));
#7528 = PCURVE('',#7160,#7529);
#7529 = DEFINITIONAL_REPRESENTATION('',(#7530),#7534);
#7530 = LINE('',#7531,#7532);
#7531 = CARTESIAN_POINT('',(0.,0.));
#7532 = VECTOR('',#7533,1.);
#7533 = DIRECTION('',(1.,0.));
#7534 = ( GEOMETRIC_REPRESENTATION_CONTEXT(2) 
PARAMETRIC_REPRESENTATION_CONTEXT() REPRESENTATION_CONTEXT('2D SPACE',''
  ) );
#7535 = PCURVE('',#7445,#7536);
#7536 = DEFINITIONAL_REPRESENTATION('',(#7537),#7541);
#7537 = CIRCLE('',#7538,10.25);
#7538 = AXIS2_PLACEMENT_2D('',#7539,#7540);
#7539 = CARTESIAN_POINT('',(0.,0.));
#7540 = DIRECTION('',(1.,0.));
#7541 = ( GEOMETRIC_REPRESENTATION_CONTEXT(2) 
PARAMETRIC_REPRESENTATION_CONTEXT() REPRESENTATION_CONTEXT('2D SPACE',''
  ) );
#7542 = ADVANCED_FACE('',(#7543),#7105,.T.);
#7543 = FACE_BOUND('',#7544,.T.);
#7544 = EDGE_LOOP('',(#7545,#7568,#7569,#7570,#7571,#7572,#7573,#7602,
    #7629,#7656));
#7545 = ORIENTED_EDGE('',*,*,#7546,.T.);
#7546 = EDGE_CURVE('',#7547,#7198,#7549,.T.);
#7547 = VERTEX_POINT('',#7548);
#7548 = CARTESIAN_POINT('',(31.25,-7.654042494671E-15,34.5));
#7549 = SEAM_CURVE('',#7550,(#7554,#7561),.PCURVE_S1.);
#7550 = LINE('',#7551,#7552);
#7551 = CARTESIAN_POINT('',(31.25,-7.654042494671E-15,34.5));
#7552 = VECTOR('',#7553,1.);
#7553 = DIRECTION('',(0.,0.,1.));
#7554 = PCURVE('',#7105,#7555);
#7555 = DEFINITIONAL_REPRESENTATION('',(#7556),#7560);
#7556 = LINE('',#7557,#7558);
#7557 = CARTESIAN_POINT('',(6.28318530718,-0.));
#7558 = VECTOR('',#7559,1.);
#7559 = DIRECTION('',(0.,1.));
#7560 = ( GEOMETRIC_REPRESENTATION_CONTEXT(2) 
PARAMETRIC_REPRESENTATION_CONTEXT() REPRESENTATION_CONTEXT('2D SPACE',''
  ) );
#7561 = PCURVE('',#7105,#7562);
#7562 = DEFINITIONAL_REPRESENTATION('',(#7563),#7567);
#7563 = LINE('',#7564,#7565);
#7564 = CARTESIAN_POINT('',(0.,-0.));
#7565 = VECTOR('',#7566,1.);
#7566 = DIRECTION('',(0.,1.));
#7567 = ( GEOMETRIC_REPRESENTATION_CONTEXT(2) 
PARAMETRIC_REPRESENTATION_CONTEXT() REPRESENTATION_CONTEXT('2D SPACE',''
  ) );
#7568 = ORIENTED_EDGE('',*,*,#7197,.F.);
#7569 = ORIENTED_EDGE('',*,*,#7088,.F.);
#7570 = ORIENTED_EDGE('',*,*,#7271,.T.);
#7571 = ORIENTED_EDGE('',*,*,#7221,.F.);
#7572 = ORIENTED_EDGE('',*,*,#7546,.F.);
#7573 = ORIENTED_EDGE('',*,*,#7574,.T.);
#7574 = EDGE_CURVE('',#7547,#7575,#7577,.T.);
#7575 = VERTEX_POINT('',#7576);
#7576 = CARTESIAN_POINT('',(3.436930647104,31.060425105381,34.5));
#7577 = SURFACE_CURVE('',#7578,(#7583,#7590),.PCURVE_S1.);
#7578 = CIRCLE('',#7579,31.25);
#7579 = AXIS2_PLACEMENT_3D('',#7580,#7581,#7582);
#7580 = CARTESIAN_POINT('',(0.,0.,34.5));
#7581 = DIRECTION('',(0.,0.,1.));
#7582 = DIRECTION('',(1.,0.,0.));
#7583 = PCURVE('',#7105,#7584);
#7584 = DEFINITIONAL_REPRESENTATION('',(#7585),#7589);
#7585 = LINE('',#7586,#7587);
#7586 = CARTESIAN_POINT('',(0.,0.));
#7587 = VECTOR('',#7588,1.);
#7588 = DIRECTION('',(1.,0.));
#7589 = ( GEOMETRIC_REPRESENTATION_CONTEXT(2) 
PARAMETRIC_REPRESENTATION_CONTEXT() REPRESENTATION_CONTEXT('2D SPACE',''
  ) );
#7590 = PCURVE('',#7591,#7596);
#7591 = PLANE('',#7592);
#7592 = AXIS2_PLACEMENT_3D('',#7593,#7594,#7595);
#7593 = CARTESIAN_POINT('',(0.,0.,34.5));
#7594 = DIRECTION('',(0.,0.,1.));
#7595 = DIRECTION('',(1.,0.,0.));
#7596 = DEFINITIONAL_REPRESENTATION('',(#7597),#7601);
#7597 = CIRCLE('',#7598,31.25);
#7598 = AXIS2_PLACEMENT_2D('',#7599,#7600);
#7599 = CARTESIAN_POINT('',(0.,0.));
#7600 = DIRECTION('',(1.,0.));
#7601 = ( GEOMETRIC_REPRESENTATION_CONTEXT(2) 
PARAMETRIC_REPRESENTATION_CONTEXT() REPRESENTATION_CONTEXT('2D SPACE',''
  ) );
#7602 = ORIENTED_EDGE('',*,*,#7603,.T.);
#7603 = EDGE_CURVE('',#7575,#7604,#7606,.T.);
#7604 = VERTEX_POINT('',#7605);
#7605 = CARTESIAN_POINT('',(3.400937289909,31.064386772478,
    34.998707960246));
#7606 = SURFACE_CURVE('',#7607,(#7612,#7622),.PCURVE_S1.);
#7607 = ELLIPSE('',#7608,434.11235287091,31.25);
#7608 = AXIS2_PLACEMENT_3D('',#7609,#7610,#7611);
#7609 = CARTESIAN_POINT('',(0.,0.,82.120583521543));
#7610 = DIRECTION('',(0.997405644524,0.,7.198597274032E-02));
#7611 = DIRECTION('',(-7.198597274032E-02,0.,0.997405644524));
#7612 = PCURVE('',#7105,#7613);
#7613 = DEFINITIONAL_REPRESENTATION('',(#7614),#7621);
#7614 = B_SPLINE_CURVE_WITH_KNOTS('',5,(#7615,#7616,#7617,#7618,#7619,
    #7620),.UNSPECIFIED.,.F.,.F.,(6,6),(4.602184255332,4.603922314595),
  .PIECEWISE_BEZIER_KNOTS.);
#7615 = CARTESIAN_POINT('',(1.460591601742,-2.400000241209E-06));
#7616 = CARTESIAN_POINT('',(1.460939213594,0.149595644133));
#7617 = CARTESIAN_POINT('',(1.461286825447,0.299200880998));
#7618 = CARTESIAN_POINT('',(1.4616344373,0.448813272938));
#7619 = CARTESIAN_POINT('',(1.461982049153,0.598432782286));
#7620 = CARTESIAN_POINT('',(1.462329661005,0.748059371377));
#7621 = ( GEOMETRIC_REPRESENTATION_CONTEXT(2) 
PARAMETRIC_REPRESENTATION_CONTEXT() REPRESENTATION_CONTEXT('2D SPACE',''
  ) );
#7622 = PCURVE('',#7509,#7623);
#7623 = DEFINITIONAL_REPRESENTATION('',(#7624),#7628);
#7624 = ELLIPSE('',#7625,434.11235287091,31.25);
#7625 = AXIS2_PLACEMENT_2D('',#7626,#7627);
#7626 = CARTESIAN_POINT('',(49.744444444444,-30.16217881341));
#7627 = DIRECTION('',(1.,0.));
#7628 = ( GEOMETRIC_REPRESENTATION_CONTEXT(2) 
PARAMETRIC_REPRESENTATION_CONTEXT() REPRESENTATION_CONTEXT('2D SPACE',''
  ) );
#7629 = ORIENTED_EDGE('',*,*,#7630,.T.);
#7630 = EDGE_CURVE('',#7604,#7631,#7633,.T.);
#7631 = VERTEX_POINT('',#7632);
#7632 = CARTESIAN_POINT('',(-3.508938559281,31.052372698188,34.5));
#7633 = SURFACE_CURVE('',#7634,(#7639,#7649),.PCURVE_S1.);
#7634 = ELLIPSE('',#7635,31.331284489481,31.25);
#7635 = AXIS2_PLACEMENT_3D('',#7636,#7637,#7638);
#7636 = CARTESIAN_POINT('',(0.,0.,34.753251379579));
#7637 = DIRECTION('',(-7.198597274032E-02,0.,0.997405644524));
#7638 = DIRECTION('',(0.997405644524,0.,7.198597274032E-02));
#7639 = PCURVE('',#7105,#7640);
#7640 = DEFINITIONAL_REPRESENTATION('',(#7641),#7648);
#7641 = B_SPLINE_CURVE_WITH_KNOTS('',5,(#7642,#7643,#7644,#7645,#7646,
    #7647),.UNSPECIFIED.,.F.,.F.,(6,6),(1.439245345821,1.683320733682),
  .PIECEWISE_BEZIER_KNOTS.);
#7642 = CARTESIAN_POINT('',(1.439245345821,0.549098141165));
#7643 = CARTESIAN_POINT('',(1.488060423393,0.439951268662));
#7644 = CARTESIAN_POINT('',(1.536875500966,0.329923175573));
#7645 = CARTESIAN_POINT('',(1.585690578538,0.219555707731));
#7646 = CARTESIAN_POINT('',(1.63450565611,0.109399478009));
#7647 = CARTESIAN_POINT('',(1.683320733682,-2.40000000673E-06));
#7648 = ( GEOMETRIC_REPRESENTATION_CONTEXT(2) 
PARAMETRIC_REPRESENTATION_CONTEXT() REPRESENTATION_CONTEXT('2D SPACE',''
  ) );
#7649 = PCURVE('',#7477,#7650);
#7650 = DEFINITIONAL_REPRESENTATION('',(#7651),#7655);
#7651 = ELLIPSE('',#7652,31.331284489481,31.25);
#7652 = AXIS2_PLACEMENT_2D('',#7653,#7654);
#7653 = CARTESIAN_POINT('',(3.590216519647,30.162178813412));
#7654 = DIRECTION('',(1.,0.));
#7655 = ( GEOMETRIC_REPRESENTATION_CONTEXT(2) 
PARAMETRIC_REPRESENTATION_CONTEXT() REPRESENTATION_CONTEXT('2D SPACE',''
  ) );
#7656 = ORIENTED_EDGE('',*,*,#7657,.T.);
#7657 = EDGE_CURVE('',#7631,#7547,#7658,.T.);
#7658 = SURFACE_CURVE('',#7659,(#7664,#7671),.PCURVE_S1.);
#7659 = CIRCLE('',#7660,31.25);
#7660 = AXIS2_PLACEMENT_3D('',#7661,#7662,#7663);
#7661 = CARTESIAN_POINT('',(0.,0.,34.5));
#7662 = DIRECTION('',(0.,0.,1.));
#7663 = DIRECTION('',(1.,0.,0.));
#7664 = PCURVE('',#7105,#7665);
#7665 = DEFINITIONAL_REPRESENTATION('',(#7666),#7670);
#7666 = LINE('',#7667,#7668);
#7667 = CARTESIAN_POINT('',(0.,0.));
#7668 = VECTOR('',#7669,1.);
#7669 = DIRECTION('',(1.,0.));
#7670 = ( GEOMETRIC_REPRESENTATION_CONTEXT(2) 
PARAMETRIC_REPRESENTATION_CONTEXT() REPRESENTATION_CONTEXT('2D SPACE',''
  ) );
#7671 = PCURVE('',#7591,#7672);
#7672 = DEFINITIONAL_REPRESENTATION('',(#7673),#7677);
#7673 = CIRCLE('',#7674,31.25);
#7674 = AXIS2_PLACEMENT_2D('',#7675,#7676);
#7675 = CARTESIAN_POINT('',(0.,0.));
#7676 = DIRECTION('',(1.,0.));
#7677 = ( GEOMETRIC_REPRESENTATION_CONTEXT(2) 
PARAMETRIC_REPRESENTATION_CONTEXT() REPRESENTATION_CONTEXT('2D SPACE',''
  ) );
#7678 = ADVANCED_FACE('',(#7679),#7445,.F.);
#7679 = FACE_BOUND('',#7680,.F.);
#7680 = EDGE_LOOP('',(#7681,#7682,#7683,#7704,#7730));
#7681 = ORIENTED_EDGE('',*,*,#7521,.T.);
#7682 = ORIENTED_EDGE('',*,*,#7428,.T.);
#7683 = ORIENTED_EDGE('',*,*,#7684,.T.);
#7684 = EDGE_CURVE('',#7429,#7685,#7687,.T.);
#7685 = VERTEX_POINT('',#7686);
#7686 = CARTESIAN_POINT('',(-3.508938559281,94.862178813412,34.5));
#7687 = SURFACE_CURVE('',#7688,(#7692,#7698),.PCURVE_S1.);
#7688 = LINE('',#7689,#7690);
#7689 = CARTESIAN_POINT('',(-3.508938559281,32.268910593294,34.5));
#7690 = VECTOR('',#7691,1.);
#7691 = DIRECTION('',(0.,1.,-0.));
#7692 = PCURVE('',#7445,#7693);
#7693 = DEFINITIONAL_REPRESENTATION('',(#7694),#7697);
#7694 = B_SPLINE_CURVE_WITH_KNOTS('',1,(#7695,#7696),.UNSPECIFIED.,.F.,
  .F.,(2,2),(52.181089406706,62.593268220118),.PIECEWISE_BEZIER_KNOTS.);
#7695 = CARTESIAN_POINT('',(-10.25,3.508938559281));
#7696 = CARTESIAN_POINT('',(0.162178813412,3.508938559281));
#7697 = ( GEOMETRIC_REPRESENTATION_CONTEXT(2) 
PARAMETRIC_REPRESENTATION_CONTEXT() REPRESENTATION_CONTEXT('2D SPACE',''
  ) );
#7698 = PCURVE('',#7477,#7699);
#7699 = DEFINITIONAL_REPRESENTATION('',(#7700),#7703);
#7700 = B_SPLINE_CURVE_WITH_KNOTS('',1,(#7701,#7702),.UNSPECIFIED.,.F.,
  .F.,(2,2),(52.181089406706,62.593268220118),.PIECEWISE_BEZIER_KNOTS.);
#7701 = CARTESIAN_POINT('',(7.215084742485E-02,114.61217881341));
#7702 = CARTESIAN_POINT('',(7.215084742485E-02,125.02435762682));
#7703 = ( GEOMETRIC_REPRESENTATION_CONTEXT(2) 
PARAMETRIC_REPRESENTATION_CONTEXT() REPRESENTATION_CONTEXT('2D SPACE',''
  ) );
#7704 = ORIENTED_EDGE('',*,*,#7705,.T.);
#7705 = EDGE_CURVE('',#7685,#7706,#7708,.T.);
#7706 = VERTEX_POINT('',#7707);
#7707 = CARTESIAN_POINT('',(3.436930647104,94.862178813412,34.5));
#7708 = SURFACE_CURVE('',#7709,(#7713,#7719),.PCURVE_S1.);
#7709 = LINE('',#7710,#7711);
#7710 = CARTESIAN_POINT('',(-1.700468644955,94.862178813412,34.5));
#7711 = VECTOR('',#7712,1.);
#7712 = DIRECTION('',(1.,0.,0.));
#7713 = PCURVE('',#7445,#7714);
#7714 = DEFINITIONAL_REPRESENTATION('',(#7715),#7718);
#7715 = B_SPLINE_CURVE_WITH_KNOTS('',1,(#7716,#7717),.UNSPECIFIED.,.F.,
  .F.,(2,2),(-1.808469914327,5.137399292059),.PIECEWISE_BEZIER_KNOTS.);
#7716 = CARTESIAN_POINT('',(0.162178813412,3.508938559281));
#7717 = CARTESIAN_POINT('',(0.162178813412,-3.436930647104));
#7718 = ( GEOMETRIC_REPRESENTATION_CONTEXT(2) 
PARAMETRIC_REPRESENTATION_CONTEXT() REPRESENTATION_CONTEXT('2D SPACE',''
  ) );
#7719 = PCURVE('',#7720,#7725);
#7720 = PLANE('',#7721);
#7721 = AXIS2_PLACEMENT_3D('',#7722,#7723,#7724);
#7722 = CARTESIAN_POINT('',(-3.400937289909,94.862178813412,
    32.001292039754));
#7723 = DIRECTION('',(0.,1.,0.));
#7724 = DIRECTION('',(-7.198597274032E-02,0.,0.997405644524));
#7725 = DEFINITIONAL_REPRESENTATION('',(#7726),#7729);
#7726 = B_SPLINE_CURVE_WITH_KNOTS('',1,(#7727,#7728),.UNSPECIFIED.,.F.,
  .F.,(2,2),(-1.808469914327,5.137399292059),.PIECEWISE_BEZIER_KNOTS.);
#7727 = CARTESIAN_POINT('',(2.5,7.215084742486E-02));
#7728 = CARTESIAN_POINT('',(1.999994848651,7.));
#7729 = ( GEOMETRIC_REPRESENTATION_CONTEXT(2) 
PARAMETRIC_REPRESENTATION_CONTEXT() REPRESENTATION_CONTEXT('2D SPACE',''
  ) );
#7730 = ORIENTED_EDGE('',*,*,#7731,.T.);
#7731 = EDGE_CURVE('',#7706,#7490,#7732,.T.);
#7732 = SURFACE_CURVE('',#7733,(#7737,#7743),.PCURVE_S1.);
#7733 = LINE('',#7734,#7735);
#7734 = CARTESIAN_POINT('',(3.436930647104,32.268910593294,34.5));
#7735 = VECTOR('',#7736,1.);
#7736 = DIRECTION('',(0.,-1.,0.));
#7737 = PCURVE('',#7445,#7738);
#7738 = DEFINITIONAL_REPRESENTATION('',(#7739),#7742);
#7739 = B_SPLINE_CURVE_WITH_KNOTS('',1,(#7740,#7741),.UNSPECIFIED.,.F.,
  .F.,(2,2),(-62.59326822011,-52.1810894067),.PIECEWISE_BEZIER_KNOTS.);
#7740 = CARTESIAN_POINT('',(0.162178813412,-3.436930647104));
#7741 = CARTESIAN_POINT('',(-10.25,-3.436930647104));
#7742 = ( GEOMETRIC_REPRESENTATION_CONTEXT(2) 
PARAMETRIC_REPRESENTATION_CONTEXT() REPRESENTATION_CONTEXT('2D SPACE',''
  ) );
#7743 = PCURVE('',#7509,#7744);
#7744 = DEFINITIONAL_REPRESENTATION('',(#7745),#7748);
#7745 = B_SPLINE_CURVE_WITH_KNOTS('',1,(#7746,#7747),.UNSPECIFIED.,.F.,
  .F.,(2,2),(-62.59326822011,-52.1810894067),.PIECEWISE_BEZIER_KNOTS.);
#7746 = CARTESIAN_POINT('',(1.999994848651,-125.0243576268));
#7747 = CARTESIAN_POINT('',(1.999994848651,-114.6121788134));
#7748 = ( GEOMETRIC_REPRESENTATION_CONTEXT(2) 
PARAMETRIC_REPRESENTATION_CONTEXT() REPRESENTATION_CONTEXT('2D SPACE',''
  ) );
#7749 = ADVANCED_FACE('',(#7750),#7509,.T.);
#7750 = FACE_BOUND('',#7751,.T.);
#7751 = EDGE_LOOP('',(#7752,#7782,#7810,#7831,#7832,#7833,#7854,#7855));
#7752 = ORIENTED_EDGE('',*,*,#7753,.F.);
#7753 = EDGE_CURVE('',#7754,#7756,#7758,.T.);
#7754 = VERTEX_POINT('',#7755);
#7755 = CARTESIAN_POINT('',(3.58090222176,-30.16217881341,
    32.505193848936));
#7756 = VERTEX_POINT('',#7757);
#7757 = CARTESIAN_POINT('',(3.436930647104,-30.16217881341,34.5));
#7758 = SURFACE_CURVE('',#7759,(#7763,#7770),.PCURVE_S1.);
#7759 = LINE('',#7760,#7761);
#7760 = CARTESIAN_POINT('',(3.58090222176,-30.16217881341,
    32.505193848936));
#7761 = VECTOR('',#7762,1.);
#7762 = DIRECTION('',(-7.198597274032E-02,0.,0.997405644524));
#7763 = PCURVE('',#7509,#7764);
#7764 = DEFINITIONAL_REPRESENTATION('',(#7765),#7769);
#7765 = LINE('',#7766,#7767);
#7766 = CARTESIAN_POINT('',(0.,0.));
#7767 = VECTOR('',#7768,1.);
#7768 = DIRECTION('',(1.,0.));
#7769 = ( GEOMETRIC_REPRESENTATION_CONTEXT(2) 
PARAMETRIC_REPRESENTATION_CONTEXT() REPRESENTATION_CONTEXT('2D SPACE',''
  ) );
#7770 = PCURVE('',#7771,#7776);
#7771 = PLANE('',#7772);
#7772 = AXIS2_PLACEMENT_3D('',#7773,#7774,#7775);
#7773 = CARTESIAN_POINT('',(-3.400937289909,-30.16217881341,
    32.001292039754));
#7774 = DIRECTION('',(0.,1.,0.));
#7775 = DIRECTION('',(-7.198597274032E-02,0.,0.997405644524));
#7776 = DEFINITIONAL_REPRESENTATION('',(#7777),#7781);
#7777 = LINE('',#7778,#7779);
#7778 = CARTESIAN_POINT('',(0.,7.));
#7779 = VECTOR('',#7780,1.);
#7780 = DIRECTION('',(1.,0.));
#7781 = ( GEOMETRIC_REPRESENTATION_CONTEXT(2) 
PARAMETRIC_REPRESENTATION_CONTEXT() REPRESENTATION_CONTEXT('2D SPACE',''
  ) );
#7782 = ORIENTED_EDGE('',*,*,#7783,.T.);
#7783 = EDGE_CURVE('',#7754,#7784,#7786,.T.);
#7784 = VERTEX_POINT('',#7785);
#7785 = CARTESIAN_POINT('',(3.58090222176,94.862178813412,
    32.505193848936));
#7786 = SURFACE_CURVE('',#7787,(#7791,#7798),.PCURVE_S1.);
#7787 = LINE('',#7788,#7789);
#7788 = CARTESIAN_POINT('',(3.58090222176,-30.16217881341,
    32.505193848936));
#7789 = VECTOR('',#7790,1.);
#7790 = DIRECTION('',(0.,1.,0.));
#7791 = PCURVE('',#7509,#7792);
#7792 = DEFINITIONAL_REPRESENTATION('',(#7793),#7797);
#7793 = LINE('',#7794,#7795);
#7794 = CARTESIAN_POINT('',(0.,0.));
#7795 = VECTOR('',#7796,1.);
#7796 = DIRECTION('',(0.,-1.));
#7797 = ( GEOMETRIC_REPRESENTATION_CONTEXT(2) 
PARAMETRIC_REPRESENTATION_CONTEXT() REPRESENTATION_CONTEXT('2D SPACE',''
  ) );
#7798 = PCURVE('',#7799,#7804);
#7799 = PLANE('',#7800);
#7800 = AXIS2_PLACEMENT_3D('',#7801,#7802,#7803);
#7801 = CARTESIAN_POINT('',(-3.400937289909,-30.16217881341,
    32.001292039754));
#7802 = DIRECTION('',(-7.198597274032E-02,0.,0.997405644524));
#7803 = DIRECTION('',(0.997405644524,0.,7.198597274032E-02));
#7804 = DEFINITIONAL_REPRESENTATION('',(#7805),#7809);
#7805 = LINE('',#7806,#7807);
#7806 = CARTESIAN_POINT('',(7.,0.));
#7807 = VECTOR('',#7808,1.);
#7808 = DIRECTION('',(0.,1.));
#7809 = ( GEOMETRIC_REPRESENTATION_CONTEXT(2) 
PARAMETRIC_REPRESENTATION_CONTEXT() REPRESENTATION_CONTEXT('2D SPACE',''
  ) );
#7810 = ORIENTED_EDGE('',*,*,#7811,.T.);
#7811 = EDGE_CURVE('',#7784,#7706,#7812,.T.);
#7812 = SURFACE_CURVE('',#7813,(#7817,#7824),.PCURVE_S1.);
#7813 = LINE('',#7814,#7815);
#7814 = CARTESIAN_POINT('',(3.58090222176,94.862178813412,
    32.505193848936));
#7815 = VECTOR('',#7816,1.);
#7816 = DIRECTION('',(-7.198597274032E-02,0.,0.997405644524));
#7817 = PCURVE('',#7509,#7818);
#7818 = DEFINITIONAL_REPRESENTATION('',(#7819),#7823);
#7819 = LINE('',#7820,#7821);
#7820 = CARTESIAN_POINT('',(0.,-125.0243576268));
#7821 = VECTOR('',#7822,1.);
#7822 = DIRECTION('',(1.,0.));
#7823 = ( GEOMETRIC_REPRESENTATION_CONTEXT(2) 
PARAMETRIC_REPRESENTATION_CONTEXT() REPRESENTATION_CONTEXT('2D SPACE',''
  ) );
#7824 = PCURVE('',#7720,#7825);
#7825 = DEFINITIONAL_REPRESENTATION('',(#7826),#7830);
#7826 = LINE('',#7827,#7828);
#7827 = CARTESIAN_POINT('',(0.,7.));
#7828 = VECTOR('',#7829,1.);
#7829 = DIRECTION('',(1.,0.));
#7830 = ( GEOMETRIC_REPRESENTATION_CONTEXT(2) 
PARAMETRIC_REPRESENTATION_CONTEXT() REPRESENTATION_CONTEXT('2D SPACE',''
  ) );
#7831 = ORIENTED_EDGE('',*,*,#7731,.T.);
#7832 = ORIENTED_EDGE('',*,*,#7489,.F.);
#7833 = ORIENTED_EDGE('',*,*,#7834,.F.);
#7834 = EDGE_CURVE('',#7604,#7458,#7835,.T.);
#7835 = SURFACE_CURVE('',#7836,(#7840,#7847),.PCURVE_S1.);
#7836 = LINE('',#7837,#7838);
#7837 = CARTESIAN_POINT('',(3.400937289909,-30.16217881341,
    34.998707960246));
#7838 = VECTOR('',#7839,1.);
#7839 = DIRECTION('',(0.,1.,0.));
#7840 = PCURVE('',#7509,#7841);
#7841 = DEFINITIONAL_REPRESENTATION('',(#7842),#7846);
#7842 = LINE('',#7843,#7844);
#7843 = CARTESIAN_POINT('',(2.5,0.));
#7844 = VECTOR('',#7845,1.);
#7845 = DIRECTION('',(0.,-1.));
#7846 = ( GEOMETRIC_REPRESENTATION_CONTEXT(2) 
PARAMETRIC_REPRESENTATION_CONTEXT() REPRESENTATION_CONTEXT('2D SPACE',''
  ) );
#7847 = PCURVE('',#7477,#7848);
#7848 = DEFINITIONAL_REPRESENTATION('',(#7849),#7853);
#7849 = LINE('',#7850,#7851);
#7850 = CARTESIAN_POINT('',(7.,0.));
#7851 = VECTOR('',#7852,1.);
#7852 = DIRECTION('',(0.,1.));
#7853 = ( GEOMETRIC_REPRESENTATION_CONTEXT(2) 
PARAMETRIC_REPRESENTATION_CONTEXT() REPRESENTATION_CONTEXT('2D SPACE',''
  ) );
#7854 = ORIENTED_EDGE('',*,*,#7603,.F.);
#7855 = ORIENTED_EDGE('',*,*,#7856,.T.);
#7856 = EDGE_CURVE('',#7575,#7756,#7857,.T.);
#7857 = SURFACE_CURVE('',#7858,(#7862,#7868),.PCURVE_S1.);
#7858 = LINE('',#7859,#7860);
#7859 = CARTESIAN_POINT('',(3.436930647104,-15.0810894067,34.5));
#7860 = VECTOR('',#7861,1.);
#7861 = DIRECTION('',(0.,-1.,0.));
#7862 = PCURVE('',#7509,#7863);
#7863 = DEFINITIONAL_REPRESENTATION('',(#7864),#7867);
#7864 = B_SPLINE_CURVE_WITH_KNOTS('',1,(#7865,#7866),.UNSPECIFIED.,.F.,
  .F.,(2,2),(-46.3310894067,15.081089406706),.PIECEWISE_BEZIER_KNOTS.);
#7865 = CARTESIAN_POINT('',(1.999994848651,-61.41217881341));
#7866 = CARTESIAN_POINT('',(1.999994848651,0.));
#7867 = ( GEOMETRIC_REPRESENTATION_CONTEXT(2) 
PARAMETRIC_REPRESENTATION_CONTEXT() REPRESENTATION_CONTEXT('2D SPACE',''
  ) );
#7868 = PCURVE('',#7591,#7869);
#7869 = DEFINITIONAL_REPRESENTATION('',(#7870),#7873);
#7870 = B_SPLINE_CURVE_WITH_KNOTS('',1,(#7871,#7872),.UNSPECIFIED.,.F.,
  .F.,(2,2),(-46.3310894067,15.081089406706),.PIECEWISE_BEZIER_KNOTS.);
#7871 = CARTESIAN_POINT('',(3.436930647104,31.25));
#7872 = CARTESIAN_POINT('',(3.436930647104,-30.16217881341));
#7873 = ( GEOMETRIC_REPRESENTATION_CONTEXT(2) 
PARAMETRIC_REPRESENTATION_CONTEXT() REPRESENTATION_CONTEXT('2D SPACE',''
  ) );
#7874 = ADVANCED_FACE('',(#7875),#7477,.T.);
#7875 = FACE_BOUND('',#7876,.T.);
#7876 = EDGE_LOOP('',(#7877,#7900,#7928,#7951,#7970,#7971,#7972,#7973));
#7877 = ORIENTED_EDGE('',*,*,#7878,.F.);
#7878 = EDGE_CURVE('',#7879,#7685,#7881,.T.);
#7879 = VERTEX_POINT('',#7880);
#7880 = CARTESIAN_POINT('',(-3.58090222176,94.862178813412,
    34.494806151064));
#7881 = SURFACE_CURVE('',#7882,(#7886,#7893),.PCURVE_S1.);
#7882 = LINE('',#7883,#7884);
#7883 = CARTESIAN_POINT('',(-3.58090222176,94.862178813412,
    34.494806151064));
#7884 = VECTOR('',#7885,1.);
#7885 = DIRECTION('',(0.997405644524,0.,7.198597274032E-02));
#7886 = PCURVE('',#7477,#7887);
#7887 = DEFINITIONAL_REPRESENTATION('',(#7888),#7892);
#7888 = LINE('',#7889,#7890);
#7889 = CARTESIAN_POINT('',(0.,125.02435762682));
#7890 = VECTOR('',#7891,1.);
#7891 = DIRECTION('',(1.,0.));
#7892 = ( GEOMETRIC_REPRESENTATION_CONTEXT(2) 
PARAMETRIC_REPRESENTATION_CONTEXT() REPRESENTATION_CONTEXT('2D SPACE',''
  ) );
#7893 = PCURVE('',#7720,#7894);
#7894 = DEFINITIONAL_REPRESENTATION('',(#7895),#7899);
#7895 = LINE('',#7896,#7897);
#7896 = CARTESIAN_POINT('',(2.5,0.));
#7897 = VECTOR('',#7898,1.);
#7898 = DIRECTION('',(0.,1.));
#7899 = ( GEOMETRIC_REPRESENTATION_CONTEXT(2) 
PARAMETRIC_REPRESENTATION_CONTEXT() REPRESENTATION_CONTEXT('2D SPACE',''
  ) );
#7900 = ORIENTED_EDGE('',*,*,#7901,.F.);
#7901 = EDGE_CURVE('',#7902,#7879,#7904,.T.);
#7902 = VERTEX_POINT('',#7903);
#7903 = CARTESIAN_POINT('',(-3.58090222176,-30.16217881341,
    34.494806151064));
#7904 = SURFACE_CURVE('',#7905,(#7909,#7916),.PCURVE_S1.);
#7905 = LINE('',#7906,#7907);
#7906 = CARTESIAN_POINT('',(-3.58090222176,-30.16217881341,
    34.494806151064));
#7907 = VECTOR('',#7908,1.);
#7908 = DIRECTION('',(0.,1.,0.));
#7909 = PCURVE('',#7477,#7910);
#7910 = DEFINITIONAL_REPRESENTATION('',(#7911),#7915);
#7911 = LINE('',#7912,#7913);
#7912 = CARTESIAN_POINT('',(0.,0.));
#7913 = VECTOR('',#7914,1.);
#7914 = DIRECTION('',(0.,1.));
#7915 = ( GEOMETRIC_REPRESENTATION_CONTEXT(2) 
PARAMETRIC_REPRESENTATION_CONTEXT() REPRESENTATION_CONTEXT('2D SPACE',''
  ) );
#7916 = PCURVE('',#7917,#7922);
#7917 = PLANE('',#7918);
#7918 = AXIS2_PLACEMENT_3D('',#7919,#7920,#7921);
#7919 = CARTESIAN_POINT('',(-3.400937289909,-30.16217881341,
    32.001292039754));
#7920 = DIRECTION('',(0.997405644524,0.,7.198597274032E-02));
#7921 = DIRECTION('',(-7.198597274032E-02,0.,0.997405644524));
#7922 = DEFINITIONAL_REPRESENTATION('',(#7923),#7927);
#7923 = LINE('',#7924,#7925);
#7924 = CARTESIAN_POINT('',(2.5,0.));
#7925 = VECTOR('',#7926,1.);
#7926 = DIRECTION('',(0.,-1.));
#7927 = ( GEOMETRIC_REPRESENTATION_CONTEXT(2) 
PARAMETRIC_REPRESENTATION_CONTEXT() REPRESENTATION_CONTEXT('2D SPACE',''
  ) );
#7928 = ORIENTED_EDGE('',*,*,#7929,.T.);
#7929 = EDGE_CURVE('',#7902,#7930,#7932,.T.);
#7930 = VERTEX_POINT('',#7931);
#7931 = CARTESIAN_POINT('',(-3.508938559281,-30.16217881341,34.5));
#7932 = SURFACE_CURVE('',#7933,(#7937,#7944),.PCURVE_S1.);
#7933 = LINE('',#7934,#7935);
#7934 = CARTESIAN_POINT('',(-3.58090222176,-30.16217881341,
    34.494806151064));
#7935 = VECTOR('',#7936,1.);
#7936 = DIRECTION('',(0.997405644524,0.,7.198597274032E-02));
#7937 = PCURVE('',#7477,#7938);
#7938 = DEFINITIONAL_REPRESENTATION('',(#7939),#7943);
#7939 = LINE('',#7940,#7941);
#7940 = CARTESIAN_POINT('',(0.,0.));
#7941 = VECTOR('',#7942,1.);
#7942 = DIRECTION('',(1.,0.));
#7943 = ( GEOMETRIC_REPRESENTATION_CONTEXT(2) 
PARAMETRIC_REPRESENTATION_CONTEXT() REPRESENTATION_CONTEXT('2D SPACE',''
  ) );
#7944 = PCURVE('',#7771,#7945);
#7945 = DEFINITIONAL_REPRESENTATION('',(#7946),#7950);
#7946 = LINE('',#7947,#7948);
#7947 = CARTESIAN_POINT('',(2.5,0.));
#7948 = VECTOR('',#7949,1.);
#7949 = DIRECTION('',(0.,1.));
#7950 = ( GEOMETRIC_REPRESENTATION_CONTEXT(2) 
PARAMETRIC_REPRESENTATION_CONTEXT() REPRESENTATION_CONTEXT('2D SPACE',''
  ) );
#7951 = ORIENTED_EDGE('',*,*,#7952,.T.);
#7952 = EDGE_CURVE('',#7930,#7631,#7953,.T.);
#7953 = SURFACE_CURVE('',#7954,(#7958,#7964),.PCURVE_S1.);
#7954 = LINE('',#7955,#7956);
#7955 = CARTESIAN_POINT('',(-3.508938559281,-15.0810894067,34.5));
#7956 = VECTOR('',#7957,1.);
#7957 = DIRECTION('',(0.,1.,-0.));
#7958 = PCURVE('',#7477,#7959);
#7959 = DEFINITIONAL_REPRESENTATION('',(#7960),#7963);
#7960 = B_SPLINE_CURVE_WITH_KNOTS('',1,(#7961,#7962),.UNSPECIFIED.,.F.,
  .F.,(2,2),(-15.0810894067,46.331089406706),.PIECEWISE_BEZIER_KNOTS.);
#7961 = CARTESIAN_POINT('',(7.215084742485E-02,0.));
#7962 = CARTESIAN_POINT('',(7.215084742485E-02,61.412178813412));
#7963 = ( GEOMETRIC_REPRESENTATION_CONTEXT(2) 
PARAMETRIC_REPRESENTATION_CONTEXT() REPRESENTATION_CONTEXT('2D SPACE',''
  ) );
#7964 = PCURVE('',#7591,#7965);
#7965 = DEFINITIONAL_REPRESENTATION('',(#7966),#7969);
#7966 = B_SPLINE_CURVE_WITH_KNOTS('',1,(#7967,#7968),.UNSPECIFIED.,.F.,
  .F.,(2,2),(-15.0810894067,46.331089406706),.PIECEWISE_BEZIER_KNOTS.);
#7967 = CARTESIAN_POINT('',(-3.508938559281,-30.16217881341));
#7968 = CARTESIAN_POINT('',(-3.508938559281,31.25));
#7969 = ( GEOMETRIC_REPRESENTATION_CONTEXT(2) 
PARAMETRIC_REPRESENTATION_CONTEXT() REPRESENTATION_CONTEXT('2D SPACE',''
  ) );
#7970 = ORIENTED_EDGE('',*,*,#7630,.F.);
#7971 = ORIENTED_EDGE('',*,*,#7834,.T.);
#7972 = ORIENTED_EDGE('',*,*,#7457,.F.);
#7973 = ORIENTED_EDGE('',*,*,#7684,.T.);
#7974 = ADVANCED_FACE('',(#7975),#7591,.F.);
#7975 = FACE_BOUND('',#7976,.F.);
#7976 = EDGE_LOOP('',(#7977,#7978,#7979,#7980,#7999));
#7977 = ORIENTED_EDGE('',*,*,#7657,.T.);
#7978 = ORIENTED_EDGE('',*,*,#7574,.T.);
#7979 = ORIENTED_EDGE('',*,*,#7856,.T.);
#7980 = ORIENTED_EDGE('',*,*,#7981,.F.);
#7981 = EDGE_CURVE('',#7930,#7756,#7982,.T.);
#7982 = SURFACE_CURVE('',#7983,(#7987,#7993),.PCURVE_S1.);
#7983 = LINE('',#7984,#7985);
#7984 = CARTESIAN_POINT('',(-1.700468644955,-30.16217881341,34.5));
#7985 = VECTOR('',#7986,1.);
#7986 = DIRECTION('',(1.,0.,0.));
#7987 = PCURVE('',#7591,#7988);
#7988 = DEFINITIONAL_REPRESENTATION('',(#7989),#7992);
#7989 = B_SPLINE_CURVE_WITH_KNOTS('',1,(#7990,#7991),.UNSPECIFIED.,.F.,
  .F.,(2,2),(-1.808469914327,5.137399292059),.PIECEWISE_BEZIER_KNOTS.);
#7990 = CARTESIAN_POINT('',(-3.508938559281,-30.16217881341));
#7991 = CARTESIAN_POINT('',(3.436930647104,-30.16217881341));
#7992 = ( GEOMETRIC_REPRESENTATION_CONTEXT(2) 
PARAMETRIC_REPRESENTATION_CONTEXT() REPRESENTATION_CONTEXT('2D SPACE',''
  ) );
#7993 = PCURVE('',#7771,#7994);
#7994 = DEFINITIONAL_REPRESENTATION('',(#7995),#7998);
#7995 = B_SPLINE_CURVE_WITH_KNOTS('',1,(#7996,#7997),.UNSPECIFIED.,.F.,
  .F.,(2,2),(-1.808469914327,5.137399292059),.PIECEWISE_BEZIER_KNOTS.);
#7996 = CARTESIAN_POINT('',(2.5,7.215084742486E-02));
#7997 = CARTESIAN_POINT('',(1.999994848651,7.));
#7998 = ( GEOMETRIC_REPRESENTATION_CONTEXT(2) 
PARAMETRIC_REPRESENTATION_CONTEXT() REPRESENTATION_CONTEXT('2D SPACE',''
  ) );
#7999 = ORIENTED_EDGE('',*,*,#7952,.T.);
#8000 = ADVANCED_FACE('',(#8001),#7720,.T.);
#8001 = FACE_BOUND('',#8002,.T.);
#8002 = EDGE_LOOP('',(#8003,#8004,#8027,#8048,#8049));
#8003 = ORIENTED_EDGE('',*,*,#7811,.F.);
#8004 = ORIENTED_EDGE('',*,*,#8005,.F.);
#8005 = EDGE_CURVE('',#8006,#7784,#8008,.T.);
#8006 = VERTEX_POINT('',#8007);
#8007 = CARTESIAN_POINT('',(-3.400937289909,94.862178813412,
    32.001292039754));
#8008 = SURFACE_CURVE('',#8009,(#8013,#8020),.PCURVE_S1.);
#8009 = LINE('',#8010,#8011);
#8010 = CARTESIAN_POINT('',(-3.400937289909,94.862178813412,
    32.001292039754));
#8011 = VECTOR('',#8012,1.);
#8012 = DIRECTION('',(0.997405644524,0.,7.198597274032E-02));
#8013 = PCURVE('',#7720,#8014);
#8014 = DEFINITIONAL_REPRESENTATION('',(#8015),#8019);
#8015 = LINE('',#8016,#8017);
#8016 = CARTESIAN_POINT('',(0.,0.));
#8017 = VECTOR('',#8018,1.);
#8018 = DIRECTION('',(0.,1.));
#8019 = ( GEOMETRIC_REPRESENTATION_CONTEXT(2) 
PARAMETRIC_REPRESENTATION_CONTEXT() REPRESENTATION_CONTEXT('2D SPACE',''
  ) );
#8020 = PCURVE('',#7799,#8021);
#8021 = DEFINITIONAL_REPRESENTATION('',(#8022),#8026);
#8022 = LINE('',#8023,#8024);
#8023 = CARTESIAN_POINT('',(0.,125.02435762682));
#8024 = VECTOR('',#8025,1.);
#8025 = DIRECTION('',(1.,0.));
#8026 = ( GEOMETRIC_REPRESENTATION_CONTEXT(2) 
PARAMETRIC_REPRESENTATION_CONTEXT() REPRESENTATION_CONTEXT('2D SPACE',''
  ) );
#8027 = ORIENTED_EDGE('',*,*,#8028,.T.);
#8028 = EDGE_CURVE('',#8006,#7879,#8029,.T.);
#8029 = SURFACE_CURVE('',#8030,(#8034,#8041),.PCURVE_S1.);
#8030 = LINE('',#8031,#8032);
#8031 = CARTESIAN_POINT('',(-3.400937289909,94.862178813412,
    32.001292039754));
#8032 = VECTOR('',#8033,1.);
#8033 = DIRECTION('',(-7.198597274032E-02,0.,0.997405644524));
#8034 = PCURVE('',#7720,#8035);
#8035 = DEFINITIONAL_REPRESENTATION('',(#8036),#8040);
#8036 = LINE('',#8037,#8038);
#8037 = CARTESIAN_POINT('',(0.,0.));
#8038 = VECTOR('',#8039,1.);
#8039 = DIRECTION('',(1.,0.));
#8040 = ( GEOMETRIC_REPRESENTATION_CONTEXT(2) 
PARAMETRIC_REPRESENTATION_CONTEXT() REPRESENTATION_CONTEXT('2D SPACE',''
  ) );
#8041 = PCURVE('',#7917,#8042);
#8042 = DEFINITIONAL_REPRESENTATION('',(#8043),#8047);
#8043 = LINE('',#8044,#8045);
#8044 = CARTESIAN_POINT('',(0.,-125.0243576268));
#8045 = VECTOR('',#8046,1.);
#8046 = DIRECTION('',(1.,0.));
#8047 = ( GEOMETRIC_REPRESENTATION_CONTEXT(2) 
PARAMETRIC_REPRESENTATION_CONTEXT() REPRESENTATION_CONTEXT('2D SPACE',''
  ) );
#8048 = ORIENTED_EDGE('',*,*,#7878,.T.);
#8049 = ORIENTED_EDGE('',*,*,#7705,.T.);
#8050 = ADVANCED_FACE('',(#8051),#7771,.F.);
#8051 = FACE_BOUND('',#8052,.F.);
#8052 = EDGE_LOOP('',(#8053,#8054,#8077,#8098,#8099));
#8053 = ORIENTED_EDGE('',*,*,#7753,.F.);
#8054 = ORIENTED_EDGE('',*,*,#8055,.F.);
#8055 = EDGE_CURVE('',#8056,#7754,#8058,.T.);
#8056 = VERTEX_POINT('',#8057);
#8057 = CARTESIAN_POINT('',(-3.400937289909,-30.16217881341,
    32.001292039754));
#8058 = SURFACE_CURVE('',#8059,(#8063,#8070),.PCURVE_S1.);
#8059 = LINE('',#8060,#8061);
#8060 = CARTESIAN_POINT('',(-3.400937289909,-30.16217881341,
    32.001292039754));
#8061 = VECTOR('',#8062,1.);
#8062 = DIRECTION('',(0.997405644524,0.,7.198597274032E-02));
#8063 = PCURVE('',#7771,#8064);
#8064 = DEFINITIONAL_REPRESENTATION('',(#8065),#8069);
#8065 = LINE('',#8066,#8067);
#8066 = CARTESIAN_POINT('',(0.,0.));
#8067 = VECTOR('',#8068,1.);
#8068 = DIRECTION('',(0.,1.));
#8069 = ( GEOMETRIC_REPRESENTATION_CONTEXT(2) 
PARAMETRIC_REPRESENTATION_CONTEXT() REPRESENTATION_CONTEXT('2D SPACE',''
  ) );
#8070 = PCURVE('',#7799,#8071);
#8071 = DEFINITIONAL_REPRESENTATION('',(#8072),#8076);
#8072 = LINE('',#8073,#8074);
#8073 = CARTESIAN_POINT('',(0.,0.));
#8074 = VECTOR('',#8075,1.);
#8075 = DIRECTION('',(1.,0.));
#8076 = ( GEOMETRIC_REPRESENTATION_CONTEXT(2) 
PARAMETRIC_REPRESENTATION_CONTEXT() REPRESENTATION_CONTEXT('2D SPACE',''
  ) );
#8077 = ORIENTED_EDGE('',*,*,#8078,.T.);
#8078 = EDGE_CURVE('',#8056,#7902,#8079,.T.);
#8079 = SURFACE_CURVE('',#8080,(#8084,#8091),.PCURVE_S1.);
#8080 = LINE('',#8081,#8082);
#8081 = CARTESIAN_POINT('',(-3.400937289909,-30.16217881341,
    32.001292039754));
#8082 = VECTOR('',#8083,1.);
#8083 = DIRECTION('',(-7.198597274032E-02,0.,0.997405644524));
#8084 = PCURVE('',#7771,#8085);
#8085 = DEFINITIONAL_REPRESENTATION('',(#8086),#8090);
#8086 = LINE('',#8087,#8088);
#8087 = CARTESIAN_POINT('',(0.,0.));
#8088 = VECTOR('',#8089,1.);
#8089 = DIRECTION('',(1.,0.));
#8090 = ( GEOMETRIC_REPRESENTATION_CONTEXT(2) 
PARAMETRIC_REPRESENTATION_CONTEXT() REPRESENTATION_CONTEXT('2D SPACE',''
  ) );
#8091 = PCURVE('',#7917,#8092);
#8092 = DEFINITIONAL_REPRESENTATION('',(#8093),#8097);
#8093 = LINE('',#8094,#8095);
#8094 = CARTESIAN_POINT('',(0.,0.));
#8095 = VECTOR('',#8096,1.);
#8096 = DIRECTION('',(1.,0.));
#8097 = ( GEOMETRIC_REPRESENTATION_CONTEXT(2) 
PARAMETRIC_REPRESENTATION_CONTEXT() REPRESENTATION_CONTEXT('2D SPACE',''
  ) );
#8098 = ORIENTED_EDGE('',*,*,#7929,.T.);
#8099 = ORIENTED_EDGE('',*,*,#7981,.T.);
#8100 = ADVANCED_FACE('',(#8101),#7799,.F.);
#8101 = FACE_BOUND('',#8102,.F.);
#8102 = EDGE_LOOP('',(#8103,#8124,#8125,#8126));
#8103 = ORIENTED_EDGE('',*,*,#8104,.F.);
#8104 = EDGE_CURVE('',#8056,#8006,#8105,.T.);
#8105 = SURFACE_CURVE('',#8106,(#8110,#8117),.PCURVE_S1.);
#8106 = LINE('',#8107,#8108);
#8107 = CARTESIAN_POINT('',(-3.400937289909,-30.16217881341,
    32.001292039754));
#8108 = VECTOR('',#8109,1.);
#8109 = DIRECTION('',(0.,1.,0.));
#8110 = PCURVE('',#7799,#8111);
#8111 = DEFINITIONAL_REPRESENTATION('',(#8112),#8116);
#8112 = LINE('',#8113,#8114);
#8113 = CARTESIAN_POINT('',(0.,0.));
#8114 = VECTOR('',#8115,1.);
#8115 = DIRECTION('',(0.,1.));
#8116 = ( GEOMETRIC_REPRESENTATION_CONTEXT(2) 
PARAMETRIC_REPRESENTATION_CONTEXT() REPRESENTATION_CONTEXT('2D SPACE',''
  ) );
#8117 = PCURVE('',#7917,#8118);
#8118 = DEFINITIONAL_REPRESENTATION('',(#8119),#8123);
#8119 = LINE('',#8120,#8121);
#8120 = CARTESIAN_POINT('',(0.,0.));
#8121 = VECTOR('',#8122,1.);
#8122 = DIRECTION('',(0.,-1.));
#8123 = ( GEOMETRIC_REPRESENTATION_CONTEXT(2) 
PARAMETRIC_REPRESENTATION_CONTEXT() REPRESENTATION_CONTEXT('2D SPACE',''
  ) );
#8124 = ORIENTED_EDGE('',*,*,#8055,.T.);
#8125 = ORIENTED_EDGE('',*,*,#7783,.T.);
#8126 = ORIENTED_EDGE('',*,*,#8005,.F.);
#8127 = ADVANCED_FACE('',(#8128),#7917,.F.);
#8128 = FACE_BOUND('',#8129,.F.);
#8129 = EDGE_LOOP('',(#8130,#8131,#8132,#8133));
#8130 = ORIENTED_EDGE('',*,*,#8078,.F.);
#8131 = ORIENTED_EDGE('',*,*,#8104,.T.);
#8132 = ORIENTED_EDGE('',*,*,#8028,.T.);
#8133 = ORIENTED_EDGE('',*,*,#7901,.F.);
#8134 = ( GEOMETRIC_REPRESENTATION_CONTEXT(3) 
GLOBAL_UNCERTAINTY_ASSIGNED_CONTEXT((#8138)) 
GLOBAL_UNIT_ASSIGNED_CONTEXT((#8135,#8136,#8137)) REPRESENTATION_CONTEXT
('Context #1','3D Context with UNIT and UNCERTAINTY') );
#8135 = ( LENGTH_UNIT() NAMED_UNIT(*) SI_UNIT(.MILLI.,.METRE.) );
#8136 = ( NAMED_UNIT(*) PLANE_ANGLE_UNIT() SI_UNIT($,.RADIAN.) );
#8137 = ( NAMED_UNIT(*) SI_UNIT($,.STERADIAN.) SOLID_ANGLE_UNIT() );
#8138 = UNCERTAINTY_MEASURE_WITH_UNIT(LENGTH_MEASURE(2.E-07),#8135,
  'distance_accuracy_value','confusion accuracy');
#8139 = CONTEXT_DEPENDENT_SHAPE_REPRESENTATION(#8140,#8142);
#8140 = ( REPRESENTATION_RELATIONSHIP('','',#6711,#10) 
REPRESENTATION_RELATIONSHIP_WITH_TRANSFORMATION(#8141) 
SHAPE_REPRESENTATION_RELATIONSHIP() );
#8141 = ITEM_DEFINED_TRANSFORMATION('','',#11,#27);
#8142 = PRODUCT_DEFINITION_SHAPE('Placement','Placement of an item',
  #8143);
#8143 = NEXT_ASSEMBLY_USAGE_OCCURRENCE('6','drive_belt','',#5,#6706,$);
#8144 = PRODUCT_RELATED_PRODUCT_CATEGORY('part',$,(#6708));
#8145 = SHAPE_DEFINITION_REPRESENTATION(#8146,#8152);
#8146 = PRODUCT_DEFINITION_SHAPE('','',#8147);
#8147 = PRODUCT_DEFINITION('design','',#8148,#8151);
#8148 = PRODUCT_DEFINITION_FORMATION('','',#8149);
#8149 = PRODUCT('shaft','shaft','',(#8150));
#8150 = PRODUCT_CONTEXT('',#2,'mechanical');
#8151 = PRODUCT_DEFINITION_CONTEXT('part definition',#2,'design');
#8152 = ADVANCED_BREP_SHAPE_REPRESENTATION('',(#11,#8153),#8701);
#8153 = MANIFOLD_SOLID_BREP('',#8154);
#8154 = CLOSED_SHELL('',(#8155,#8243,#8278,#8313,#8368,#8423,#8458,#8493
    ,#8548,#8603,#8638,#8642,#8697));
#8155 = ADVANCED_FACE('',(#8156),#8169,.T.);
#8156 = FACE_BOUND('',#8157,.T.);
#8157 = EDGE_LOOP('',(#8158,#8192,#8215,#8242));
#8158 = ORIENTED_EDGE('',*,*,#8159,.T.);
#8159 = EDGE_CURVE('',#8160,#8160,#8162,.T.);
#8160 = VERTEX_POINT('',#8161);
#8161 = CARTESIAN_POINT('',(12.,-2.939152317954E-15,43.));
#8162 = SURFACE_CURVE('',#8163,(#8168,#8180),.PCURVE_S1.);
#8163 = CIRCLE('',#8164,12.);
#8164 = AXIS2_PLACEMENT_3D('',#8165,#8166,#8167);
#8165 = CARTESIAN_POINT('',(0.,0.,43.));
#8166 = DIRECTION('',(0.,0.,1.));
#8167 = DIRECTION('',(1.,0.,-0.));
#8168 = PCURVE('',#8169,#8174);
#8169 = CYLINDRICAL_SURFACE('',#8170,12.);
#8170 = AXIS2_PLACEMENT_3D('',#8171,#8172,#8173);
#8171 = CARTESIAN_POINT('',(0.,0.,0.));
#8172 = DIRECTION('',(0.,0.,1.));
#8173 = DIRECTION('',(1.,0.,0.));
#8174 = DEFINITIONAL_REPRESENTATION('',(#8175),#8179);
#8175 = LINE('',#8176,#8177);
#8176 = CARTESIAN_POINT('',(0.,43.));
#8177 = VECTOR('',#8178,1.);
#8178 = DIRECTION('',(1.,0.));
#8179 = ( GEOMETRIC_REPRESENTATION_CONTEXT(2) 
PARAMETRIC_REPRESENTATION_CONTEXT() REPRESENTATION_CONTEXT('2D SPACE',''
  ) );
#8180 = PCURVE('',#8181,#8186);
#8181 = PLANE('',#8182);
#8182 = AXIS2_PLACEMENT_3D('',#8183,#8184,#8185);
#8183 = CARTESIAN_POINT('',(0.,0.,43.));
#8184 = DIRECTION('',(0.,0.,1.));
#8185 = DIRECTION('',(1.,0.,-0.));
#8186 = DEFINITIONAL_REPRESENTATION('',(#8187),#8191);
#8187 = CIRCLE('',#8188,12.);
#8188 = AXIS2_PLACEMENT_2D('',#8189,#8190);
#8189 = CARTESIAN_POINT('',(0.,0.));
#8190 = DIRECTION('',(1.,0.));
#8191 = ( GEOMETRIC_REPRESENTATION_CONTEXT(2) 
PARAMETRIC_REPRESENTATION_CONTEXT() REPRESENTATION_CONTEXT('2D SPACE',''
  ) );
#8192 = ORIENTED_EDGE('',*,*,#8193,.T.);
#8193 = EDGE_CURVE('',#8160,#8194,#8196,.T.);
#8194 = VERTEX_POINT('',#8195);
#8195 = CARTESIAN_POINT('',(12.,-2.939152317954E-15,59.));
#8196 = SEAM_CURVE('',#8197,(#8201,#8208),.PCURVE_S1.);
#8197 = LINE('',#8198,#8199);
#8198 = CARTESIAN_POINT('',(12.,-2.939152317954E-15,0.));
#8199 = VECTOR('',#8200,1.);
#8200 = DIRECTION('',(0.,0.,1.));
#8201 = PCURVE('',#8169,#8202);
#8202 = DEFINITIONAL_REPRESENTATION('',(#8203),#8207);
#8203 = LINE('',#8204,#8205);
#8204 = CARTESIAN_POINT('',(0.,-0.));
#8205 = VECTOR('',#8206,1.);
#8206 = DIRECTION('',(0.,1.));
#8207 = ( GEOMETRIC_REPRESENTATION_CONTEXT(2) 
PARAMETRIC_REPRESENTATION_CONTEXT() REPRESENTATION_CONTEXT('2D SPACE',''
  ) );
#8208 = PCURVE('',#8169,#8209);
#8209 = DEFINITIONAL_REPRESENTATION('',(#8210),#8214);
#8210 = LINE('',#8211,#8212);
#8211 = CARTESIAN_POINT('',(6.28318530718,-0.));
#8212 = VECTOR('',#8213,1.);
#8213 = DIRECTION('',(0.,1.));
#8214 = ( GEOMETRIC_REPRESENTATION_CONTEXT(2) 
PARAMETRIC_REPRESENTATION_CONTEXT() REPRESENTATION_CONTEXT('2D SPACE',''
  ) );
#8215 = ORIENTED_EDGE('',*,*,#8216,.F.);
#8216 = EDGE_CURVE('',#8194,#8194,#8217,.T.);
#8217 = SURFACE_CURVE('',#8218,(#8223,#8230),.PCURVE_S1.);
#8218 = CIRCLE('',#8219,12.);
#8219 = AXIS2_PLACEMENT_3D('',#8220,#8221,#8222);
#8220 = CARTESIAN_POINT('',(0.,0.,59.));
#8221 = DIRECTION('',(0.,0.,1.));
#8222 = DIRECTION('',(1.,0.,-0.));
#8223 = PCURVE('',#8169,#8224);
#8224 = DEFINITIONAL_REPRESENTATION('',(#8225),#8229);
#8225 = LINE('',#8226,#8227);
#8226 = CARTESIAN_POINT('',(0.,59.));
#8227 = VECTOR('',#8228,1.);
#8228 = DIRECTION('',(1.,0.));
#8229 = ( GEOMETRIC_REPRESENTATION_CONTEXT(2) 
PARAMETRIC_REPRESENTATION_CONTEXT() REPRESENTATION_CONTEXT('2D SPACE',''
  ) );
#8230 = PCURVE('',#8231,#8236);
#8231 = PLANE('',#8232);
#8232 = AXIS2_PLACEMENT_3D('',#8233,#8234,#8235);
#8233 = CARTESIAN_POINT('',(0.,0.,59.));
#8234 = DIRECTION('',(0.,0.,1.));
#8235 = DIRECTION('',(1.,0.,0.));
#8236 = DEFINITIONAL_REPRESENTATION('',(#8237),#8241);
#8237 = CIRCLE('',#8238,12.);
#8238 = AXIS2_PLACEMENT_2D('',#8239,#8240);
#8239 = CARTESIAN_POINT('',(0.,0.));
#8240 = DIRECTION('',(1.,0.));
#8241 = ( GEOMETRIC_REPRESENTATION_CONTEXT(2) 
PARAMETRIC_REPRESENTATION_CONTEXT() REPRESENTATION_CONTEXT('2D SPACE',''
  ) );
#8242 = ORIENTED_EDGE('',*,*,#8193,.F.);
#8243 = ADVANCED_FACE('',(#8244,#8247),#8181,.T.);
#8244 = FACE_BOUND('',#8245,.T.);
#8245 = EDGE_LOOP('',(#8246));
#8246 = ORIENTED_EDGE('',*,*,#8159,.F.);
#8247 = FACE_BOUND('',#8248,.T.);
#8248 = EDGE_LOOP('',(#8249));
#8249 = ORIENTED_EDGE('',*,*,#8250,.T.);
#8250 = EDGE_CURVE('',#8251,#8251,#8253,.T.);
#8251 = VERTEX_POINT('',#8252);
#8252 = CARTESIAN_POINT('',(32.,-7.837739514543E-15,43.));
#8253 = SURFACE_CURVE('',#8254,(#8259,#8266),.PCURVE_S1.);
#8254 = CIRCLE('',#8255,32.);
#8255 = AXIS2_PLACEMENT_3D('',#8256,#8257,#8258);
#8256 = CARTESIAN_POINT('',(0.,0.,43.));
#8257 = DIRECTION('',(0.,0.,1.));
#8258 = DIRECTION('',(1.,0.,0.));
#8259 = PCURVE('',#8181,#8260);
#8260 = DEFINITIONAL_REPRESENTATION('',(#8261),#8265);
#8261 = CIRCLE('',#8262,32.);
#8262 = AXIS2_PLACEMENT_2D('',#8263,#8264);
#8263 = CARTESIAN_POINT('',(0.,0.));
#8264 = DIRECTION('',(1.,0.));
#8265 = ( GEOMETRIC_REPRESENTATION_CONTEXT(2) 
PARAMETRIC_REPRESENTATION_CONTEXT() REPRESENTATION_CONTEXT('2D SPACE',''
  ) );
#8266 = PCURVE('',#8267,#8272);
#8267 = CYLINDRICAL_SURFACE('',#8268,32.);
#8268 = AXIS2_PLACEMENT_3D('',#8269,#8270,#8271);
#8269 = CARTESIAN_POINT('',(0.,0.,41.5));
#8270 = DIRECTION('',(0.,0.,1.));
#8271 = DIRECTION('',(1.,0.,0.));
#8272 = DEFINITIONAL_REPRESENTATION('',(#8273),#8277);
#8273 = LINE('',#8274,#8275);
#8274 = CARTESIAN_POINT('',(0.,1.5));
#8275 = VECTOR('',#8276,1.);
#8276 = DIRECTION('',(1.,0.));
#8277 = ( GEOMETRIC_REPRESENTATION_CONTEXT(2) 
PARAMETRIC_REPRESENTATION_CONTEXT() REPRESENTATION_CONTEXT('2D SPACE',''
  ) );
#8278 = ADVANCED_FACE('',(#8279,#8310),#8231,.F.);
#8279 = FACE_BOUND('',#8280,.F.);
#8280 = EDGE_LOOP('',(#8281));
#8281 = ORIENTED_EDGE('',*,*,#8282,.T.);
#8282 = EDGE_CURVE('',#8283,#8283,#8285,.T.);
#8283 = VERTEX_POINT('',#8284);
#8284 = CARTESIAN_POINT('',(13.,-3.184081677783E-15,59.));
#8285 = SURFACE_CURVE('',#8286,(#8291,#8298),.PCURVE_S1.);
#8286 = CIRCLE('',#8287,13.);
#8287 = AXIS2_PLACEMENT_3D('',#8288,#8289,#8290);
#8288 = CARTESIAN_POINT('',(0.,0.,59.));
#8289 = DIRECTION('',(0.,0.,1.));
#8290 = DIRECTION('',(1.,0.,0.));
#8291 = PCURVE('',#8231,#8292);
#8292 = DEFINITIONAL_REPRESENTATION('',(#8293),#8297);
#8293 = CIRCLE('',#8294,13.);
#8294 = AXIS2_PLACEMENT_2D('',#8295,#8296);
#8295 = CARTESIAN_POINT('',(0.,0.));
#8296 = DIRECTION('',(1.,0.));
#8297 = ( GEOMETRIC_REPRESENTATION_CONTEXT(2) 
PARAMETRIC_REPRESENTATION_CONTEXT() REPRESENTATION_CONTEXT('2D SPACE',''
  ) );
#8298 = PCURVE('',#8299,#8304);
#8299 = CYLINDRICAL_SURFACE('',#8300,13.);
#8300 = AXIS2_PLACEMENT_3D('',#8301,#8302,#8303);
#8301 = CARTESIAN_POINT('',(0.,0.,59.));
#8302 = DIRECTION('',(0.,0.,1.));
#8303 = DIRECTION('',(1.,0.,0.));
#8304 = DEFINITIONAL_REPRESENTATION('',(#8305),#8309);
#8305 = LINE('',#8306,#8307);
#8306 = CARTESIAN_POINT('',(0.,0.));
#8307 = VECTOR('',#8308,1.);
#8308 = DIRECTION('',(1.,0.));
#8309 = ( GEOMETRIC_REPRESENTATION_CONTEXT(2) 
PARAMETRIC_REPRESENTATION_CONTEXT() REPRESENTATION_CONTEXT('2D SPACE',''
  ) );
#8310 = FACE_BOUND('',#8311,.F.);
#8311 = EDGE_LOOP('',(#8312));
#8312 = ORIENTED_EDGE('',*,*,#8216,.F.);
#8313 = ADVANCED_FACE('',(#8314),#8267,.T.);
#8314 = FACE_BOUND('',#8315,.T.);
#8315 = EDGE_LOOP('',(#8316,#8317,#8340,#8367));
#8316 = ORIENTED_EDGE('',*,*,#8250,.F.);
#8317 = ORIENTED_EDGE('',*,*,#8318,.F.);
#8318 = EDGE_CURVE('',#8319,#8251,#8321,.T.);
#8319 = VERTEX_POINT('',#8320);
#8320 = CARTESIAN_POINT('',(32.,-7.837739514543E-15,41.5));
#8321 = SEAM_CURVE('',#8322,(#8326,#8333),.PCURVE_S1.);
#8322 = LINE('',#8323,#8324);
#8323 = CARTESIAN_POINT('',(32.,-7.837739514543E-15,41.5));
#8324 = VECTOR('',#8325,1.);
#8325 = DIRECTION('',(0.,0.,1.));
#8326 = PCURVE('',#8267,#8327);
#8327 = DEFINITIONAL_REPRESENTATION('',(#8328),#8332);
#8328 = LINE('',#8329,#8330);
#8329 = CARTESIAN_POINT('',(6.28318530718,-0.));
#8330 = VECTOR('',#8331,1.);
#8331 = DIRECTION('',(0.,1.));
#8332 = ( GEOMETRIC_REPRESENTATION_CONTEXT(2) 
PARAMETRIC_REPRESENTATION_CONTEXT() REPRESENTATION_CONTEXT('2D SPACE',''
  ) );
#8333 = PCURVE('',#8267,#8334);
#8334 = DEFINITIONAL_REPRESENTATION('',(#8335),#8339);
#8335 = LINE('',#8336,#8337);
#8336 = CARTESIAN_POINT('',(0.,-0.));
#8337 = VECTOR('',#8338,1.);
#8338 = DIRECTION('',(0.,1.));
#8339 = ( GEOMETRIC_REPRESENTATION_CONTEXT(2) 
PARAMETRIC_REPRESENTATION_CONTEXT() REPRESENTATION_CONTEXT('2D SPACE',''
  ) );
#8340 = ORIENTED_EDGE('',*,*,#8341,.T.);
#8341 = EDGE_CURVE('',#8319,#8319,#8342,.T.);
#8342 = SURFACE_CURVE('',#8343,(#8348,#8355),.PCURVE_S1.);
#8343 = CIRCLE('',#8344,32.);
#8344 = AXIS2_PLACEMENT_3D('',#8345,#8346,#8347);
#8345 = CARTESIAN_POINT('',(0.,0.,41.5));
#8346 = DIRECTION('',(0.,0.,1.));
#8347 = DIRECTION('',(1.,0.,0.));
#8348 = PCURVE('',#8267,#8349);
#8349 = DEFINITIONAL_REPRESENTATION('',(#8350),#8354);
#8350 = LINE('',#8351,#8352);
#8351 = CARTESIAN_POINT('',(0.,0.));
#8352 = VECTOR('',#8353,1.);
#8353 = DIRECTION('',(1.,0.));
#8354 = ( GEOMETRIC_REPRESENTATION_CONTEXT(2) 
PARAMETRIC_REPRESENTATION_CONTEXT() REPRESENTATION_CONTEXT('2D SPACE',''
  ) );
#8355 = PCURVE('',#8356,#8361);
#8356 = PLANE('',#8357);
#8357 = AXIS2_PLACEMENT_3D('',#8358,#8359,#8360);
#8358 = CARTESIAN_POINT('',(0.,0.,41.5));
#8359 = DIRECTION('',(0.,0.,1.));
#8360 = DIRECTION('',(1.,0.,0.));
#8361 = DEFINITIONAL_REPRESENTATION('',(#8362),#8366);
#8362 = CIRCLE('',#8363,32.);
#8363 = AXIS2_PLACEMENT_2D('',#8364,#8365);
#8364 = CARTESIAN_POINT('',(0.,0.));
#8365 = DIRECTION('',(1.,0.));
#8366 = ( GEOMETRIC_REPRESENTATION_CONTEXT(2) 
PARAMETRIC_REPRESENTATION_CONTEXT() REPRESENTATION_CONTEXT('2D SPACE',''
  ) );
#8367 = ORIENTED_EDGE('',*,*,#8318,.T.);
#8368 = ADVANCED_FACE('',(#8369),#8299,.T.);
#8369 = FACE_BOUND('',#8370,.T.);
#8370 = EDGE_LOOP('',(#8371,#8400,#8421,#8422));
#8371 = ORIENTED_EDGE('',*,*,#8372,.F.);
#8372 = EDGE_CURVE('',#8373,#8373,#8375,.T.);
#8373 = VERTEX_POINT('',#8374);
#8374 = CARTESIAN_POINT('',(13.,-3.184081677783E-15,71.));
#8375 = SURFACE_CURVE('',#8376,(#8381,#8388),.PCURVE_S1.);
#8376 = CIRCLE('',#8377,13.);
#8377 = AXIS2_PLACEMENT_3D('',#8378,#8379,#8380);
#8378 = CARTESIAN_POINT('',(0.,0.,71.));
#8379 = DIRECTION('',(0.,0.,1.));
#8380 = DIRECTION('',(1.,0.,0.));
#8381 = PCURVE('',#8299,#8382);
#8382 = DEFINITIONAL_REPRESENTATION('',(#8383),#8387);
#8383 = LINE('',#8384,#8385);
#8384 = CARTESIAN_POINT('',(0.,12.));
#8385 = VECTOR('',#8386,1.);
#8386 = DIRECTION('',(1.,0.));
#8387 = ( GEOMETRIC_REPRESENTATION_CONTEXT(2) 
PARAMETRIC_REPRESENTATION_CONTEXT() REPRESENTATION_CONTEXT('2D SPACE',''
  ) );
#8388 = PCURVE('',#8389,#8394);
#8389 = PLANE('',#8390);
#8390 = AXIS2_PLACEMENT_3D('',#8391,#8392,#8393);
#8391 = CARTESIAN_POINT('',(0.,0.,71.));
#8392 = DIRECTION('',(0.,0.,1.));
#8393 = DIRECTION('',(1.,0.,0.));
#8394 = DEFINITIONAL_REPRESENTATION('',(#8395),#8399);
#8395 = CIRCLE('',#8396,13.);
#8396 = AXIS2_PLACEMENT_2D('',#8397,#8398);
#8397 = CARTESIAN_POINT('',(0.,0.));
#8398 = DIRECTION('',(1.,0.));
#8399 = ( GEOMETRIC_REPRESENTATION_CONTEXT(2) 
PARAMETRIC_REPRESENTATION_CONTEXT() REPRESENTATION_CONTEXT('2D SPACE',''
  ) );
#8400 = ORIENTED_EDGE('',*,*,#8401,.F.);
#8401 = EDGE_CURVE('',#8283,#8373,#8402,.T.);
#8402 = SEAM_CURVE('',#8403,(#8407,#8414),.PCURVE_S1.);
#8403 = LINE('',#8404,#8405);
#8404 = CARTESIAN_POINT('',(13.,-3.184081677783E-15,59.));
#8405 = VECTOR('',#8406,1.);
#8406 = DIRECTION('',(0.,0.,1.));
#8407 = PCURVE('',#8299,#8408);
#8408 = DEFINITIONAL_REPRESENTATION('',(#8409),#8413);
#8409 = LINE('',#8410,#8411);
#8410 = CARTESIAN_POINT('',(6.28318530718,-0.));
#8411 = VECTOR('',#8412,1.);
#8412 = DIRECTION('',(0.,1.));
#8413 = ( GEOMETRIC_REPRESENTATION_CONTEXT(2) 
PARAMETRIC_REPRESENTATION_CONTEXT() REPRESENTATION_CONTEXT('2D SPACE',''
  ) );
#8414 = PCURVE('',#8299,#8415);
#8415 = DEFINITIONAL_REPRESENTATION('',(#8416),#8420);
#8416 = LINE('',#8417,#8418);
#8417 = CARTESIAN_POINT('',(0.,-0.));
#8418 = VECTOR('',#8419,1.);
#8419 = DIRECTION('',(0.,1.));
#8420 = ( GEOMETRIC_REPRESENTATION_CONTEXT(2) 
PARAMETRIC_REPRESENTATION_CONTEXT() REPRESENTATION_CONTEXT('2D SPACE',''
  ) );
#8421 = ORIENTED_EDGE('',*,*,#8282,.T.);
#8422 = ORIENTED_EDGE('',*,*,#8401,.T.);
#8423 = ADVANCED_FACE('',(#8424,#8427),#8356,.F.);
#8424 = FACE_BOUND('',#8425,.F.);
#8425 = EDGE_LOOP('',(#8426));
#8426 = ORIENTED_EDGE('',*,*,#8341,.T.);
#8427 = FACE_BOUND('',#8428,.F.);
#8428 = EDGE_LOOP('',(#8429));
#8429 = ORIENTED_EDGE('',*,*,#8430,.F.);
#8430 = EDGE_CURVE('',#8431,#8431,#8433,.T.);
#8431 = VERTEX_POINT('',#8432);
#8432 = CARTESIAN_POINT('',(30.,-7.347880794884E-15,41.5));
#8433 = SURFACE_CURVE('',#8434,(#8439,#8446),.PCURVE_S1.);
#8434 = CIRCLE('',#8435,30.);
#8435 = AXIS2_PLACEMENT_3D('',#8436,#8437,#8438);
#8436 = CARTESIAN_POINT('',(0.,0.,41.5));
#8437 = DIRECTION('',(0.,0.,1.));
#8438 = DIRECTION('',(1.,0.,-0.));
#8439 = PCURVE('',#8356,#8440);
#8440 = DEFINITIONAL_REPRESENTATION('',(#8441),#8445);
#8441 = CIRCLE('',#8442,30.);
#8442 = AXIS2_PLACEMENT_2D('',#8443,#8444);
#8443 = CARTESIAN_POINT('',(0.,0.));
#8444 = DIRECTION('',(1.,0.));
#8445 = ( GEOMETRIC_REPRESENTATION_CONTEXT(2) 
PARAMETRIC_REPRESENTATION_CONTEXT() REPRESENTATION_CONTEXT('2D SPACE',''
  ) );
#8446 = PCURVE('',#8447,#8452);
#8447 = CYLINDRICAL_SURFACE('',#8448,30.);
#8448 = AXIS2_PLACEMENT_3D('',#8449,#8450,#8451);
#8449 = CARTESIAN_POINT('',(0.,0.,33.));
#8450 = DIRECTION('',(0.,0.,1.));
#8451 = DIRECTION('',(1.,0.,0.));
#8452 = DEFINITIONAL_REPRESENTATION('',(#8453),#8457);
#8453 = LINE('',#8454,#8455);
#8454 = CARTESIAN_POINT('',(0.,8.5));
#8455 = VECTOR('',#8456,1.);
#8456 = DIRECTION('',(1.,0.));
#8457 = ( GEOMETRIC_REPRESENTATION_CONTEXT(2) 
PARAMETRIC_REPRESENTATION_CONTEXT() REPRESENTATION_CONTEXT('2D SPACE',''
  ) );
#8458 = ADVANCED_FACE('',(#8459,#8462),#8389,.T.);
#8459 = FACE_BOUND('',#8460,.T.);
#8460 = EDGE_LOOP('',(#8461));
#8461 = ORIENTED_EDGE('',*,*,#8372,.T.);
#8462 = FACE_BOUND('',#8463,.T.);
#8463 = EDGE_LOOP('',(#8464));
#8464 = ORIENTED_EDGE('',*,*,#8465,.F.);
#8465 = EDGE_CURVE('',#8466,#8466,#8468,.T.);
#8466 = VERTEX_POINT('',#8467);
#8467 = CARTESIAN_POINT('',(12.,-2.939152317954E-15,71.));
#8468 = SURFACE_CURVE('',#8469,(#8474,#8481),.PCURVE_S1.);
#8469 = CIRCLE('',#8470,12.);
#8470 = AXIS2_PLACEMENT_3D('',#8471,#8472,#8473);
#8471 = CARTESIAN_POINT('',(0.,0.,71.));
#8472 = DIRECTION('',(0.,0.,1.));
#8473 = DIRECTION('',(1.,0.,-0.));
#8474 = PCURVE('',#8389,#8475);
#8475 = DEFINITIONAL_REPRESENTATION('',(#8476),#8480);
#8476 = CIRCLE('',#8477,12.);
#8477 = AXIS2_PLACEMENT_2D('',#8478,#8479);
#8478 = CARTESIAN_POINT('',(0.,0.));
#8479 = DIRECTION('',(1.,0.));
#8480 = ( GEOMETRIC_REPRESENTATION_CONTEXT(2) 
PARAMETRIC_REPRESENTATION_CONTEXT() REPRESENTATION_CONTEXT('2D SPACE',''
  ) );
#8481 = PCURVE('',#8482,#8487);
#8482 = CYLINDRICAL_SURFACE('',#8483,12.);
#8483 = AXIS2_PLACEMENT_3D('',#8484,#8485,#8486);
#8484 = CARTESIAN_POINT('',(0.,0.,0.));
#8485 = DIRECTION('',(0.,0.,1.));
#8486 = DIRECTION('',(1.,0.,0.));
#8487 = DEFINITIONAL_REPRESENTATION('',(#8488),#8492);
#8488 = LINE('',#8489,#8490);
#8489 = CARTESIAN_POINT('',(0.,71.));
#8490 = VECTOR('',#8491,1.);
#8491 = DIRECTION('',(1.,0.));
#8492 = ( GEOMETRIC_REPRESENTATION_CONTEXT(2) 
PARAMETRIC_REPRESENTATION_CONTEXT() REPRESENTATION_CONTEXT('2D SPACE',''
  ) );
#8493 = ADVANCED_FACE('',(#8494),#8447,.T.);
#8494 = FACE_BOUND('',#8495,.T.);
#8495 = EDGE_LOOP('',(#8496,#8497,#8520,#8547));
#8496 = ORIENTED_EDGE('',*,*,#8430,.F.);
#8497 = ORIENTED_EDGE('',*,*,#8498,.F.);
#8498 = EDGE_CURVE('',#8499,#8431,#8501,.T.);
#8499 = VERTEX_POINT('',#8500);
#8500 = CARTESIAN_POINT('',(30.,-7.347880794884E-15,33.));
#8501 = SEAM_CURVE('',#8502,(#8506,#8513),.PCURVE_S1.);
#8502 = LINE('',#8503,#8504);
#8503 = CARTESIAN_POINT('',(30.,-7.347880794884E-15,33.));
#8504 = VECTOR('',#8505,1.);
#8505 = DIRECTION('',(0.,0.,1.));
#8506 = PCURVE('',#8447,#8507);
#8507 = DEFINITIONAL_REPRESENTATION('',(#8508),#8512);
#8508 = LINE('',#8509,#8510);
#8509 = CARTESIAN_POINT('',(6.28318530718,-0.));
#8510 = VECTOR('',#8511,1.);
#8511 = DIRECTION('',(0.,1.));
#8512 = ( GEOMETRIC_REPRESENTATION_CONTEXT(2) 
PARAMETRIC_REPRESENTATION_CONTEXT() REPRESENTATION_CONTEXT('2D SPACE',''
  ) );
#8513 = PCURVE('',#8447,#8514);
#8514 = DEFINITIONAL_REPRESENTATION('',(#8515),#8519);
#8515 = LINE('',#8516,#8517);
#8516 = CARTESIAN_POINT('',(0.,-0.));
#8517 = VECTOR('',#8518,1.);
#8518 = DIRECTION('',(0.,1.));
#8519 = ( GEOMETRIC_REPRESENTATION_CONTEXT(2) 
PARAMETRIC_REPRESENTATION_CONTEXT() REPRESENTATION_CONTEXT('2D SPACE',''
  ) );
#8520 = ORIENTED_EDGE('',*,*,#8521,.T.);
#8521 = EDGE_CURVE('',#8499,#8499,#8522,.T.);
#8522 = SURFACE_CURVE('',#8523,(#8528,#8535),.PCURVE_S1.);
#8523 = CIRCLE('',#8524,30.);
#8524 = AXIS2_PLACEMENT_3D('',#8525,#8526,#8527);
#8525 = CARTESIAN_POINT('',(0.,0.,33.));
#8526 = DIRECTION('',(0.,0.,1.));
#8527 = DIRECTION('',(1.,0.,0.));
#8528 = PCURVE('',#8447,#8529);
#8529 = DEFINITIONAL_REPRESENTATION('',(#8530),#8534);
#8530 = LINE('',#8531,#8532);
#8531 = CARTESIAN_POINT('',(0.,0.));
#8532 = VECTOR('',#8533,1.);
#8533 = DIRECTION('',(1.,0.));
#8534 = ( GEOMETRIC_REPRESENTATION_CONTEXT(2) 
PARAMETRIC_REPRESENTATION_CONTEXT() REPRESENTATION_CONTEXT('2D SPACE',''
  ) );
#8535 = PCURVE('',#8536,#8541);
#8536 = PLANE('',#8537);
#8537 = AXIS2_PLACEMENT_3D('',#8538,#8539,#8540);
#8538 = CARTESIAN_POINT('',(0.,0.,33.));
#8539 = DIRECTION('',(0.,0.,1.));
#8540 = DIRECTION('',(1.,0.,0.));
#8541 = DEFINITIONAL_REPRESENTATION('',(#8542),#8546);
#8542 = CIRCLE('',#8543,30.);
#8543 = AXIS2_PLACEMENT_2D('',#8544,#8545);
#8544 = CARTESIAN_POINT('',(0.,0.));
#8545 = DIRECTION('',(1.,0.));
#8546 = ( GEOMETRIC_REPRESENTATION_CONTEXT(2) 
PARAMETRIC_REPRESENTATION_CONTEXT() REPRESENTATION_CONTEXT('2D SPACE',''
  ) );
#8547 = ORIENTED_EDGE('',*,*,#8498,.T.);
#8548 = ADVANCED_FACE('',(#8549),#8482,.T.);
#8549 = FACE_BOUND('',#8550,.T.);
#8550 = EDGE_LOOP('',(#8551,#8552,#8575,#8602));
#8551 = ORIENTED_EDGE('',*,*,#8465,.T.);
#8552 = ORIENTED_EDGE('',*,*,#8553,.T.);
#8553 = EDGE_CURVE('',#8466,#8554,#8556,.T.);
#8554 = VERTEX_POINT('',#8555);
#8555 = CARTESIAN_POINT('',(12.,-2.939152317954E-15,140.));
#8556 = SEAM_CURVE('',#8557,(#8561,#8568),.PCURVE_S1.);
#8557 = LINE('',#8558,#8559);
#8558 = CARTESIAN_POINT('',(12.,-2.939152317954E-15,0.));
#8559 = VECTOR('',#8560,1.);
#8560 = DIRECTION('',(0.,0.,1.));
#8561 = PCURVE('',#8482,#8562);
#8562 = DEFINITIONAL_REPRESENTATION('',(#8563),#8567);
#8563 = LINE('',#8564,#8565);
#8564 = CARTESIAN_POINT('',(0.,-0.));
#8565 = VECTOR('',#8566,1.);
#8566 = DIRECTION('',(0.,1.));
#8567 = ( GEOMETRIC_REPRESENTATION_CONTEXT(2) 
PARAMETRIC_REPRESENTATION_CONTEXT() REPRESENTATION_CONTEXT('2D SPACE',''
  ) );
#8568 = PCURVE('',#8482,#8569);
#8569 = DEFINITIONAL_REPRESENTATION('',(#8570),#8574);
#8570 = LINE('',#8571,#8572);
#8571 = CARTESIAN_POINT('',(6.28318530718,-0.));
#8572 = VECTOR('',#8573,1.);
#8573 = DIRECTION('',(0.,1.));
#8574 = ( GEOMETRIC_REPRESENTATION_CONTEXT(2) 
PARAMETRIC_REPRESENTATION_CONTEXT() REPRESENTATION_CONTEXT('2D SPACE',''
  ) );
#8575 = ORIENTED_EDGE('',*,*,#8576,.F.);
#8576 = EDGE_CURVE('',#8554,#8554,#8577,.T.);
#8577 = SURFACE_CURVE('',#8578,(#8583,#8590),.PCURVE_S1.);
#8578 = CIRCLE('',#8579,12.);
#8579 = AXIS2_PLACEMENT_3D('',#8580,#8581,#8582);
#8580 = CARTESIAN_POINT('',(0.,0.,140.));
#8581 = DIRECTION('',(0.,0.,1.));
#8582 = DIRECTION('',(1.,0.,0.));
#8583 = PCURVE('',#8482,#8584);
#8584 = DEFINITIONAL_REPRESENTATION('',(#8585),#8589);
#8585 = LINE('',#8586,#8587);
#8586 = CARTESIAN_POINT('',(0.,140.));
#8587 = VECTOR('',#8588,1.);
#8588 = DIRECTION('',(1.,0.));
#8589 = ( GEOMETRIC_REPRESENTATION_CONTEXT(2) 
PARAMETRIC_REPRESENTATION_CONTEXT() REPRESENTATION_CONTEXT('2D SPACE',''
  ) );
#8590 = PCURVE('',#8591,#8596);
#8591 = PLANE('',#8592);
#8592 = AXIS2_PLACEMENT_3D('',#8593,#8594,#8595);
#8593 = CARTESIAN_POINT('',(0.,0.,140.));
#8594 = DIRECTION('',(0.,0.,1.));
#8595 = DIRECTION('',(1.,0.,0.));
#8596 = DEFINITIONAL_REPRESENTATION('',(#8597),#8601);
#8597 = CIRCLE('',#8598,12.);
#8598 = AXIS2_PLACEMENT_2D('',#8599,#8600);
#8599 = CARTESIAN_POINT('',(0.,0.));
#8600 = DIRECTION('',(1.,0.));
#8601 = ( GEOMETRIC_REPRESENTATION_CONTEXT(2) 
PARAMETRIC_REPRESENTATION_CONTEXT() REPRESENTATION_CONTEXT('2D SPACE',''
  ) );
#8602 = ORIENTED_EDGE('',*,*,#8553,.F.);
#8603 = ADVANCED_FACE('',(#8604,#8607),#8536,.F.);
#8604 = FACE_BOUND('',#8605,.F.);
#8605 = EDGE_LOOP('',(#8606));
#8606 = ORIENTED_EDGE('',*,*,#8521,.T.);
#8607 = FACE_BOUND('',#8608,.F.);
#8608 = EDGE_LOOP('',(#8609));
#8609 = ORIENTED_EDGE('',*,*,#8610,.F.);
#8610 = EDGE_CURVE('',#8611,#8611,#8613,.T.);
#8611 = VERTEX_POINT('',#8612);
#8612 = CARTESIAN_POINT('',(12.,-2.939152317954E-15,33.));
#8613 = SURFACE_CURVE('',#8614,(#8619,#8626),.PCURVE_S1.);
#8614 = CIRCLE('',#8615,12.);
#8615 = AXIS2_PLACEMENT_3D('',#8616,#8617,#8618);
#8616 = CARTESIAN_POINT('',(0.,0.,33.));
#8617 = DIRECTION('',(0.,0.,1.));
#8618 = DIRECTION('',(1.,0.,-0.));
#8619 = PCURVE('',#8536,#8620);
#8620 = DEFINITIONAL_REPRESENTATION('',(#8621),#8625);
#8621 = CIRCLE('',#8622,12.);
#8622 = AXIS2_PLACEMENT_2D('',#8623,#8624);
#8623 = CARTESIAN_POINT('',(0.,0.));
#8624 = DIRECTION('',(1.,0.));
#8625 = ( GEOMETRIC_REPRESENTATION_CONTEXT(2) 
PARAMETRIC_REPRESENTATION_CONTEXT() REPRESENTATION_CONTEXT('2D SPACE',''
  ) );
#8626 = PCURVE('',#8627,#8632);
#8627 = CYLINDRICAL_SURFACE('',#8628,12.);
#8628 = AXIS2_PLACEMENT_3D('',#8629,#8630,#8631);
#8629 = CARTESIAN_POINT('',(0.,0.,0.));
#8630 = DIRECTION('',(0.,0.,1.));
#8631 = DIRECTION('',(1.,0.,0.));
#8632 = DEFINITIONAL_REPRESENTATION('',(#8633),#8637);
#8633 = LINE('',#8634,#8635);
#8634 = CARTESIAN_POINT('',(0.,33.));
#8635 = VECTOR('',#8636,1.);
#8636 = DIRECTION('',(1.,0.));
#8637 = ( GEOMETRIC_REPRESENTATION_CONTEXT(2) 
PARAMETRIC_REPRESENTATION_CONTEXT() REPRESENTATION_CONTEXT('2D SPACE',''
  ) );
#8638 = ADVANCED_FACE('',(#8639),#8591,.T.);
#8639 = FACE_BOUND('',#8640,.T.);
#8640 = EDGE_LOOP('',(#8641));
#8641 = ORIENTED_EDGE('',*,*,#8576,.T.);
#8642 = ADVANCED_FACE('',(#8643),#8627,.T.);
#8643 = FACE_BOUND('',#8644,.T.);
#8644 = EDGE_LOOP('',(#8645,#8646,#8669,#8696));
#8645 = ORIENTED_EDGE('',*,*,#8610,.F.);
#8646 = ORIENTED_EDGE('',*,*,#8647,.F.);
#8647 = EDGE_CURVE('',#8648,#8611,#8650,.T.);
#8648 = VERTEX_POINT('',#8649);
#8649 = CARTESIAN_POINT('',(12.,-2.939152317954E-15,0.));
#8650 = SEAM_CURVE('',#8651,(#8655,#8662),.PCURVE_S1.);
#8651 = LINE('',#8652,#8653);
#8652 = CARTESIAN_POINT('',(12.,-2.939152317954E-15,0.));
#8653 = VECTOR('',#8654,1.);
#8654 = DIRECTION('',(0.,0.,1.));
#8655 = PCURVE('',#8627,#8656);
#8656 = DEFINITIONAL_REPRESENTATION('',(#8657),#8661);
#8657 = LINE('',#8658,#8659);
#8658 = CARTESIAN_POINT('',(6.28318530718,-0.));
#8659 = VECTOR('',#8660,1.);
#8660 = DIRECTION('',(0.,1.));
#8661 = ( GEOMETRIC_REPRESENTATION_CONTEXT(2) 
PARAMETRIC_REPRESENTATION_CONTEXT() REPRESENTATION_CONTEXT('2D SPACE',''
  ) );
#8662 = PCURVE('',#8627,#8663);
#8663 = DEFINITIONAL_REPRESENTATION('',(#8664),#8668);
#8664 = LINE('',#8665,#8666);
#8665 = CARTESIAN_POINT('',(0.,-0.));
#8666 = VECTOR('',#8667,1.);
#8667 = DIRECTION('',(0.,1.));
#8668 = ( GEOMETRIC_REPRESENTATION_CONTEXT(2) 
PARAMETRIC_REPRESENTATION_CONTEXT() REPRESENTATION_CONTEXT('2D SPACE',''
  ) );
#8669 = ORIENTED_EDGE('',*,*,#8670,.T.);
#8670 = EDGE_CURVE('',#8648,#8648,#8671,.T.);
#8671 = SURFACE_CURVE('',#8672,(#8677,#8684),.PCURVE_S1.);
#8672 = CIRCLE('',#8673,12.);
#8673 = AXIS2_PLACEMENT_3D('',#8674,#8675,#8676);
#8674 = CARTESIAN_POINT('',(0.,0.,0.));
#8675 = DIRECTION('',(0.,0.,1.));
#8676 = DIRECTION('',(1.,0.,0.));
#8677 = PCURVE('',#8627,#8678);
#8678 = DEFINITIONAL_REPRESENTATION('',(#8679),#8683);
#8679 = LINE('',#8680,#8681);
#8680 = CARTESIAN_POINT('',(0.,0.));
#8681 = VECTOR('',#8682,1.);
#8682 = DIRECTION('',(1.,0.));
#8683 = ( GEOMETRIC_REPRESENTATION_CONTEXT(2) 
PARAMETRIC_REPRESENTATION_CONTEXT() REPRESENTATION_CONTEXT('2D SPACE',''
  ) );
#8684 = PCURVE('',#8685,#8690);
#8685 = PLANE('',#8686);
#8686 = AXIS2_PLACEMENT_3D('',#8687,#8688,#8689);
#8687 = CARTESIAN_POINT('',(0.,0.,0.));
#8688 = DIRECTION('',(0.,0.,1.));
#8689 = DIRECTION('',(1.,0.,0.));
#8690 = DEFINITIONAL_REPRESENTATION('',(#8691),#8695);
#8691 = CIRCLE('',#8692,12.);
#8692 = AXIS2_PLACEMENT_2D('',#8693,#8694);
#8693 = CARTESIAN_POINT('',(0.,0.));
#8694 = DIRECTION('',(1.,0.));
#8695 = ( GEOMETRIC_REPRESENTATION_CONTEXT(2) 
PARAMETRIC_REPRESENTATION_CONTEXT() REPRESENTATION_CONTEXT('2D SPACE',''
  ) );
#8696 = ORIENTED_EDGE('',*,*,#8647,.T.);
#8697 = ADVANCED_FACE('',(#8698),#8685,.F.);
#8698 = FACE_BOUND('',#8699,.T.);
#8699 = EDGE_LOOP('',(#8700));
#8700 = ORIENTED_EDGE('',*,*,#8670,.F.);
#8701 = ( GEOMETRIC_REPRESENTATION_CONTEXT(3) 
GLOBAL_UNCERTAINTY_ASSIGNED_CONTEXT((#8705)) 
GLOBAL_UNIT_ASSIGNED_CONTEXT((#8702,#8703,#8704)) REPRESENTATION_CONTEXT
('Context #1','3D Context with UNIT and UNCERTAINTY') );
#8702 = ( LENGTH_UNIT() NAMED_UNIT(*) SI_UNIT(.MILLI.,.METRE.) );
#8703 = ( NAMED_UNIT(*) PLANE_ANGLE_UNIT() SI_UNIT($,.RADIAN.) );
#8704 = ( NAMED_UNIT(*) SI_UNIT($,.STERADIAN.) SOLID_ANGLE_UNIT() );
#8705 = UNCERTAINTY_MEASURE_WITH_UNIT(LENGTH_MEASURE(1.E-07),#8702,
  'distance_accuracy_value','confusion accuracy');
#8706 = CONTEXT_DEPENDENT_SHAPE_REPRESENTATION(#8707,#8709);
#8707 = ( REPRESENTATION_RELATIONSHIP('','',#8152,#10) 
REPRESENTATION_RELATIONSHIP_WITH_TRANSFORMATION(#8708) 
SHAPE_REPRESENTATION_RELATIONSHIP() );
#8708 = ITEM_DEFINED_TRANSFORMATION('','',#11,#31);
#8709 = PRODUCT_DEFINITION_SHAPE('Placement','Placement of an item',
  #8710);
#8710 = NEXT_ASSEMBLY_USAGE_OCCURRENCE('7','shaft','',#5,#8147,$);
#8711 = PRODUCT_RELATED_PRODUCT_CATEGORY('part',$,(#8149));
#8712 = SHAPE_DEFINITION_REPRESENTATION(#8713,#8719);
#8713 = PRODUCT_DEFINITION_SHAPE('','',#8714);
#8714 = PRODUCT_DEFINITION('design','',#8715,#8718);
#8715 = PRODUCT_DEFINITION_FORMATION('','',#8716);
#8716 = PRODUCT('wheel_head','wheel_head','',(#8717));
#8717 = PRODUCT_CONTEXT('',#2,'mechanical');
#8718 = PRODUCT_DEFINITION_CONTEXT('part definition',#2,'design');
#8719 = ADVANCED_BREP_SHAPE_REPRESENTATION('',(#11,#8720),#9430);
#8720 = MANIFOLD_SOLID_BREP('',#8721);
#8721 = CLOSED_SHELL('',(#8722,#8790,#8844,#8899,#8954,#9008,#9012,#9047
    ,#9102,#9156,#9253,#9308,#9363,#9418,#9422,#9426));
#8722 = ADVANCED_FACE('',(#8723,#8759),#8736,.F.);
#8723 = FACE_BOUND('',#8724,.F.);
#8724 = EDGE_LOOP('',(#8725));
#8725 = ORIENTED_EDGE('',*,*,#8726,.F.);
#8726 = EDGE_CURVE('',#8727,#8727,#8729,.T.);
#8727 = VERTEX_POINT('',#8728);
#8728 = CARTESIAN_POINT('',(24.,0.,0.));
#8729 = SURFACE_CURVE('',#8730,(#8735,#8747),.PCURVE_S1.);
#8730 = CIRCLE('',#8731,24.);
#8731 = AXIS2_PLACEMENT_3D('',#8732,#8733,#8734);
#8732 = CARTESIAN_POINT('',(0.,0.,0.));
#8733 = DIRECTION('',(0.,0.,1.));
#8734 = DIRECTION('',(1.,0.,-0.));
#8735 = PCURVE('',#8736,#8741);
#8736 = PLANE('',#8737);
#8737 = AXIS2_PLACEMENT_3D('',#8738,#8739,#8740);
#8738 = CARTESIAN_POINT('',(0.,0.,0.));
#8739 = DIRECTION('',(0.,0.,1.));
#8740 = DIRECTION('',(1.,0.,0.));
#8741 = DEFINITIONAL_REPRESENTATION('',(#8742),#8746);
#8742 = CIRCLE('',#8743,24.);
#8743 = AXIS2_PLACEMENT_2D('',#8744,#8745);
#8744 = CARTESIAN_POINT('',(0.,0.));
#8745 = DIRECTION('',(1.,0.));
#8746 = ( GEOMETRIC_REPRESENTATION_CONTEXT(2) 
PARAMETRIC_REPRESENTATION_CONTEXT() REPRESENTATION_CONTEXT('2D SPACE',''
  ) );
#8747 = PCURVE('',#8748,#8753);
#8748 = TOROIDAL_SURFACE('',#8749,24.,1.5);
#8749 = AXIS2_PLACEMENT_3D('',#8750,#8751,#8752);
#8750 = CARTESIAN_POINT('',(0.,0.,-1.5));
#8751 = DIRECTION('',(0.,0.,1.));
#8752 = DIRECTION('',(1.,0.,-0.));
#8753 = DEFINITIONAL_REPRESENTATION('',(#8754),#8758);
#8754 = LINE('',#8755,#8756);
#8755 = CARTESIAN_POINT('',(0.,1.570796326795));
#8756 = VECTOR('',#8757,1.);
#8757 = DIRECTION('',(1.,0.));
#8758 = ( GEOMETRIC_REPRESENTATION_CONTEXT(2) 
PARAMETRIC_REPRESENTATION_CONTEXT() REPRESENTATION_CONTEXT('2D SPACE',''
  ) );
#8759 = FACE_BOUND('',#8760,.F.);
#8760 = EDGE_LOOP('',(#8761));
#8761 = ORIENTED_EDGE('',*,*,#8762,.T.);
#8762 = EDGE_CURVE('',#8763,#8763,#8765,.T.);
#8763 = VERTEX_POINT('',#8764);
#8764 = CARTESIAN_POINT('',(150.,-3.673940397442E-14,0.));
#8765 = SURFACE_CURVE('',#8766,(#8771,#8778),.PCURVE_S1.);
#8766 = CIRCLE('',#8767,150.);
#8767 = AXIS2_PLACEMENT_3D('',#8768,#8769,#8770);
#8768 = CARTESIAN_POINT('',(0.,0.,0.));
#8769 = DIRECTION('',(0.,0.,1.));
#8770 = DIRECTION('',(1.,0.,0.));
#8771 = PCURVE('',#8736,#8772);
#8772 = DEFINITIONAL_REPRESENTATION('',(#8773),#8777);
#8773 = CIRCLE('',#8774,150.);
#8774 = AXIS2_PLACEMENT_2D('',#8775,#8776);
#8775 = CARTESIAN_POINT('',(0.,0.));
#8776 = DIRECTION('',(1.,0.));
#8777 = ( GEOMETRIC_REPRESENTATION_CONTEXT(2) 
PARAMETRIC_REPRESENTATION_CONTEXT() REPRESENTATION_CONTEXT('2D SPACE',''
  ) );
#8778 = PCURVE('',#8779,#8784);
#8779 = CYLINDRICAL_SURFACE('',#8780,150.);
#8780 = AXIS2_PLACEMENT_3D('',#8781,#8782,#8783);
#8781 = CARTESIAN_POINT('',(0.,0.,0.));
#8782 = DIRECTION('',(0.,0.,1.));
#8783 = DIRECTION('',(1.,0.,-0.));
#8784 = DEFINITIONAL_REPRESENTATION('',(#8785),#8789);
#8785 = LINE('',#8786,#8787);
#8786 = CARTESIAN_POINT('',(0.,0.));
#8787 = VECTOR('',#8788,1.);
#8788 = DIRECTION('',(1.,0.));
#8789 = ( GEOMETRIC_REPRESENTATION_CONTEXT(2) 
PARAMETRIC_REPRESENTATION_CONTEXT() REPRESENTATION_CONTEXT('2D SPACE',''
  ) );
#8790 = ADVANCED_FACE('',(#8791),#8748,.F.);
#8791 = FACE_BOUND('',#8792,.F.);
#8792 = EDGE_LOOP('',(#8793,#8815,#8816,#8817));
#8793 = ORIENTED_EDGE('',*,*,#8794,.F.);
#8794 = EDGE_CURVE('',#8727,#8795,#8797,.T.);
#8795 = VERTEX_POINT('',#8796);
#8796 = CARTESIAN_POINT('',(22.5,0.,-1.5));
#8797 = SEAM_CURVE('',#8798,(#8803,#8809),.PCURVE_S1.);
#8798 = CIRCLE('',#8799,1.5);
#8799 = AXIS2_PLACEMENT_3D('',#8800,#8801,#8802);
#8800 = CARTESIAN_POINT('',(24.,0.,-1.5));
#8801 = DIRECTION('',(0.,-1.,0.));
#8802 = DIRECTION('',(1.,0.,0.));
#8803 = PCURVE('',#8748,#8804);
#8804 = DEFINITIONAL_REPRESENTATION('',(#8805),#8808);
#8805 = B_SPLINE_CURVE_WITH_KNOTS('',1,(#8806,#8807),.UNSPECIFIED.,.F.,
  .F.,(2,2),(1.570796326795,3.14159265359),.PIECEWISE_BEZIER_KNOTS.);
#8806 = CARTESIAN_POINT('',(0.,1.570796326795));
#8807 = CARTESIAN_POINT('',(0.,3.14159265359));
#8808 = ( GEOMETRIC_REPRESENTATION_CONTEXT(2) 
PARAMETRIC_REPRESENTATION_CONTEXT() REPRESENTATION_CONTEXT('2D SPACE',''
  ) );
#8809 = PCURVE('',#8748,#8810);
#8810 = DEFINITIONAL_REPRESENTATION('',(#8811),#8814);
#8811 = B_SPLINE_CURVE_WITH_KNOTS('',1,(#8812,#8813),.UNSPECIFIED.,.F.,
  .F.,(2,2),(1.570796326795,3.14159265359),.PIECEWISE_BEZIER_KNOTS.);
#8812 = CARTESIAN_POINT('',(6.28318530718,1.570796326795));
#8813 = CARTESIAN_POINT('',(6.28318530718,3.14159265359));
#8814 = ( GEOMETRIC_REPRESENTATION_CONTEXT(2) 
PARAMETRIC_REPRESENTATION_CONTEXT() REPRESENTATION_CONTEXT('2D SPACE',''
  ) );
#8815 = ORIENTED_EDGE('',*,*,#8726,.T.);
#8816 = ORIENTED_EDGE('',*,*,#8794,.T.);
#8817 = ORIENTED_EDGE('',*,*,#8818,.F.);
#8818 = EDGE_CURVE('',#8795,#8795,#8819,.T.);
#8819 = SURFACE_CURVE('',#8820,(#8825,#8832),.PCURVE_S1.);
#8820 = CIRCLE('',#8821,22.5);
#8821 = AXIS2_PLACEMENT_3D('',#8822,#8823,#8824);
#8822 = CARTESIAN_POINT('',(0.,0.,-1.5));
#8823 = DIRECTION('',(0.,0.,1.));
#8824 = DIRECTION('',(1.,0.,-0.));
#8825 = PCURVE('',#8748,#8826);
#8826 = DEFINITIONAL_REPRESENTATION('',(#8827),#8831);
#8827 = LINE('',#8828,#8829);
#8828 = CARTESIAN_POINT('',(0.,3.14159265359));
#8829 = VECTOR('',#8830,1.);
#8830 = DIRECTION('',(1.,0.));
#8831 = ( GEOMETRIC_REPRESENTATION_CONTEXT(2) 
PARAMETRIC_REPRESENTATION_CONTEXT() REPRESENTATION_CONTEXT('2D SPACE',''
  ) );
#8832 = PCURVE('',#8833,#8838);
#8833 = CYLINDRICAL_SURFACE('',#8834,22.5);
#8834 = AXIS2_PLACEMENT_3D('',#8835,#8836,#8837);
#8835 = CARTESIAN_POINT('',(0.,0.,-12.));
#8836 = DIRECTION('',(0.,0.,1.));
#8837 = DIRECTION('',(1.,0.,0.));
#8838 = DEFINITIONAL_REPRESENTATION('',(#8839),#8843);
#8839 = LINE('',#8840,#8841);
#8840 = CARTESIAN_POINT('',(0.,10.5));
#8841 = VECTOR('',#8842,1.);
#8842 = DIRECTION('',(1.,0.));
#8843 = ( GEOMETRIC_REPRESENTATION_CONTEXT(2) 
PARAMETRIC_REPRESENTATION_CONTEXT() REPRESENTATION_CONTEXT('2D SPACE',''
  ) );
#8844 = ADVANCED_FACE('',(#8845),#8779,.T.);
#8845 = FACE_BOUND('',#8846,.T.);
#8846 = EDGE_LOOP('',(#8847,#8870,#8897,#8898));
#8847 = ORIENTED_EDGE('',*,*,#8848,.T.);
#8848 = EDGE_CURVE('',#8763,#8849,#8851,.T.);
#8849 = VERTEX_POINT('',#8850);
#8850 = CARTESIAN_POINT('',(150.,0.,23.));
#8851 = SEAM_CURVE('',#8852,(#8856,#8863),.PCURVE_S1.);
#8852 = LINE('',#8853,#8854);
#8853 = CARTESIAN_POINT('',(150.,-3.673940397442E-14,0.));
#8854 = VECTOR('',#8855,1.);
#8855 = DIRECTION('',(0.,0.,1.));
#8856 = PCURVE('',#8779,#8857);
#8857 = DEFINITIONAL_REPRESENTATION('',(#8858),#8862);
#8858 = LINE('',#8859,#8860);
#8859 = CARTESIAN_POINT('',(6.28318530718,-0.));
#8860 = VECTOR('',#8861,1.);
#8861 = DIRECTION('',(0.,1.));
#8862 = ( GEOMETRIC_REPRESENTATION_CONTEXT(2) 
PARAMETRIC_REPRESENTATION_CONTEXT() REPRESENTATION_CONTEXT('2D SPACE',''
  ) );
#8863 = PCURVE('',#8779,#8864);
#8864 = DEFINITIONAL_REPRESENTATION('',(#8865),#8869);
#8865 = LINE('',#8866,#8867);
#8866 = CARTESIAN_POINT('',(0.,-0.));
#8867 = VECTOR('',#8868,1.);
#8868 = DIRECTION('',(0.,1.));
#8869 = ( GEOMETRIC_REPRESENTATION_CONTEXT(2) 
PARAMETRIC_REPRESENTATION_CONTEXT() REPRESENTATION_CONTEXT('2D SPACE',''
  ) );
#8870 = ORIENTED_EDGE('',*,*,#8871,.F.);
#8871 = EDGE_CURVE('',#8849,#8849,#8872,.T.);
#8872 = SURFACE_CURVE('',#8873,(#8878,#8885),.PCURVE_S1.);
#8873 = CIRCLE('',#8874,150.);
#8874 = AXIS2_PLACEMENT_3D('',#8875,#8876,#8877);
#8875 = CARTESIAN_POINT('',(0.,0.,23.));
#8876 = DIRECTION('',(0.,0.,1.));
#8877 = DIRECTION('',(1.,0.,-0.));
#8878 = PCURVE('',#8779,#8879);
#8879 = DEFINITIONAL_REPRESENTATION('',(#8880),#8884);
#8880 = LINE('',#8881,#8882);
#8881 = CARTESIAN_POINT('',(0.,23.));
#8882 = VECTOR('',#8883,1.);
#8883 = DIRECTION('',(1.,0.));
#8884 = ( GEOMETRIC_REPRESENTATION_CONTEXT(2) 
PARAMETRIC_REPRESENTATION_CONTEXT() REPRESENTATION_CONTEXT('2D SPACE',''
  ) );
#8885 = PCURVE('',#8886,#8891);
#8886 = TOROIDAL_SURFACE('',#8887,148.,2.);
#8887 = AXIS2_PLACEMENT_3D('',#8888,#8889,#8890);
#8888 = CARTESIAN_POINT('',(0.,0.,23.));
#8889 = DIRECTION('',(0.,0.,1.));
#8890 = DIRECTION('',(1.,0.,-0.));
#8891 = DEFINITIONAL_REPRESENTATION('',(#8892),#8896);
#8892 = LINE('',#8893,#8894);
#8893 = CARTESIAN_POINT('',(0.,0.));
#8894 = VECTOR('',#8895,1.);
#8895 = DIRECTION('',(1.,0.));
#8896 = ( GEOMETRIC_REPRESENTATION_CONTEXT(2) 
PARAMETRIC_REPRESENTATION_CONTEXT() REPRESENTATION_CONTEXT('2D SPACE',''
  ) );
#8897 = ORIENTED_EDGE('',*,*,#8848,.F.);
#8898 = ORIENTED_EDGE('',*,*,#8762,.T.);
#8899 = ADVANCED_FACE('',(#8900),#8833,.T.);
#8900 = FACE_BOUND('',#8901,.T.);
#8901 = EDGE_LOOP('',(#8902,#8925,#8926,#8927));
#8902 = ORIENTED_EDGE('',*,*,#8903,.T.);
#8903 = EDGE_CURVE('',#8904,#8795,#8906,.T.);
#8904 = VERTEX_POINT('',#8905);
#8905 = CARTESIAN_POINT('',(22.5,-5.510910596163E-15,-12.));
#8906 = SEAM_CURVE('',#8907,(#8911,#8918),.PCURVE_S1.);
#8907 = LINE('',#8908,#8909);
#8908 = CARTESIAN_POINT('',(22.5,-5.510910596163E-15,-12.));
#8909 = VECTOR('',#8910,1.);
#8910 = DIRECTION('',(0.,0.,1.));
#8911 = PCURVE('',#8833,#8912);
#8912 = DEFINITIONAL_REPRESENTATION('',(#8913),#8917);
#8913 = LINE('',#8914,#8915);
#8914 = CARTESIAN_POINT('',(6.28318530718,-0.));
#8915 = VECTOR('',#8916,1.);
#8916 = DIRECTION('',(0.,1.));
#8917 = ( GEOMETRIC_REPRESENTATION_CONTEXT(2) 
PARAMETRIC_REPRESENTATION_CONTEXT() REPRESENTATION_CONTEXT('2D SPACE',''
  ) );
#8918 = PCURVE('',#8833,#8919);
#8919 = DEFINITIONAL_REPRESENTATION('',(#8920),#8924);
#8920 = LINE('',#8921,#8922);
#8921 = CARTESIAN_POINT('',(0.,-0.));
#8922 = VECTOR('',#8923,1.);
#8923 = DIRECTION('',(0.,1.));
#8924 = ( GEOMETRIC_REPRESENTATION_CONTEXT(2) 
PARAMETRIC_REPRESENTATION_CONTEXT() REPRESENTATION_CONTEXT('2D SPACE',''
  ) );
#8925 = ORIENTED_EDGE('',*,*,#8818,.F.);
#8926 = ORIENTED_EDGE('',*,*,#8903,.F.);
#8927 = ORIENTED_EDGE('',*,*,#8928,.T.);
#8928 = EDGE_CURVE('',#8904,#8904,#8929,.T.);
#8929 = SURFACE_CURVE('',#8930,(#8935,#8942),.PCURVE_S1.);
#8930 = CIRCLE('',#8931,22.5);
#8931 = AXIS2_PLACEMENT_3D('',#8932,#8933,#8934);
#8932 = CARTESIAN_POINT('',(0.,0.,-12.));
#8933 = DIRECTION('',(0.,0.,1.));
#8934 = DIRECTION('',(1.,0.,0.));
#8935 = PCURVE('',#8833,#8936);
#8936 = DEFINITIONAL_REPRESENTATION('',(#8937),#8941);
#8937 = LINE('',#8938,#8939);
#8938 = CARTESIAN_POINT('',(0.,0.));
#8939 = VECTOR('',#8940,1.);
#8940 = DIRECTION('',(1.,0.));
#8941 = ( GEOMETRIC_REPRESENTATION_CONTEXT(2) 
PARAMETRIC_REPRESENTATION_CONTEXT() REPRESENTATION_CONTEXT('2D SPACE',''
  ) );
#8942 = PCURVE('',#8943,#8948);
#8943 = PLANE('',#8944);
#8944 = AXIS2_PLACEMENT_3D('',#8945,#8946,#8947);
#8945 = CARTESIAN_POINT('',(0.,0.,-12.));
#8946 = DIRECTION('',(0.,0.,1.));
#8947 = DIRECTION('',(1.,0.,0.));
#8948 = DEFINITIONAL_REPRESENTATION('',(#8949),#8953);
#8949 = CIRCLE('',#8950,22.5);
#8950 = AXIS2_PLACEMENT_2D('',#8951,#8952);
#8951 = CARTESIAN_POINT('',(0.,0.));
#8952 = DIRECTION('',(1.,0.));
#8953 = ( GEOMETRIC_REPRESENTATION_CONTEXT(2) 
PARAMETRIC_REPRESENTATION_CONTEXT() REPRESENTATION_CONTEXT('2D SPACE',''
  ) );
#8954 = ADVANCED_FACE('',(#8955),#8886,.T.);
#8955 = FACE_BOUND('',#8956,.T.);
#8956 = EDGE_LOOP('',(#8957,#8979,#8980,#8981));
#8957 = ORIENTED_EDGE('',*,*,#8958,.F.);
#8958 = EDGE_CURVE('',#8849,#8959,#8961,.T.);
#8959 = VERTEX_POINT('',#8960);
#8960 = CARTESIAN_POINT('',(148.,0.,25.));
#8961 = SEAM_CURVE('',#8962,(#8967,#8973),.PCURVE_S1.);
#8962 = CIRCLE('',#8963,2.);
#8963 = AXIS2_PLACEMENT_3D('',#8964,#8965,#8966);
#8964 = CARTESIAN_POINT('',(148.,0.,23.));
#8965 = DIRECTION('',(0.,-1.,0.));
#8966 = DIRECTION('',(1.,0.,0.));
#8967 = PCURVE('',#8886,#8968);
#8968 = DEFINITIONAL_REPRESENTATION('',(#8969),#8972);
#8969 = B_SPLINE_CURVE_WITH_KNOTS('',1,(#8970,#8971),.UNSPECIFIED.,.F.,
  .F.,(2,2),(0.,1.570796326795),.PIECEWISE_BEZIER_KNOTS.);
#8970 = CARTESIAN_POINT('',(0.,0.));
#8971 = CARTESIAN_POINT('',(0.,1.570796326795));
#8972 = ( GEOMETRIC_REPRESENTATION_CONTEXT(2) 
PARAMETRIC_REPRESENTATION_CONTEXT() REPRESENTATION_CONTEXT('2D SPACE',''
  ) );
#8973 = PCURVE('',#8886,#8974);
#8974 = DEFINITIONAL_REPRESENTATION('',(#8975),#8978);
#8975 = B_SPLINE_CURVE_WITH_KNOTS('',1,(#8976,#8977),.UNSPECIFIED.,.F.,
  .F.,(2,2),(0.,1.570796326795),.PIECEWISE_BEZIER_KNOTS.);
#8976 = CARTESIAN_POINT('',(6.28318530718,0.));
#8977 = CARTESIAN_POINT('',(6.28318530718,1.570796326795));
#8978 = ( GEOMETRIC_REPRESENTATION_CONTEXT(2) 
PARAMETRIC_REPRESENTATION_CONTEXT() REPRESENTATION_CONTEXT('2D SPACE',''
  ) );
#8979 = ORIENTED_EDGE('',*,*,#8871,.T.);
#8980 = ORIENTED_EDGE('',*,*,#8958,.T.);
#8981 = ORIENTED_EDGE('',*,*,#8982,.F.);
#8982 = EDGE_CURVE('',#8959,#8959,#8983,.T.);
#8983 = SURFACE_CURVE('',#8984,(#8989,#8996),.PCURVE_S1.);
#8984 = CIRCLE('',#8985,148.);
#8985 = AXIS2_PLACEMENT_3D('',#8986,#8987,#8988);
#8986 = CARTESIAN_POINT('',(0.,0.,25.));
#8987 = DIRECTION('',(0.,0.,1.));
#8988 = DIRECTION('',(1.,0.,-0.));
#8989 = PCURVE('',#8886,#8990);
#8990 = DEFINITIONAL_REPRESENTATION('',(#8991),#8995);
#8991 = LINE('',#8992,#8993);
#8992 = CARTESIAN_POINT('',(0.,1.570796326795));
#8993 = VECTOR('',#8994,1.);
#8994 = DIRECTION('',(1.,0.));
#8995 = ( GEOMETRIC_REPRESENTATION_CONTEXT(2) 
PARAMETRIC_REPRESENTATION_CONTEXT() REPRESENTATION_CONTEXT('2D SPACE',''
  ) );
#8996 = PCURVE('',#8997,#9002);
#8997 = PLANE('',#8998);
#8998 = AXIS2_PLACEMENT_3D('',#8999,#9000,#9001);
#8999 = CARTESIAN_POINT('',(0.,0.,25.));
#9000 = DIRECTION('',(0.,0.,1.));
#9001 = DIRECTION('',(1.,0.,0.));
#9002 = DEFINITIONAL_REPRESENTATION('',(#9003),#9007);
#9003 = CIRCLE('',#9004,148.);
#9004 = AXIS2_PLACEMENT_2D('',#9005,#9006);
#9005 = CARTESIAN_POINT('',(0.,0.));
#9006 = DIRECTION('',(1.,0.));
#9007 = ( GEOMETRIC_REPRESENTATION_CONTEXT(2) 
PARAMETRIC_REPRESENTATION_CONTEXT() REPRESENTATION_CONTEXT('2D SPACE',''
  ) );
#9008 = ADVANCED_FACE('',(#9009),#8943,.F.);
#9009 = FACE_BOUND('',#9010,.T.);
#9010 = EDGE_LOOP('',(#9011));
#9011 = ORIENTED_EDGE('',*,*,#8928,.F.);
#9012 = ADVANCED_FACE('',(#9013,#9016),#8997,.T.);
#9013 = FACE_BOUND('',#9014,.T.);
#9014 = EDGE_LOOP('',(#9015));
#9015 = ORIENTED_EDGE('',*,*,#8982,.T.);
#9016 = FACE_BOUND('',#9017,.T.);
#9017 = EDGE_LOOP('',(#9018));
#9018 = ORIENTED_EDGE('',*,*,#9019,.F.);
#9019 = EDGE_CURVE('',#9020,#9020,#9022,.T.);
#9020 = VERTEX_POINT('',#9021);
#9021 = CARTESIAN_POINT('',(135.,-3.306546357698E-14,25.));
#9022 = SURFACE_CURVE('',#9023,(#9028,#9035),.PCURVE_S1.);
#9023 = CIRCLE('',#9024,135.);
#9024 = AXIS2_PLACEMENT_3D('',#9025,#9026,#9027);
#9025 = CARTESIAN_POINT('',(0.,0.,25.));
#9026 = DIRECTION('',(0.,0.,1.));
#9027 = DIRECTION('',(1.,0.,-0.));
#9028 = PCURVE('',#8997,#9029);
#9029 = DEFINITIONAL_REPRESENTATION('',(#9030),#9034);
#9030 = CIRCLE('',#9031,135.);
#9031 = AXIS2_PLACEMENT_2D('',#9032,#9033);
#9032 = CARTESIAN_POINT('',(0.,0.));
#9033 = DIRECTION('',(1.,0.));
#9034 = ( GEOMETRIC_REPRESENTATION_CONTEXT(2) 
PARAMETRIC_REPRESENTATION_CONTEXT() REPRESENTATION_CONTEXT('2D SPACE',''
  ) );
#9035 = PCURVE('',#9036,#9041);
#9036 = CYLINDRICAL_SURFACE('',#9037,135.);
#9037 = AXIS2_PLACEMENT_3D('',#9038,#9039,#9040);
#9038 = CARTESIAN_POINT('',(0.,0.,19.));
#9039 = DIRECTION('',(0.,0.,1.));
#9040 = DIRECTION('',(1.,0.,0.));
#9041 = DEFINITIONAL_REPRESENTATION('',(#9042),#9046);
#9042 = LINE('',#9043,#9044);
#9043 = CARTESIAN_POINT('',(0.,6.));
#9044 = VECTOR('',#9045,1.);
#9045 = DIRECTION('',(1.,0.));
#9046 = ( GEOMETRIC_REPRESENTATION_CONTEXT(2) 
PARAMETRIC_REPRESENTATION_CONTEXT() REPRESENTATION_CONTEXT('2D SPACE',''
  ) );
#9047 = ADVANCED_FACE('',(#9048),#9036,.F.);
#9048 = FACE_BOUND('',#9049,.F.);
#9049 = EDGE_LOOP('',(#9050,#9073,#9074,#9075));
#9050 = ORIENTED_EDGE('',*,*,#9051,.T.);
#9051 = EDGE_CURVE('',#9052,#9020,#9054,.T.);
#9052 = VERTEX_POINT('',#9053);
#9053 = CARTESIAN_POINT('',(135.,0.,21.));
#9054 = SEAM_CURVE('',#9055,(#9059,#9066),.PCURVE_S1.);
#9055 = LINE('',#9056,#9057);
#9056 = CARTESIAN_POINT('',(135.,-3.306546357698E-14,19.));
#9057 = VECTOR('',#9058,1.);
#9058 = DIRECTION('',(0.,0.,1.));
#9059 = PCURVE('',#9036,#9060);
#9060 = DEFINITIONAL_REPRESENTATION('',(#9061),#9065);
#9061 = LINE('',#9062,#9063);
#9062 = CARTESIAN_POINT('',(6.28318530718,-0.));
#9063 = VECTOR('',#9064,1.);
#9064 = DIRECTION('',(0.,1.));
#9065 = ( GEOMETRIC_REPRESENTATION_CONTEXT(2) 
PARAMETRIC_REPRESENTATION_CONTEXT() REPRESENTATION_CONTEXT('2D SPACE',''
  ) );
#9066 = PCURVE('',#9036,#9067);
#9067 = DEFINITIONAL_REPRESENTATION('',(#9068),#9072);
#9068 = LINE('',#9069,#9070);
#9069 = CARTESIAN_POINT('',(0.,-0.));
#9070 = VECTOR('',#9071,1.);
#9071 = DIRECTION('',(0.,1.));
#9072 = ( GEOMETRIC_REPRESENTATION_CONTEXT(2) 
PARAMETRIC_REPRESENTATION_CONTEXT() REPRESENTATION_CONTEXT('2D SPACE',''
  ) );
#9073 = ORIENTED_EDGE('',*,*,#9019,.F.);
#9074 = ORIENTED_EDGE('',*,*,#9051,.F.);
#9075 = ORIENTED_EDGE('',*,*,#9076,.T.);
#9076 = EDGE_CURVE('',#9052,#9052,#9077,.T.);
#9077 = SURFACE_CURVE('',#9078,(#9083,#9090),.PCURVE_S1.);
#9078 = CIRCLE('',#9079,135.);
#9079 = AXIS2_PLACEMENT_3D('',#9080,#9081,#9082);
#9080 = CARTESIAN_POINT('',(0.,0.,21.));
#9081 = DIRECTION('',(0.,0.,1.));
#9082 = DIRECTION('',(1.,0.,-0.));
#9083 = PCURVE('',#9036,#9084);
#9084 = DEFINITIONAL_REPRESENTATION('',(#9085),#9089);
#9085 = LINE('',#9086,#9087);
#9086 = CARTESIAN_POINT('',(0.,2.));
#9087 = VECTOR('',#9088,1.);
#9088 = DIRECTION('',(1.,0.));
#9089 = ( GEOMETRIC_REPRESENTATION_CONTEXT(2) 
PARAMETRIC_REPRESENTATION_CONTEXT() REPRESENTATION_CONTEXT('2D SPACE',''
  ) );
#9090 = PCURVE('',#9091,#9096);
#9091 = TOROIDAL_SURFACE('',#9092,134.,1.);
#9092 = AXIS2_PLACEMENT_3D('',#9093,#9094,#9095);
#9093 = CARTESIAN_POINT('',(0.,0.,21.));
#9094 = DIRECTION('',(-0.,-0.,-1.));
#9095 = DIRECTION('',(1.,0.,-0.));
#9096 = DEFINITIONAL_REPRESENTATION('',(#9097),#9101);
#9097 = LINE('',#9098,#9099);
#9098 = CARTESIAN_POINT('',(-0.,0.));
#9099 = VECTOR('',#9100,1.);
#9100 = DIRECTION('',(-1.,0.));
#9101 = ( GEOMETRIC_REPRESENTATION_CONTEXT(2) 
PARAMETRIC_REPRESENTATION_CONTEXT() REPRESENTATION_CONTEXT('2D SPACE',''
  ) );
#9102 = ADVANCED_FACE('',(#9103),#9091,.F.);
#9103 = FACE_BOUND('',#9104,.T.);
#9104 = EDGE_LOOP('',(#9105,#9127,#9128,#9129));
#9105 = ORIENTED_EDGE('',*,*,#9106,.F.);
#9106 = EDGE_CURVE('',#9052,#9107,#9109,.T.);
#9107 = VERTEX_POINT('',#9108);
#9108 = CARTESIAN_POINT('',(134.,0.,20.));
#9109 = SEAM_CURVE('',#9110,(#9115,#9121),.PCURVE_S1.);
#9110 = CIRCLE('',#9111,1.);
#9111 = AXIS2_PLACEMENT_3D('',#9112,#9113,#9114);
#9112 = CARTESIAN_POINT('',(134.,0.,21.));
#9113 = DIRECTION('',(0.,1.,0.));
#9114 = DIRECTION('',(1.,0.,-0.));
#9115 = PCURVE('',#9091,#9116);
#9116 = DEFINITIONAL_REPRESENTATION('',(#9117),#9120);
#9117 = B_SPLINE_CURVE_WITH_KNOTS('',1,(#9118,#9119),.UNSPECIFIED.,.F.,
  .F.,(2,2),(0.,1.570796326795),.PIECEWISE_BEZIER_KNOTS.);
#9118 = CARTESIAN_POINT('',(0.,0.));
#9119 = CARTESIAN_POINT('',(0.,1.570796326795));
#9120 = ( GEOMETRIC_REPRESENTATION_CONTEXT(2) 
PARAMETRIC_REPRESENTATION_CONTEXT() REPRESENTATION_CONTEXT('2D SPACE',''
  ) );
#9121 = PCURVE('',#9091,#9122);
#9122 = DEFINITIONAL_REPRESENTATION('',(#9123),#9126);
#9123 = B_SPLINE_CURVE_WITH_KNOTS('',1,(#9124,#9125),.UNSPECIFIED.,.F.,
  .F.,(2,2),(0.,1.570796326795),.PIECEWISE_BEZIER_KNOTS.);
#9124 = CARTESIAN_POINT('',(-6.28318530718,0.));
#9125 = CARTESIAN_POINT('',(-6.28318530718,1.570796326795));
#9126 = ( GEOMETRIC_REPRESENTATION_CONTEXT(2) 
PARAMETRIC_REPRESENTATION_CONTEXT() REPRESENTATION_CONTEXT('2D SPACE',''
  ) );
#9127 = ORIENTED_EDGE('',*,*,#9076,.F.);
#9128 = ORIENTED_EDGE('',*,*,#9106,.T.);
#9129 = ORIENTED_EDGE('',*,*,#9130,.T.);
#9130 = EDGE_CURVE('',#9107,#9107,#9131,.T.);
#9131 = SURFACE_CURVE('',#9132,(#9137,#9144),.PCURVE_S1.);
#9132 = CIRCLE('',#9133,134.);
#9133 = AXIS2_PLACEMENT_3D('',#9134,#9135,#9136);
#9134 = CARTESIAN_POINT('',(0.,0.,20.));
#9135 = DIRECTION('',(0.,0.,1.));
#9136 = DIRECTION('',(1.,0.,-0.));
#9137 = PCURVE('',#9091,#9138);
#9138 = DEFINITIONAL_REPRESENTATION('',(#9139),#9143);
#9139 = LINE('',#9140,#9141);
#9140 = CARTESIAN_POINT('',(-0.,1.570796326795));
#9141 = VECTOR('',#9142,1.);
#9142 = DIRECTION('',(-1.,0.));
#9143 = ( GEOMETRIC_REPRESENTATION_CONTEXT(2) 
PARAMETRIC_REPRESENTATION_CONTEXT() REPRESENTATION_CONTEXT('2D SPACE',''
  ) );
#9144 = PCURVE('',#9145,#9150);
#9145 = PLANE('',#9146);
#9146 = AXIS2_PLACEMENT_3D('',#9147,#9148,#9149);
#9147 = CARTESIAN_POINT('',(0.,0.,20.));
#9148 = DIRECTION('',(0.,0.,1.));
#9149 = DIRECTION('',(1.,0.,0.));
#9150 = DEFINITIONAL_REPRESENTATION('',(#9151),#9155);
#9151 = CIRCLE('',#9152,134.);
#9152 = AXIS2_PLACEMENT_2D('',#9153,#9154);
#9153 = CARTESIAN_POINT('',(0.,0.));
#9154 = DIRECTION('',(1.,0.));
#9155 = ( GEOMETRIC_REPRESENTATION_CONTEXT(2) 
PARAMETRIC_REPRESENTATION_CONTEXT() REPRESENTATION_CONTEXT('2D SPACE',''
  ) );
#9156 = ADVANCED_FACE('',(#9157,#9160,#9191,#9222),#9145,.T.);
#9157 = FACE_BOUND('',#9158,.T.);
#9158 = EDGE_LOOP('',(#9159));
#9159 = ORIENTED_EDGE('',*,*,#9130,.T.);
#9160 = FACE_BOUND('',#9161,.T.);
#9161 = EDGE_LOOP('',(#9162));
#9162 = ORIENTED_EDGE('',*,*,#9163,.F.);
#9163 = EDGE_CURVE('',#9164,#9164,#9166,.T.);
#9164 = VERTEX_POINT('',#9165);
#9165 = CARTESIAN_POINT('',(-96.,1.126675055216E-14,20.));
#9166 = SURFACE_CURVE('',#9167,(#9172,#9179),.PCURVE_S1.);
#9167 = CIRCLE('',#9168,4.);
#9168 = AXIS2_PLACEMENT_3D('',#9169,#9170,#9171);
#9169 = CARTESIAN_POINT('',(-100.,1.224646799147E-14,20.));
#9170 = DIRECTION('',(0.,0.,1.));
#9171 = DIRECTION('',(1.,0.,-0.));
#9172 = PCURVE('',#9145,#9173);
#9173 = DEFINITIONAL_REPRESENTATION('',(#9174),#9178);
#9174 = CIRCLE('',#9175,4.);
#9175 = AXIS2_PLACEMENT_2D('',#9176,#9177);
#9176 = CARTESIAN_POINT('',(-100.,1.224646799147E-14));
#9177 = DIRECTION('',(1.,0.));
#9178 = ( GEOMETRIC_REPRESENTATION_CONTEXT(2) 
PARAMETRIC_REPRESENTATION_CONTEXT() REPRESENTATION_CONTEXT('2D SPACE',''
  ) );
#9179 = PCURVE('',#9180,#9185);
#9180 = CYLINDRICAL_SURFACE('',#9181,4.);
#9181 = AXIS2_PLACEMENT_3D('',#9182,#9183,#9184);
#9182 = CARTESIAN_POINT('',(-100.,1.224646799147E-14,6.));
#9183 = DIRECTION('',(0.,0.,1.));
#9184 = DIRECTION('',(1.,0.,0.));
#9185 = DEFINITIONAL_REPRESENTATION('',(#9186),#9190);
#9186 = LINE('',#9187,#9188);
#9187 = CARTESIAN_POINT('',(0.,14.));
#9188 = VECTOR('',#9189,1.);
#9189 = DIRECTION('',(1.,0.));
#9190 = ( GEOMETRIC_REPRESENTATION_CONTEXT(2) 
PARAMETRIC_REPRESENTATION_CONTEXT() REPRESENTATION_CONTEXT('2D SPACE',''
  ) );
#9191 = FACE_BOUND('',#9192,.T.);
#9192 = EDGE_LOOP('',(#9193));
#9193 = ORIENTED_EDGE('',*,*,#9194,.F.);
#9194 = EDGE_CURVE('',#9195,#9195,#9197,.T.);
#9195 = VERTEX_POINT('',#9196);
#9196 = CARTESIAN_POINT('',(12.5,-3.061616997868E-15,20.));
#9197 = SURFACE_CURVE('',#9198,(#9203,#9210),.PCURVE_S1.);
#9198 = CIRCLE('',#9199,12.5);
#9199 = AXIS2_PLACEMENT_3D('',#9200,#9201,#9202);
#9200 = CARTESIAN_POINT('',(0.,0.,20.));
#9201 = DIRECTION('',(0.,0.,1.));
#9202 = DIRECTION('',(1.,0.,-0.));
#9203 = PCURVE('',#9145,#9204);
#9204 = DEFINITIONAL_REPRESENTATION('',(#9205),#9209);
#9205 = CIRCLE('',#9206,12.5);
#9206 = AXIS2_PLACEMENT_2D('',#9207,#9208);
#9207 = CARTESIAN_POINT('',(0.,0.));
#9208 = DIRECTION('',(1.,0.));
#9209 = ( GEOMETRIC_REPRESENTATION_CONTEXT(2) 
PARAMETRIC_REPRESENTATION_CONTEXT() REPRESENTATION_CONTEXT('2D SPACE',''
  ) );
#9210 = PCURVE('',#9211,#9216);
#9211 = CYLINDRICAL_SURFACE('',#9212,12.5);
#9212 = AXIS2_PLACEMENT_3D('',#9213,#9214,#9215);
#9213 = CARTESIAN_POINT('',(0.,0.,-8.));
#9214 = DIRECTION('',(0.,0.,1.));
#9215 = DIRECTION('',(1.,0.,0.));
#9216 = DEFINITIONAL_REPRESENTATION('',(#9217),#9221);
#9217 = LINE('',#9218,#9219);
#9218 = CARTESIAN_POINT('',(0.,28.));
#9219 = VECTOR('',#9220,1.);
#9220 = DIRECTION('',(1.,0.));
#9221 = ( GEOMETRIC_REPRESENTATION_CONTEXT(2) 
PARAMETRIC_REPRESENTATION_CONTEXT() REPRESENTATION_CONTEXT('2D SPACE',''
  ) );
#9222 = FACE_BOUND('',#9223,.T.);
#9223 = EDGE_LOOP('',(#9224));
#9224 = ORIENTED_EDGE('',*,*,#9225,.F.);
#9225 = EDGE_CURVE('',#9226,#9226,#9228,.T.);
#9226 = VERTEX_POINT('',#9227);
#9227 = CARTESIAN_POINT('',(104.,-9.797174393179E-16,20.));
#9228 = SURFACE_CURVE('',#9229,(#9234,#9241),.PCURVE_S1.);
#9229 = CIRCLE('',#9230,4.);
#9230 = AXIS2_PLACEMENT_3D('',#9231,#9232,#9233);
#9231 = CARTESIAN_POINT('',(100.,0.,20.));
#9232 = DIRECTION('',(0.,0.,1.));
#9233 = DIRECTION('',(1.,0.,-0.));
#9234 = PCURVE('',#9145,#9235);
#9235 = DEFINITIONAL_REPRESENTATION('',(#9236),#9240);
#9236 = CIRCLE('',#9237,4.);
#9237 = AXIS2_PLACEMENT_2D('',#9238,#9239);
#9238 = CARTESIAN_POINT('',(100.,0.));
#9239 = DIRECTION('',(1.,0.));
#9240 = ( GEOMETRIC_REPRESENTATION_CONTEXT(2) 
PARAMETRIC_REPRESENTATION_CONTEXT() REPRESENTATION_CONTEXT('2D SPACE',''
  ) );
#9241 = PCURVE('',#9242,#9247);
#9242 = CYLINDRICAL_SURFACE('',#9243,4.);
#9243 = AXIS2_PLACEMENT_3D('',#9244,#9245,#9246);
#9244 = CARTESIAN_POINT('',(100.,0.,6.));
#9245 = DIRECTION('',(0.,0.,1.));
#9246 = DIRECTION('',(1.,0.,0.));
#9247 = DEFINITIONAL_REPRESENTATION('',(#9248),#9252);
#9248 = LINE('',#9249,#9250);
#9249 = CARTESIAN_POINT('',(0.,14.));
#9250 = VECTOR('',#9251,1.);
#9251 = DIRECTION('',(1.,0.));
#9252 = ( GEOMETRIC_REPRESENTATION_CONTEXT(2) 
PARAMETRIC_REPRESENTATION_CONTEXT() REPRESENTATION_CONTEXT('2D SPACE',''
  ) );
#9253 = ADVANCED_FACE('',(#9254),#9180,.F.);
#9254 = FACE_BOUND('',#9255,.F.);
#9255 = EDGE_LOOP('',(#9256,#9257,#9280,#9307));
#9256 = ORIENTED_EDGE('',*,*,#9163,.F.);
#9257 = ORIENTED_EDGE('',*,*,#9258,.F.);
#9258 = EDGE_CURVE('',#9259,#9164,#9261,.T.);
#9259 = VERTEX_POINT('',#9260);
#9260 = CARTESIAN_POINT('',(-96.,1.126675055216E-14,6.));
#9261 = SEAM_CURVE('',#9262,(#9266,#9273),.PCURVE_S1.);
#9262 = LINE('',#9263,#9264);
#9263 = CARTESIAN_POINT('',(-96.,1.126675055216E-14,6.));
#9264 = VECTOR('',#9265,1.);
#9265 = DIRECTION('',(0.,0.,1.));
#9266 = PCURVE('',#9180,#9267);
#9267 = DEFINITIONAL_REPRESENTATION('',(#9268),#9272);
#9268 = LINE('',#9269,#9270);
#9269 = CARTESIAN_POINT('',(6.28318530718,-0.));
#9270 = VECTOR('',#9271,1.);
#9271 = DIRECTION('',(0.,1.));
#9272 = ( GEOMETRIC_REPRESENTATION_CONTEXT(2) 
PARAMETRIC_REPRESENTATION_CONTEXT() REPRESENTATION_CONTEXT('2D SPACE',''
  ) );
#9273 = PCURVE('',#9180,#9274);
#9274 = DEFINITIONAL_REPRESENTATION('',(#9275),#9279);
#9275 = LINE('',#9276,#9277);
#9276 = CARTESIAN_POINT('',(0.,-0.));
#9277 = VECTOR('',#9278,1.);
#9278 = DIRECTION('',(0.,1.));
#9279 = ( GEOMETRIC_REPRESENTATION_CONTEXT(2) 
PARAMETRIC_REPRESENTATION_CONTEXT() REPRESENTATION_CONTEXT('2D SPACE',''
  ) );
#9280 = ORIENTED_EDGE('',*,*,#9281,.T.);
#9281 = EDGE_CURVE('',#9259,#9259,#9282,.T.);
#9282 = SURFACE_CURVE('',#9283,(#9288,#9295),.PCURVE_S1.);
#9283 = CIRCLE('',#9284,4.);
#9284 = AXIS2_PLACEMENT_3D('',#9285,#9286,#9287);
#9285 = CARTESIAN_POINT('',(-100.,1.224646799147E-14,6.));
#9286 = DIRECTION('',(0.,0.,1.));
#9287 = DIRECTION('',(1.,0.,0.));
#9288 = PCURVE('',#9180,#9289);
#9289 = DEFINITIONAL_REPRESENTATION('',(#9290),#9294);
#9290 = LINE('',#9291,#9292);
#9291 = CARTESIAN_POINT('',(0.,0.));
#9292 = VECTOR('',#9293,1.);
#9293 = DIRECTION('',(1.,0.));
#9294 = ( GEOMETRIC_REPRESENTATION_CONTEXT(2) 
PARAMETRIC_REPRESENTATION_CONTEXT() REPRESENTATION_CONTEXT('2D SPACE',''
  ) );
#9295 = PCURVE('',#9296,#9301);
#9296 = PLANE('',#9297);
#9297 = AXIS2_PLACEMENT_3D('',#9298,#9299,#9300);
#9298 = CARTESIAN_POINT('',(-100.,1.224646799147E-14,6.));
#9299 = DIRECTION('',(0.,0.,1.));
#9300 = DIRECTION('',(1.,0.,0.));
#9301 = DEFINITIONAL_REPRESENTATION('',(#9302),#9306);
#9302 = CIRCLE('',#9303,4.);
#9303 = AXIS2_PLACEMENT_2D('',#9304,#9305);
#9304 = CARTESIAN_POINT('',(0.,0.));
#9305 = DIRECTION('',(1.,0.));
#9306 = ( GEOMETRIC_REPRESENTATION_CONTEXT(2) 
PARAMETRIC_REPRESENTATION_CONTEXT() REPRESENTATION_CONTEXT('2D SPACE',''
  ) );
#9307 = ORIENTED_EDGE('',*,*,#9258,.T.);
#9308 = ADVANCED_FACE('',(#9309),#9211,.F.);
#9309 = FACE_BOUND('',#9310,.F.);
#9310 = EDGE_LOOP('',(#9311,#9312,#9335,#9362));
#9311 = ORIENTED_EDGE('',*,*,#9194,.F.);
#9312 = ORIENTED_EDGE('',*,*,#9313,.F.);
#9313 = EDGE_CURVE('',#9314,#9195,#9316,.T.);
#9314 = VERTEX_POINT('',#9315);
#9315 = CARTESIAN_POINT('',(12.5,-3.061616997868E-15,-8.));
#9316 = SEAM_CURVE('',#9317,(#9321,#9328),.PCURVE_S1.);
#9317 = LINE('',#9318,#9319);
#9318 = CARTESIAN_POINT('',(12.5,-3.061616997868E-15,-8.));
#9319 = VECTOR('',#9320,1.);
#9320 = DIRECTION('',(0.,0.,1.));
#9321 = PCURVE('',#9211,#9322);
#9322 = DEFINITIONAL_REPRESENTATION('',(#9323),#9327);
#9323 = LINE('',#9324,#9325);
#9324 = CARTESIAN_POINT('',(6.28318530718,-0.));
#9325 = VECTOR('',#9326,1.);
#9326 = DIRECTION('',(0.,1.));
#9327 = ( GEOMETRIC_REPRESENTATION_CONTEXT(2) 
PARAMETRIC_REPRESENTATION_CONTEXT() REPRESENTATION_CONTEXT('2D SPACE',''
  ) );
#9328 = PCURVE('',#9211,#9329);
#9329 = DEFINITIONAL_REPRESENTATION('',(#9330),#9334);
#9330 = LINE('',#9331,#9332);
#9331 = CARTESIAN_POINT('',(0.,-0.));
#9332 = VECTOR('',#9333,1.);
#9333 = DIRECTION('',(0.,1.));
#9334 = ( GEOMETRIC_REPRESENTATION_CONTEXT(2) 
PARAMETRIC_REPRESENTATION_CONTEXT() REPRESENTATION_CONTEXT('2D SPACE',''
  ) );
#9335 = ORIENTED_EDGE('',*,*,#9336,.T.);
#9336 = EDGE_CURVE('',#9314,#9314,#9337,.T.);
#9337 = SURFACE_CURVE('',#9338,(#9343,#9350),.PCURVE_S1.);
#9338 = CIRCLE('',#9339,12.5);
#9339 = AXIS2_PLACEMENT_3D('',#9340,#9341,#9342);
#9340 = CARTESIAN_POINT('',(0.,0.,-8.));
#9341 = DIRECTION('',(0.,0.,1.));
#9342 = DIRECTION('',(1.,0.,0.));
#9343 = PCURVE('',#9211,#9344);
#9344 = DEFINITIONAL_REPRESENTATION('',(#9345),#9349);
#9345 = LINE('',#9346,#9347);
#9346 = CARTESIAN_POINT('',(0.,0.));
#9347 = VECTOR('',#9348,1.);
#9348 = DIRECTION('',(1.,0.));
#9349 = ( GEOMETRIC_REPRESENTATION_CONTEXT(2) 
PARAMETRIC_REPRESENTATION_CONTEXT() REPRESENTATION_CONTEXT('2D SPACE',''
  ) );
#9350 = PCURVE('',#9351,#9356);
#9351 = PLANE('',#9352);
#9352 = AXIS2_PLACEMENT_3D('',#9353,#9354,#9355);
#9353 = CARTESIAN_POINT('',(0.,0.,-8.));
#9354 = DIRECTION('',(0.,0.,1.));
#9355 = DIRECTION('',(1.,0.,0.));
#9356 = DEFINITIONAL_REPRESENTATION('',(#9357),#9361);
#9357 = CIRCLE('',#9358,12.5);
#9358 = AXIS2_PLACEMENT_2D('',#9359,#9360);
#9359 = CARTESIAN_POINT('',(0.,0.));
#9360 = DIRECTION('',(1.,0.));
#9361 = ( GEOMETRIC_REPRESENTATION_CONTEXT(2) 
PARAMETRIC_REPRESENTATION_CONTEXT() REPRESENTATION_CONTEXT('2D SPACE',''
  ) );
#9362 = ORIENTED_EDGE('',*,*,#9313,.T.);
#9363 = ADVANCED_FACE('',(#9364),#9242,.F.);
#9364 = FACE_BOUND('',#9365,.F.);
#9365 = EDGE_LOOP('',(#9366,#9367,#9390,#9417));
#9366 = ORIENTED_EDGE('',*,*,#9225,.F.);
#9367 = ORIENTED_EDGE('',*,*,#9368,.F.);
#9368 = EDGE_CURVE('',#9369,#9226,#9371,.T.);
#9369 = VERTEX_POINT('',#9370);
#9370 = CARTESIAN_POINT('',(104.,-9.797174393179E-16,6.));
#9371 = SEAM_CURVE('',#9372,(#9376,#9383),.PCURVE_S1.);
#9372 = LINE('',#9373,#9374);
#9373 = CARTESIAN_POINT('',(104.,-9.797174393179E-16,6.));
#9374 = VECTOR('',#9375,1.);
#9375 = DIRECTION('',(0.,0.,1.));
#9376 = PCURVE('',#9242,#9377);
#9377 = DEFINITIONAL_REPRESENTATION('',(#9378),#9382);
#9378 = LINE('',#9379,#9380);
#9379 = CARTESIAN_POINT('',(6.28318530718,-0.));
#9380 = VECTOR('',#9381,1.);
#9381 = DIRECTION('',(0.,1.));
#9382 = ( GEOMETRIC_REPRESENTATION_CONTEXT(2) 
PARAMETRIC_REPRESENTATION_CONTEXT() REPRESENTATION_CONTEXT('2D SPACE',''
  ) );
#9383 = PCURVE('',#9242,#9384);
#9384 = DEFINITIONAL_REPRESENTATION('',(#9385),#9389);
#9385 = LINE('',#9386,#9387);
#9386 = CARTESIAN_POINT('',(0.,-0.));
#9387 = VECTOR('',#9388,1.);
#9388 = DIRECTION('',(0.,1.));
#9389 = ( GEOMETRIC_REPRESENTATION_CONTEXT(2) 
PARAMETRIC_REPRESENTATION_CONTEXT() REPRESENTATION_CONTEXT('2D SPACE',''
  ) );
#9390 = ORIENTED_EDGE('',*,*,#9391,.T.);
#9391 = EDGE_CURVE('',#9369,#9369,#9392,.T.);
#9392 = SURFACE_CURVE('',#9393,(#9398,#9405),.PCURVE_S1.);
#9393 = CIRCLE('',#9394,4.);
#9394 = AXIS2_PLACEMENT_3D('',#9395,#9396,#9397);
#9395 = CARTESIAN_POINT('',(100.,0.,6.));
#9396 = DIRECTION('',(0.,0.,1.));
#9397 = DIRECTION('',(1.,0.,0.));
#9398 = PCURVE('',#9242,#9399);
#9399 = DEFINITIONAL_REPRESENTATION('',(#9400),#9404);
#9400 = LINE('',#9401,#9402);
#9401 = CARTESIAN_POINT('',(0.,0.));
#9402 = VECTOR('',#9403,1.);
#9403 = DIRECTION('',(1.,0.));
#9404 = ( GEOMETRIC_REPRESENTATION_CONTEXT(2) 
PARAMETRIC_REPRESENTATION_CONTEXT() REPRESENTATION_CONTEXT('2D SPACE',''
  ) );
#9405 = PCURVE('',#9406,#9411);
#9406 = PLANE('',#9407);
#9407 = AXIS2_PLACEMENT_3D('',#9408,#9409,#9410);
#9408 = CARTESIAN_POINT('',(100.,0.,6.));
#9409 = DIRECTION('',(0.,0.,1.));
#9410 = DIRECTION('',(1.,0.,0.));
#9411 = DEFINITIONAL_REPRESENTATION('',(#9412),#9416);
#9412 = CIRCLE('',#9413,4.);
#9413 = AXIS2_PLACEMENT_2D('',#9414,#9415);
#9414 = CARTESIAN_POINT('',(0.,0.));
#9415 = DIRECTION('',(1.,0.));
#9416 = ( GEOMETRIC_REPRESENTATION_CONTEXT(2) 
PARAMETRIC_REPRESENTATION_CONTEXT() REPRESENTATION_CONTEXT('2D SPACE',''
  ) );
#9417 = ORIENTED_EDGE('',*,*,#9368,.T.);
#9418 = ADVANCED_FACE('',(#9419),#9296,.T.);
#9419 = FACE_BOUND('',#9420,.F.);
#9420 = EDGE_LOOP('',(#9421));
#9421 = ORIENTED_EDGE('',*,*,#9281,.F.);
#9422 = ADVANCED_FACE('',(#9423),#9351,.T.);
#9423 = FACE_BOUND('',#9424,.F.);
#9424 = EDGE_LOOP('',(#9425));
#9425 = ORIENTED_EDGE('',*,*,#9336,.F.);
#9426 = ADVANCED_FACE('',(#9427),#9406,.T.);
#9427 = FACE_BOUND('',#9428,.F.);
#9428 = EDGE_LOOP('',(#9429));
#9429 = ORIENTED_EDGE('',*,*,#9391,.F.);
#9430 = ( GEOMETRIC_REPRESENTATION_CONTEXT(3) 
GLOBAL_UNCERTAINTY_ASSIGNED_CONTEXT((#9434)) 
GLOBAL_UNIT_ASSIGNED_CONTEXT((#9431,#9432,#9433)) REPRESENTATION_CONTEXT
('Context #1','3D Context with UNIT and UNCERTAINTY') );
#9431 = ( LENGTH_UNIT() NAMED_UNIT(*) SI_UNIT(.MILLI.,.METRE.) );
#9432 = ( NAMED_UNIT(*) PLANE_ANGLE_UNIT() SI_UNIT($,.RADIAN.) );
#9433 = ( NAMED_UNIT(*) SI_UNIT($,.STERADIAN.) SOLID_ANGLE_UNIT() );
#9434 = UNCERTAINTY_MEASURE_WITH_UNIT(LENGTH_MEASURE(1.E-07),#9431,
  'distance_accuracy_value','confusion accuracy');
#9435 = CONTEXT_DEPENDENT_SHAPE_REPRESENTATION(#9436,#9438);
#9436 = ( REPRESENTATION_RELATIONSHIP('','',#8719,#10) 
REPRESENTATION_RELATIONSHIP_WITH_TRANSFORMATION(#9437) 
SHAPE_REPRESENTATION_RELATIONSHIP() );
#9437 = ITEM_DEFINED_TRANSFORMATION('','',#11,#35);
#9438 = PRODUCT_DEFINITION_SHAPE('Placement','Placement of an item',
  #9439);
#9439 = NEXT_ASSEMBLY_USAGE_OCCURRENCE('8','wheel_head','',#5,#8714,$);
#9440 = PRODUCT_RELATED_PRODUCT_CATEGORY('part',$,(#8716));
ENDSEC;
END-ISO-10303-21;
