ISO-10303-21;
HEADER;
FILE_DESCRIPTION(('Open CASCADE Model'),'2;1');
FILE_NAME('plinth','2000-01-01T00:00:00',('Author'),('Open CASCADE'),
  'Open CASCADE STEP processor 7.9','cadgen','Unknown');
FILE_SCHEMA(('AUTOMOTIVE_DESIGN { 1 0 10303 214 1 1 1 1 }'));
ENDSEC;
DATA;
#1 = APPLICATION_PROTOCOL_DEFINITION('international standard',
  'automotive_design',2000,#2);
#2 = APPLICATION_CONTEXT(
  'core data for automotive mechanical design processes');
#3 = SHAPE_DEFINITION_REPRESENTATION(#4,#10);
#4 = PRODUCT_DEFINITION_SHAPE('','',#5);
#5 = PRODUCT_DEFINITION('design','',#6,#9);
#6 = PRODUCT_DEFINITION_FORMATION('','',#7);
#7 = PRODUCT('=>[0:1:1:2]','=>[0:1:1:2]','',(#8));
#8 = PRODUCT_CONTEXT('',#2,'mechanical');
#9 = PRODUCT_DEFINITION_CONTEXT('part definition',#2,'design');
#10 = SHAPE_REPRESENTATION('',(#11,#15),#19);
#11 = AXIS2_PLACEMENT_3D('',#12,#13,#14);
#12 = CARTESIAN_POINT('',(0.,0.,0.));
#13 = DIRECTION('',(0.,0.,1.));
#14 = DIRECTION('',(1.,0.,-0.));
#15 = AXIS2_PLACEMENT_3D('',#16,#17,#18);
#16 = CARTESIAN_POINT('',(0.,0.,0.));
#17 = DIRECTION('',(0.,0.,1.));
#18 = DIRECTION('',(1.,0.,0.));
#19 = ( GEOMETRIC_REPRESENTATION_CONTEXT(3) 
GLOBAL_UNCERTAINTY_ASSIGNED_CONTEXT((#23)) GLOBAL_UNIT_ASSIGNED_CONTEXT(
(#20,#21,#22)) REPRESENTATION_CONTEXT('Context #1',
  '3D Context with UNIT and UNCERTAINTY') );
#20 = ( LENGTH_UNIT() NAMED_UNIT(*) SI_UNIT(.MILLI.,.METRE.) );
#21 = ( NAMED_UNIT(*) PLANE_ANGLE_UNIT() SI_UNIT($,.RADIAN.) );
#22 = ( NAMED_UNIT(*) SI_UNIT($,.STERADIAN.) SOLID_ANGLE_UNIT() );
#23 = UNCERTAINTY_MEASURE_WITH_UNIT(LENGTH_MEASURE(1.E-05),#20,
  'distance_accuracy_value','confusion accuracy');
#24 = PRODUCT_RELATED_PRODUCT_CATEGORY('part',$,(#7));
#25 = SHAPE_DEFINITION_REPRESENTATION(#26,#32);
#26 = PRODUCT_DEFINITION_SHAPE('','',#27);
#27 = PRODUCT_DEFINITION('design','',#28,#31);
#28 = PRODUCT_DEFINITION_FORMATION('','',#29);
#29 = PRODUCT('plinth','plinth','',(#30));
#30 = PRODUCT_CONTEXT('',#2,'mechanical');
#31 = PRODUCT_DEFINITION_CONTEXT('part definition',#2,'design');
#32 = ADVANCED_BREP_SHAPE_REPRESENTATION('',(#11,#33),#5557);
#33 = BREP_WITH_VOIDS('',#34,(#5459));
#34 = CLOSED_SHELL('',(#35,#1892,#1927,#2234,#2264,#3565,#3866,#4186,
    #4191,#4217,#4516,#4836,#4841,#5161,#5166,#5311,#5342,#5368,#5399,
    #5425,#5431,#5437,#5443,#5449,#5454));
#35 = ADVANCED_FACE('',(#36,#430,#688,#970,#1193,#1431,#1654),#49,.T.);
#36 = FACE_BOUND('',#37,.T.);
#37 = EDGE_LOOP('',(#38,#72,#95,#240,#263,#290,#291,#429));
#38 = ORIENTED_EDGE('',*,*,#39,.T.);
#39 = EDGE_CURVE('',#40,#40,#42,.T.);
#40 = VERTEX_POINT('',#41);
#41 = CARTESIAN_POINT('',(160.,-3.918869757272E-14,-80.));
#42 = SURFACE_CURVE('',#43,(#48,#60),.PCURVE_S1.);
#43 = CIRCLE('',#44,160.);
#44 = AXIS2_PLACEMENT_3D('',#45,#46,#47);
#45 = CARTESIAN_POINT('',(0.,0.,-80.));
#46 = DIRECTION('',(0.,0.,1.));
#47 = DIRECTION('',(1.,0.,0.));
#48 = PCURVE('',#49,#54);
#49 = CYLINDRICAL_SURFACE('',#50,160.);
#50 = AXIS2_PLACEMENT_3D('',#51,#52,#53);
#51 = CARTESIAN_POINT('',(0.,0.,-80.));
#52 = DIRECTION('',(0.,0.,1.));
#53 = DIRECTION('',(1.,0.,0.));
#54 = DEFINITIONAL_REPRESENTATION('',(#55),#59);
#55 = LINE('',#56,#57);
#56 = CARTESIAN_POINT('',(0.,0.));
#57 = VECTOR('',#58,1.);
#58 = DIRECTION('',(1.,0.));
#59 = ( GEOMETRIC_REPRESENTATION_CONTEXT(2) 
PARAMETRIC_REPRESENTATION_CONTEXT() REPRESENTATION_CONTEXT('2D SPACE',''
  ) );
#60 = PCURVE('',#61,#66);
#61 = PLANE('',#62);
#62 = AXIS2_PLACEMENT_3D('',#63,#64,#65);
#63 = CARTESIAN_POINT('',(0.,0.,-80.));
#64 = DIRECTION('',(0.,0.,1.));
#65 = DIRECTION('',(1.,0.,0.));
#66 = DEFINITIONAL_REPRESENTATION('',(#67),#71);
#67 = CIRCLE('',#68,160.);
#68 = AXIS2_PLACEMENT_2D('',#69,#70);
#69 = CARTESIAN_POINT('',(0.,0.));
#70 = DIRECTION('',(1.,0.));
#71 = ( GEOMETRIC_REPRESENTATION_CONTEXT(2) 
PARAMETRIC_REPRESENTATION_CONTEXT() REPRESENTATION_CONTEXT('2D SPACE',''
  ) );
#72 = ORIENTED_EDGE('',*,*,#73,.T.);
#73 = EDGE_CURVE('',#40,#74,#76,.T.);
#74 = VERTEX_POINT('',#75);
#75 = CARTESIAN_POINT('',(160.,-2.020667218593E-14,-45.));
#76 = SEAM_CURVE('',#77,(#81,#88),.PCURVE_S1.);
#77 = LINE('',#78,#79);
#78 = CARTESIAN_POINT('',(160.,-3.918869757272E-14,-80.));
#79 = VECTOR('',#80,1.);
#80 = DIRECTION('',(0.,0.,1.));
#81 = PCURVE('',#49,#82);
#82 = DEFINITIONAL_REPRESENTATION('',(#83),#87);
#83 = LINE('',#84,#85);
#84 = CARTESIAN_POINT('',(0.,-0.));
#85 = VECTOR('',#86,1.);
#86 = DIRECTION('',(0.,1.));
#87 = ( GEOMETRIC_REPRESENTATION_CONTEXT(2) 
PARAMETRIC_REPRESENTATION_CONTEXT() REPRESENTATION_CONTEXT('2D SPACE',''
  ) );
#88 = PCURVE('',#49,#89);
#89 = DEFINITIONAL_REPRESENTATION('',(#90),#94);
#90 = LINE('',#91,#92);
#91 = CARTESIAN_POINT('',(6.28318530718,-0.));
#92 = VECTOR('',#93,1.);
#93 = DIRECTION('',(0.,1.));
#94 = ( GEOMETRIC_REPRESENTATION_CONTEXT(2) 
PARAMETRIC_REPRESENTATION_CONTEXT() REPRESENTATION_CONTEXT('2D SPACE',''
  ) );
#95 = ORIENTED_EDGE('',*,*,#96,.F.);
#96 = EDGE_CURVE('',#97,#74,#99,.T.);
#97 = VERTEX_POINT('',#98);
#98 = CARTESIAN_POINT('',(160.,-3.918869757272E-14,-35.));
#99 = SURFACE_CURVE('',#100,(#143,#189),.PCURVE_S1.);
#100 = B_SPLINE_CURVE_WITH_KNOTS('',6,(#101,#102,#103,#104,#105,#106,
    #107,#108,#109,#110,#111,#112,#113,#114,#115,#116,#117,#118,#119,
    #120,#121,#122,#123,#124,#125,#126,#127,#128,#129,#130,#131,#132,
    #133,#134,#135,#136,#137,#138,#139,#140,#141,#142),.UNSPECIFIED.,.F.
  ,.F.,(7,5,5,5,5,5,5,5,7),(0.,9.671271275541E-02,0.243781242597,
    0.362452202677,0.500161275154,0.637870358174,0.756541310516,
    0.840285923357,1.),.UNSPECIFIED.);
#101 = CARTESIAN_POINT('',(160.,-1.42108547152E-14,-35.));
#102 = CARTESIAN_POINT('',(160.,-0.307436811269,-35.));
#103 = CARTESIAN_POINT('',(159.99929147507,-0.614202008133,
    -35.02268430522));
#104 = CARTESIAN_POINT('',(159.99787849703,-0.916828264918,
    -35.06786621939));
#105 = CARTESIAN_POINT('',(159.9958236557,-1.211917610575,
    -35.13442969779));
#106 = CARTESIAN_POINT('',(159.99323257278,-1.496330388924,
    -35.22036091719));
#107 = CARTESIAN_POINT('',(159.98568527863,-2.179543585892,
    -35.47852567115));
#108 = CARTESIAN_POINT('',(159.98020138164,-2.560605570324,
    -35.67232492348));
#109 = CARTESIAN_POINT('',(159.97416927751,-2.908586361827,
    -35.89680717418));
#110 = CARTESIAN_POINT('',(159.96795244538,-3.222723765249,
    -36.14553487157));
#111 = CARTESIAN_POINT('',(159.96183701334,-3.503134329722,
    -36.41279661644));
#112 = CARTESIAN_POINT('',(159.95135444064,-3.950201661558,
    -36.91989496454));
#113 = CARTESIAN_POINT('',(159.94686401299,-4.128952351463,
    -37.1557237766));
#114 = CARTESIAN_POINT('',(159.94266488295,-4.287526471059,
    -37.39895580061));
#115 = CARTESIAN_POINT('',(159.93883004042,-4.426636486653,
    -37.64806240928));
#116 = CARTESIAN_POINT('',(159.93541167187,-4.546921826469,
    -37.90185414978));
#117 = CARTESIAN_POINT('',(159.92900866282,-4.767200340201,
    -38.45821416685));
#118 = CARTESIAN_POINT('',(159.92618169081,-4.860842368577,
    -38.76207516749));
#119 = CARTESIAN_POINT('',(159.92402704463,-4.930550581535,
    -39.06936907282));
#120 = CARTESIAN_POINT('',(159.92257994603,-4.97684638092,
    -39.37883694548));
#121 = CARTESIAN_POINT('',(159.92185591719,-5.,-39.68939874561));
#122 = CARTESIAN_POINT('',(159.92185591719,-5.,-40.31060127816));
#123 = CARTESIAN_POINT('',(159.92257994585,-4.976846387245,
    -40.62116301677));
#124 = CARTESIAN_POINT('',(159.92402704475,-4.930550577304,
    -40.93063092682));
#125 = CARTESIAN_POINT('',(159.92618169105,-4.860842360256,
    -41.23792487008));
#126 = CARTESIAN_POINT('',(159.92900866255,-4.767200349313,
    -41.54178581013));
#127 = CARTESIAN_POINT('',(159.93541167168,-4.546921833071,
    -42.09814583354));
#128 = CARTESIAN_POINT('',(159.93883004081,-4.426636471518,
    -42.35193761631));
#129 = CARTESIAN_POINT('',(159.9426648829,-4.287526474085,
    -42.60104420021));
#130 = CARTESIAN_POINT('',(159.94686401257,-4.12895236803,
    -42.84427619818));
#131 = CARTESIAN_POINT('',(159.95135444095,-3.950201648448,
    -43.08010505033));
#132 = CARTESIAN_POINT('',(159.95933908741,-3.609667440931,
    -43.46636528856));
#133 = CARTESIAN_POINT('',(159.96273856377,-3.458329120217,
    -43.62155312573));
#134 = CARTESIAN_POINT('',(159.96619732436,-3.29634468711,
    -43.77134570855));
#135 = CARTESIAN_POINT('',(159.96967116731,-3.123546982706,
    -43.91487008831));
#136 = CARTESIAN_POINT('',(159.97310832354,-2.939818765701,
    -44.05113974027));
#137 = CARTESIAN_POINT('',(159.98282122824,-2.37378181626,
    -44.42295651939));
#138 = CARTESIAN_POINT('',(159.98893181903,-1.957353638788,
    -44.63982070607));
#139 = CARTESIAN_POINT('',(159.99421601018,-1.501511867106,
    -44.81496690662));
#140 = CARTESIAN_POINT('',(159.99804398208,-1.015426500855,
    -44.93739310192));
#141 = CARTESIAN_POINT('',(160.,-0.510747444672,-45.));
#142 = CARTESIAN_POINT('',(160.,-2.22044604925E-14,-45.));
#143 = PCURVE('',#49,#144);
#144 = DEFINITIONAL_REPRESENTATION('',(#145),#188);
#145 = B_SPLINE_CURVE_WITH_KNOTS('',6,(#146,#147,#148,#149,#150,#151,
    #152,#153,#154,#155,#156,#157,#158,#159,#160,#161,#162,#163,#164,
    #165,#166,#167,#168,#169,#170,#171,#172,#173,#174,#175,#176,#177,
    #178,#179,#180,#181,#182,#183,#184,#185,#186,#187),.UNSPECIFIED.,.F.
  ,.F.,(7,5,5,5,5,5,5,5,7),(0.,9.671271275541E-02,0.243781242597,
    0.362452202677,0.500161275154,0.637870358174,0.756541310516,
    0.840285923357,1.),.UNSPECIFIED.);
#146 = CARTESIAN_POINT('',(6.28318530718,45.));
#147 = CARTESIAN_POINT('',(6.281263827109,45.));
#148 = CARTESIAN_POINT('',(6.279346544701,44.977315694777));
#149 = CARTESIAN_POINT('',(6.277455117639,44.932133780602));
#150 = CARTESIAN_POINT('',(6.275610771322,44.865570302205));
#151 = CARTESIAN_POINT('',(6.273833120962,44.779639082807));
#152 = CARTESIAN_POINT('',(6.269562777947,44.521474328843));
#153 = CARTESIAN_POINT('',(6.267180907278,44.327675076511));
#154 = CARTESIAN_POINT('',(6.265005712657,44.103192825817));
#155 = CARTESIAN_POINT('',(6.263041975777,43.854465128426));
#156 = CARTESIAN_POINT('',(6.261288995394,43.587203383553));
#157 = CARTESIAN_POINT('',(6.258494056585,43.080105035459));
#158 = CARTESIAN_POINT('',(6.257376513846,42.844276223394));
#159 = CARTESIAN_POINT('',(6.256385079318,42.601044199384));
#160 = CARTESIAN_POINT('',(6.255515311858,42.351937590718));
#161 = CARTESIAN_POINT('',(6.254763225151,42.098145850214));
#162 = CARTESIAN_POINT('',(6.253385902934,41.541785833147));
#163 = CARTESIAN_POINT('',(6.252800373953,41.237924832506));
#164 = CARTESIAN_POINT('',(6.252364489653,40.930630927175));
#165 = CARTESIAN_POINT('',(6.252074999503,40.621163054513));
#166 = CARTESIAN_POINT('',(6.25193021868,40.310601254387));
#167 = CARTESIAN_POINT('',(6.25193021868,39.689398721833));
#168 = CARTESIAN_POINT('',(6.252074999464,39.378836983229));
#169 = CARTESIAN_POINT('',(6.252364489679,39.069369073174));
#170 = CARTESIAN_POINT('',(6.252800374005,38.762075129913));
#171 = CARTESIAN_POINT('',(6.253385902877,38.458214189869));
#172 = CARTESIAN_POINT('',(6.254763225109,37.90185416646));
#173 = CARTESIAN_POINT('',(6.255515311952,37.648062383689));
#174 = CARTESIAN_POINT('',(6.256385079299,37.398955799788));
#175 = CARTESIAN_POINT('',(6.257376513743,37.155723801816));
#176 = CARTESIAN_POINT('',(6.258494056667,36.91989494967));
#177 = CARTESIAN_POINT('',(6.260622980444,36.533634711437));
#178 = CARTESIAN_POINT('',(6.261569083087,36.378446874267));
#179 = CARTESIAN_POINT('',(6.262581715576,36.228654291445));
#180 = CARTESIAN_POINT('',(6.263661918005,36.085129911689));
#181 = CARTESIAN_POINT('',(6.264810418914,35.948860259728));
#182 = CARTESIAN_POINT('',(6.268348670648,35.577043480602));
#183 = CARTESIAN_POINT('',(6.270951618954,35.360179293923));
#184 = CARTESIAN_POINT('',(6.273800799656,35.185033093375));
#185 = CARTESIAN_POINT('',(6.276838891513,35.062606898076));
#186 = CARTESIAN_POINT('',(6.27999313565,35.));
#187 = CARTESIAN_POINT('',(6.28318530718,35.));
#188 = ( GEOMETRIC_REPRESENTATION_CONTEXT(2) 
PARAMETRIC_REPRESENTATION_CONTEXT() REPRESENTATION_CONTEXT('2D SPACE',''
  ) );
#189 = PCURVE('',#190,#195);
#190 = CYLINDRICAL_SURFACE('',#191,5.);
#191 = AXIS2_PLACEMENT_3D('',#192,#193,#194);
#192 = CARTESIAN_POINT('',(146.,0.,-40.));
#193 = DIRECTION('',(1.,0.,2.22044604925E-16));
#194 = DIRECTION('',(2.22044604925E-16,0.,-1.));
#195 = DEFINITIONAL_REPRESENTATION('',(#196),#239);
#196 = B_SPLINE_CURVE_WITH_KNOTS('',6,(#197,#198,#199,#200,#201,#202,
    #203,#204,#205,#206,#207,#208,#209,#210,#211,#212,#213,#214,#215,
    #216,#217,#218,#219,#220,#221,#222,#223,#224,#225,#226,#227,#228,
    #229,#230,#231,#232,#233,#234,#235,#236,#237,#238),.UNSPECIFIED.,.F.
  ,.F.,(7,5,5,5,5,5,5,5,7),(0.,9.671271275541E-02,0.243781242597,
    0.362452202677,0.500161275154,0.637870358174,0.756541310516,
    0.840285923357,1.),.UNSPECIFIED.);
#197 = CARTESIAN_POINT('',(3.14159265359,14.));
#198 = CARTESIAN_POINT('',(3.203080015844,14.));
#199 = CARTESIAN_POINT('',(3.264433006516,13.99929147507));
#200 = CARTESIAN_POINT('',(3.325376847209,13.997878497039));
#201 = CARTESIAN_POINT('',(3.385640647633,13.995823655705));
#202 = CARTESIAN_POINT('',(3.444926039223,13.993232572787));
#203 = CARTESIAN_POINT('',(3.590998529816,13.985685278638));
#204 = CARTESIAN_POINT('',(3.675991765084,13.980201381641));
#205 = CARTESIAN_POINT('',(3.758195686463,13.974169277519));
#206 = CARTESIAN_POINT('',(3.837812168788,13.967952445382));
#207 = CARTESIAN_POINT('',(3.914995336269,13.961837013346));
#208 = CARTESIAN_POINT('',(4.050201539356,13.951354440646));
#209 = CARTESIAN_POINT('',(4.109223383923,13.946864012992));
#210 = CARTESIAN_POINT('',(4.167082308329,13.942664882958));
#211 = CARTESIAN_POINT('',(4.223953569943,13.938830040422));
#212 = CARTESIAN_POINT('',(4.280003239548,13.935411671876));
#213 = CARTESIAN_POINT('',(4.399679317726,13.929008662821));
#214 = CARTESIAN_POINT('',(4.463078459861,13.926181690814));
#215 = CARTESIAN_POINT('',(4.525831144877,13.92402704463));
#216 = CARTESIAN_POINT('',(4.588156496046,13.922579946037));
#217 = CARTESIAN_POINT('',(4.650268729507,13.921855917195));
#218 = CARTESIAN_POINT('',(4.774509236018,13.921855917195));
#219 = CARTESIAN_POINT('',(4.836621456956,13.922579945851));
#220 = CARTESIAN_POINT('',(4.898946815984,13.924027044753));
#221 = CARTESIAN_POINT('',(4.96169950872,13.926181691058));
#222 = CARTESIAN_POINT('',(5.025098638093,13.929008662556));
#223 = CARTESIAN_POINT('',(5.144774717635,13.935411671684));
#224 = CARTESIAN_POINT('',(5.200824396848,13.938830040813));
#225 = CARTESIAN_POINT('',(5.257695652262,13.942664882904));
#226 = CARTESIAN_POINT('',(5.315554570739,13.946864012575));
#227 = CARTESIAN_POINT('',(5.374576425378,13.951354440953));
#228 = CARTESIAN_POINT('',(5.477563903865,13.95933908741));
#229 = CARTESIAN_POINT('',(5.520861827569,13.962738563775));
#230 = CARTESIAN_POINT('',(5.564897900955,13.966197324363));
#231 = CARTESIAN_POINT('',(5.609724483892,13.969671167319));
#232 = CARTESIAN_POINT('',(5.655399864435,13.973108323549));
#233 = CARTESIAN_POINT('',(5.790846613436,13.98282122824));
#234 = CARTESIAN_POINT('',(5.884270022269,13.988931819033));
#235 = CARTESIAN_POINT('',(5.980963778295,13.994216010185));
#236 = CARTESIAN_POINT('',(6.080100124488,13.998043982084));
#237 = CARTESIAN_POINT('',(6.181035818245,14.));
#238 = CARTESIAN_POINT('',(6.28318530718,14.));
#239 = ( GEOMETRIC_REPRESENTATION_CONTEXT(2) 
PARAMETRIC_REPRESENTATION_CONTEXT() REPRESENTATION_CONTEXT('2D SPACE',''
  ) );
#240 = ORIENTED_EDGE('',*,*,#241,.T.);
#241 = EDGE_CURVE('',#97,#242,#244,.T.);
#242 = VERTEX_POINT('',#243);
#243 = CARTESIAN_POINT('',(160.,-3.918869757272E-14,0.));
#244 = SEAM_CURVE('',#245,(#249,#256),.PCURVE_S1.);
#245 = LINE('',#246,#247);
#246 = CARTESIAN_POINT('',(160.,-3.918869757272E-14,-80.));
#247 = VECTOR('',#248,1.);
#248 = DIRECTION('',(0.,0.,1.));
#249 = PCURVE('',#49,#250);
#250 = DEFINITIONAL_REPRESENTATION('',(#251),#255);
#251 = LINE('',#252,#253);
#252 = CARTESIAN_POINT('',(0.,-0.));
#253 = VECTOR('',#254,1.);
#254 = DIRECTION('',(0.,1.));
#255 = ( GEOMETRIC_REPRESENTATION_CONTEXT(2) 
PARAMETRIC_REPRESENTATION_CONTEXT() REPRESENTATION_CONTEXT('2D SPACE',''
  ) );
#256 = PCURVE('',#49,#257);
#257 = DEFINITIONAL_REPRESENTATION('',(#258),#262);
#258 = LINE('',#259,#260);
#259 = CARTESIAN_POINT('',(6.28318530718,-0.));
#260 = VECTOR('',#261,1.);
#261 = DIRECTION('',(0.,1.));
#262 = ( GEOMETRIC_REPRESENTATION_CONTEXT(2) 
PARAMETRIC_REPRESENTATION_CONTEXT() REPRESENTATION_CONTEXT('2D SPACE',''
  ) );
#263 = ORIENTED_EDGE('',*,*,#264,.F.);
#264 = EDGE_CURVE('',#242,#242,#265,.T.);
#265 = SURFACE_CURVE('',#266,(#271,#278),.PCURVE_S1.);
#266 = CIRCLE('',#267,160.);
#267 = AXIS2_PLACEMENT_3D('',#268,#269,#270);
#268 = CARTESIAN_POINT('',(0.,0.,0.));
#269 = DIRECTION('',(0.,0.,1.));
#270 = DIRECTION('',(1.,0.,0.));
#271 = PCURVE('',#49,#272);
#272 = DEFINITIONAL_REPRESENTATION('',(#273),#277);
#273 = LINE('',#274,#275);
#274 = CARTESIAN_POINT('',(0.,80.));
#275 = VECTOR('',#276,1.);
#276 = DIRECTION('',(1.,0.));
#277 = ( GEOMETRIC_REPRESENTATION_CONTEXT(2) 
PARAMETRIC_REPRESENTATION_CONTEXT() REPRESENTATION_CONTEXT('2D SPACE',''
  ) );
#278 = PCURVE('',#279,#284);
#279 = PLANE('',#280);
#280 = AXIS2_PLACEMENT_3D('',#281,#282,#283);
#281 = CARTESIAN_POINT('',(0.,0.,0.));
#282 = DIRECTION('',(0.,0.,1.));
#283 = DIRECTION('',(1.,0.,0.));
#284 = DEFINITIONAL_REPRESENTATION('',(#285),#289);
#285 = CIRCLE('',#286,160.);
#286 = AXIS2_PLACEMENT_2D('',#287,#288);
#287 = CARTESIAN_POINT('',(0.,0.));
#288 = DIRECTION('',(1.,0.));
#289 = ( GEOMETRIC_REPRESENTATION_CONTEXT(2) 
PARAMETRIC_REPRESENTATION_CONTEXT() REPRESENTATION_CONTEXT('2D SPACE',''
  ) );
#290 = ORIENTED_EDGE('',*,*,#241,.F.);
#291 = ORIENTED_EDGE('',*,*,#292,.F.);
#292 = EDGE_CURVE('',#74,#97,#293,.T.);
#293 = SURFACE_CURVE('',#294,(#337,#383),.PCURVE_S1.);
#294 = B_SPLINE_CURVE_WITH_KNOTS('',6,(#295,#296,#297,#298,#299,#300,
    #301,#302,#303,#304,#305,#306,#307,#308,#309,#310,#311,#312,#313,
    #314,#315,#316,#317,#318,#319,#320,#321,#322,#323,#324,#325,#326,
    #327,#328,#329,#330,#331,#332,#333,#334,#335,#336),.UNSPECIFIED.,.F.
  ,.F.,(7,5,5,5,5,5,5,5,7),(0.,9.671271397992E-02,0.243781245697,
    0.362452199498,0.500161273603,0.637870347709,0.756541309192,
    0.840285922984,1.),.UNSPECIFIED.);
#295 = CARTESIAN_POINT('',(160.,-2.832769448824E-15,-45.));
#296 = CARTESIAN_POINT('',(160.,0.30743681124,-45.));
#297 = CARTESIAN_POINT('',(159.99929147507,0.614202008178,
    -44.97731569477));
#298 = CARTESIAN_POINT('',(159.99787849703,0.91682826492,-44.9321337806)
  );
#299 = CARTESIAN_POINT('',(159.9958236557,1.211917610532,-44.86557030221
    ));
#300 = CARTESIAN_POINT('',(159.99323257278,1.496330388949,
    -44.77963908279));
#301 = CARTESIAN_POINT('',(159.98568527863,2.179543585892,
    -44.52147432884));
#302 = CARTESIAN_POINT('',(159.98020138164,2.560605570324,
    -44.32767507651));
#303 = CARTESIAN_POINT('',(159.97416927751,2.908586361827,
    -44.10319282581));
#304 = CARTESIAN_POINT('',(159.96795244538,3.222723765249,
    -43.85446512842));
#305 = CARTESIAN_POINT('',(159.96183701334,3.503134329722,
    -43.58720338355));
#306 = CARTESIAN_POINT('',(159.95135444095,3.950201648448,
    -43.08010505033));
#307 = CARTESIAN_POINT('',(159.94686401257,4.12895236803,-42.84427619818
    ));
#308 = CARTESIAN_POINT('',(159.9426648829,4.287526474085,-42.60104420021
    ));
#309 = CARTESIAN_POINT('',(159.93883004081,4.426636471518,
    -42.35193761631));
#310 = CARTESIAN_POINT('',(159.93541167168,4.546921833071,
    -42.09814583354));
#311 = CARTESIAN_POINT('',(159.92900866282,4.767200340201,
    -41.54178583314));
#312 = CARTESIAN_POINT('',(159.92618169081,4.860842368577,-41.2379248325
    ));
#313 = CARTESIAN_POINT('',(159.92402704463,4.930550581535,
    -40.93063092717));
#314 = CARTESIAN_POINT('',(159.92257994603,4.97684638092,-40.62116305451
    ));
#315 = CARTESIAN_POINT('',(159.92185591719,5.,-40.31060125438));
#316 = CARTESIAN_POINT('',(159.92185591719,5.,-39.68939874561));
#317 = CARTESIAN_POINT('',(159.92257994603,4.97684638092,-39.37883694548
    ));
#318 = CARTESIAN_POINT('',(159.92402704463,4.930550581535,
    -39.06936907282));
#319 = CARTESIAN_POINT('',(159.92618169081,4.860842368577,
    -38.76207516749));
#320 = CARTESIAN_POINT('',(159.92900866282,4.767200340201,
    -38.45821416685));
#321 = CARTESIAN_POINT('',(159.93541167187,4.54692182647,-37.90185414978
    ));
#322 = CARTESIAN_POINT('',(159.93883004042,4.426636486653,
    -37.64806240928));
#323 = CARTESIAN_POINT('',(159.94266488295,4.287526471058,
    -37.39895580061));
#324 = CARTESIAN_POINT('',(159.94686401299,4.128952351463,-37.1557237766
    ));
#325 = CARTESIAN_POINT('',(159.95135444064,3.950201661559,
    -36.91989496454));
#326 = CARTESIAN_POINT('',(159.95933908741,3.609667440932,
    -36.53363471143));
#327 = CARTESIAN_POINT('',(159.96273856377,3.458329120216,
    -36.37844687426));
#328 = CARTESIAN_POINT('',(159.96619732436,3.296344687109,
    -36.22865429144));
#329 = CARTESIAN_POINT('',(159.96967116731,3.123546982706,
    -36.08512991168));
#330 = CARTESIAN_POINT('',(159.97310832354,2.939818765701,
    -35.94886025972));
#331 = CARTESIAN_POINT('',(159.98282122818,2.373781819607,-35.5770434828
    ));
#332 = CARTESIAN_POINT('',(159.98893181917,1.95735362613,-35.36017928851
    ));
#333 = CARTESIAN_POINT('',(159.99421601003,1.501511886695,
    -35.18503309881));
#334 = CARTESIAN_POINT('',(159.99804398214,1.015426486128,
    -35.06260689592));
#335 = CARTESIAN_POINT('',(160.,0.510747449398,-35.));
#336 = CARTESIAN_POINT('',(160.,5.359377197861E-15,-35.));
#337 = PCURVE('',#49,#338);
#338 = DEFINITIONAL_REPRESENTATION('',(#339),#382);
#339 = B_SPLINE_CURVE_WITH_KNOTS('',6,(#340,#341,#342,#343,#344,#345,
    #346,#347,#348,#349,#350,#351,#352,#353,#354,#355,#356,#357,#358,
    #359,#360,#361,#362,#363,#364,#365,#366,#367,#368,#369,#370,#371,
    #372,#373,#374,#375,#376,#377,#378,#379,#380,#381),.UNSPECIFIED.,.F.
  ,.F.,(7,5,5,5,5,5,5,5,7),(0.,9.671271397992E-02,0.243781245697,
    0.362452199498,0.500161273603,0.637870347709,0.756541309192,
    0.840285922984,1.),.UNSPECIFIED.);
#340 = CARTESIAN_POINT('',(0.,35.));
#341 = CARTESIAN_POINT('',(1.921480070251E-03,35.));
#342 = CARTESIAN_POINT('',(3.838762478745E-03,35.02268430523));
#343 = CARTESIAN_POINT('',(5.730189541064E-03,35.067866219394));
#344 = CARTESIAN_POINT('',(7.574535857105E-03,35.134429697786));
#345 = CARTESIAN_POINT('',(9.352186218135E-03,35.220360917202));
#346 = CARTESIAN_POINT('',(1.362252923223E-02,35.478525671157));
#347 = CARTESIAN_POINT('',(1.600439990114E-02,35.672324923489));
#348 = CARTESIAN_POINT('',(1.817959452286E-02,35.896807174183));
#349 = CARTESIAN_POINT('',(2.014333140215E-02,36.145534871574));
#350 = CARTESIAN_POINT('',(2.189631178512E-02,36.412796616447));
#351 = CARTESIAN_POINT('',(2.46912505129E-02,36.919894949669));
#352 = CARTESIAN_POINT('',(2.5808793437E-02,37.155723801816));
#353 = CARTESIAN_POINT('',(2.680022788023E-02,37.398955799788));
#354 = CARTESIAN_POINT('',(2.766999522738E-02,37.648062383689));
#355 = CARTESIAN_POINT('',(2.842208207022E-02,37.90185416646));
#356 = CARTESIAN_POINT('',(2.979940424605E-02,38.458214166853));
#357 = CARTESIAN_POINT('',(3.038493322705E-02,38.762075167494));
#358 = CARTESIAN_POINT('',(3.082081752668E-02,39.069369072825));
#359 = CARTESIAN_POINT('',(3.11103076761E-02,39.378836945487));
#360 = CARTESIAN_POINT('',(3.12550884995E-02,39.689398745613));
#361 = CARTESIAN_POINT('',(3.12550884995E-02,40.310601254387));
#362 = CARTESIAN_POINT('',(3.11103076761E-02,40.621163054513));
#363 = CARTESIAN_POINT('',(3.082081752668E-02,40.930630927175));
#364 = CARTESIAN_POINT('',(3.038493322705E-02,41.237924832505));
#365 = CARTESIAN_POINT('',(2.979940424605E-02,41.541785833147));
#366 = CARTESIAN_POINT('',(2.842208202895E-02,42.098145850212));
#367 = CARTESIAN_POINT('',(2.7669995322E-02,42.351937590719));
#368 = CARTESIAN_POINT('',(2.680022786131E-02,42.601044199385));
#369 = CARTESIAN_POINT('',(2.580879333342E-02,42.844276223393));
#370 = CARTESIAN_POINT('',(2.469125059487E-02,43.080105035459));
#371 = CARTESIAN_POINT('',(2.256232673598E-02,43.466365288562));
#372 = CARTESIAN_POINT('',(2.16162240923E-02,43.621553125734));
#373 = CARTESIAN_POINT('',(2.060359160359E-02,43.771345708556));
#374 = CARTESIAN_POINT('',(1.95233891749E-02,43.914870088311));
#375 = CARTESIAN_POINT('',(1.837488826606E-02,44.051139740272));
#376 = CARTESIAN_POINT('',(1.483663655231E-02,44.422956517199));
#377 = CARTESIAN_POINT('',(1.223368814641E-02,44.639820711488));
#378 = CARTESIAN_POINT('',(9.384507646316E-03,44.81496690119));
#379 = CARTESIAN_POINT('',(6.34641557452E-03,44.937393104076));
#380 = CARTESIAN_POINT('',(3.19217155874E-03,45.));
#381 = CARTESIAN_POINT('',(0.,45.));
#382 = ( GEOMETRIC_REPRESENTATION_CONTEXT(2) 
PARAMETRIC_REPRESENTATION_CONTEXT() REPRESENTATION_CONTEXT('2D SPACE',''
  ) );
#383 = PCURVE('',#190,#384);
#384 = DEFINITIONAL_REPRESENTATION('',(#385),#428);
#385 = B_SPLINE_CURVE_WITH_KNOTS('',6,(#386,#387,#388,#389,#390,#391,
    #392,#393,#394,#395,#396,#397,#398,#399,#400,#401,#402,#403,#404,
    #405,#406,#407,#408,#409,#410,#411,#412,#413,#414,#415,#416,#417,
    #418,#419,#420,#421,#422,#423,#424,#425,#426,#427),.UNSPECIFIED.,.F.
  ,.F.,(7,5,5,5,5,5,5,5,7),(0.,9.671271397992E-02,0.243781245697,
    0.362452199498,0.500161273603,0.637870347709,0.756541309192,
    0.840285922984,1.),.UNSPECIFIED.);
#386 = CARTESIAN_POINT('',(-8.881784197001E-16,14.));
#387 = CARTESIAN_POINT('',(6.148736224803E-02,14.));
#388 = CARTESIAN_POINT('',(0.122840352936,13.99929147507));
#389 = CARTESIAN_POINT('',(0.18378419362,13.997878497039));
#390 = CARTESIAN_POINT('',(0.244047994034,13.995823655705));
#391 = CARTESIAN_POINT('',(0.303333385638,13.993232572787));
#392 = CARTESIAN_POINT('',(0.449405876226,13.985685278638));
#393 = CARTESIAN_POINT('',(0.534399111494,13.980201381641));
#394 = CARTESIAN_POINT('',(0.616603032873,13.974169277519));
#395 = CARTESIAN_POINT('',(0.696219515198,13.967952445382));
#396 = CARTESIAN_POINT('',(0.773402682679,13.961837013346));
#397 = CARTESIAN_POINT('',(0.908608881802,13.951354440953));
#398 = CARTESIAN_POINT('',(0.96763073644,13.946864012575));
#399 = CARTESIAN_POINT('',(1.025489654917,13.942664882904));
#400 = CARTESIAN_POINT('',(1.082360910332,13.938830040813));
#401 = CARTESIAN_POINT('',(1.138410589544,13.935411671684));
#402 = CARTESIAN_POINT('',(1.258086664136,13.929008662821));
#403 = CARTESIAN_POINT('',(1.321485806271,13.926181690814));
#404 = CARTESIAN_POINT('',(1.384238491287,13.92402704463));
#405 = CARTESIAN_POINT('',(1.446563842456,13.922579946037));
#406 = CARTESIAN_POINT('',(1.508676075917,13.921855917195));
#407 = CARTESIAN_POINT('',(1.632916577672,13.921855917195));
#408 = CARTESIAN_POINT('',(1.695028811134,13.922579946037));
#409 = CARTESIAN_POINT('',(1.757354162302,13.92402704463));
#410 = CARTESIAN_POINT('',(1.820106847319,13.926181690814));
#411 = CARTESIAN_POINT('',(1.883505989454,13.929008662821));
#412 = CARTESIAN_POINT('',(2.003182067632,13.935411671876));
#413 = CARTESIAN_POINT('',(2.059231737236,13.938830040422));
#414 = CARTESIAN_POINT('',(2.11610299885,13.942664882958));
#415 = CARTESIAN_POINT('',(2.173961923256,13.946864012992));
#416 = CARTESIAN_POINT('',(2.232983767823,13.951354440646));
#417 = CARTESIAN_POINT('',(2.335971250275,13.95933908741));
#418 = CARTESIAN_POINT('',(2.379269173979,13.962738563775));
#419 = CARTESIAN_POINT('',(2.423305247365,13.966197324363));
#420 = CARTESIAN_POINT('',(2.468131830302,13.969671167319));
#421 = CARTESIAN_POINT('',(2.513807210845,13.973108323549));
#422 = CARTESIAN_POINT('',(2.649253959045,13.982821228183));
#423 = CARTESIAN_POINT('',(2.742677371513,13.988931819177));
#424 = CARTESIAN_POINT('',(2.839371120503,13.994216010038));
#425 = CARTESIAN_POINT('',(2.93850747395,13.998043982143));
#426 = CARTESIAN_POINT('',(3.03944316371,14.));
#427 = CARTESIAN_POINT('',(3.14159265359,14.));
#428 = ( GEOMETRIC_REPRESENTATION_CONTEXT(2) 
PARAMETRIC_REPRESENTATION_CONTEXT() REPRESENTATION_CONTEXT('2D SPACE',''
  ) );
#429 = ORIENTED_EDGE('',*,*,#73,.F.);
#430 = FACE_BOUND('',#431,.T.);
#431 = EDGE_LOOP('',(#432));
#432 = ORIENTED_EDGE('',*,*,#433,.T.);
#433 = EDGE_CURVE('',#434,#434,#436,.T.);
#434 = VERTEX_POINT('',#435);
#435 = CARTESIAN_POINT('',(8.,159.7998748435,-40.));
#436 = SURFACE_CURVE('',#437,(#517,#600),.PCURVE_S1.);
#437 = B_SPLINE_CURVE_WITH_KNOTS('',8,(#438,#439,#440,#441,#442,#443,
    #444,#445,#446,#447,#448,#449,#450,#451,#452,#453,#454,#455,#456,
    #457,#458,#459,#460,#461,#462,#463,#464,#465,#466,#467,#468,#469,
    #470,#471,#472,#473,#474,#475,#476,#477,#478,#479,#480,#481,#482,
    #483,#484,#485,#486,#487,#488,#489,#490,#491,#492,#493,#494,#495,
    #496,#497,#498,#499,#500,#501,#502,#503,#504,#505,#506,#507,#508,
    #509,#510,#511,#512,#513,#514,#515,#516),.UNSPECIFIED.,.T.,.F.,(9,7,
    7,7,7,7,7,7,7,7,7,9),(0.,0.129917806103,0.200176661492,
    0.250519357049,0.326896130316,0.429988076376,0.499433951495,
    0.596391273224,0.672007410236,0.751283761578,0.827610694719,1.),
  .UNSPECIFIED.);
#438 = CARTESIAN_POINT('',(8.,159.7998748435,-40.));
#439 = CARTESIAN_POINT('',(8.,159.7998748435,-39.2947137399));
#440 = CARTESIAN_POINT('',(7.92893854967,159.80343230802,-38.59031394404
    ));
#441 = CARTESIAN_POINT('',(7.787129768184,159.81053184312,
    -37.89025231612));
#442 = CARTESIAN_POINT('',(7.573293253631,159.82105936438,
    -37.19823708081));
#443 = CARTESIAN_POINT('',(7.284870391681,159.83479282909,
    -36.51899023742));
#444 = CARTESIAN_POINT('',(6.918268978142,159.85134288759,
    -35.85881336836));
#445 = CARTESIAN_POINT('',(6.4691933032,159.87006350266,-35.2263237057)
  );
#446 = CARTESIAN_POINT('',(5.643363640413,159.90070849559,
    -34.31324640863));
#447 = CARTESIAN_POINT('',(5.327361964394,159.9118334447,-34.00362523986
    ));
#448 = CARTESIAN_POINT('',(4.984814229324,159.92315218311,
    -33.70747623498));
#449 = CARTESIAN_POINT('',(4.615518925982,159.93445447241,
    -33.42760506591));
#450 = CARTESIAN_POINT('',(4.219490373608,159.94549463501,
    -33.16701730101));
#451 = CARTESIAN_POINT('',(3.796994955271,159.9559953388,-32.92894087641
    ));
#452 = CARTESIAN_POINT('',(3.348603838717,159.96565561717,
    -32.71685923197));
#453 = CARTESIAN_POINT('',(2.536097891572,159.98025902298,
    -32.40392843441));
#454 = CARTESIAN_POINT('',(2.184021131306,159.98576491079,-32.28855049)
  );
#455 = CARTESIAN_POINT('',(1.820808788361,159.9905395874,-32.19038569005
    ));
#456 = CARTESIAN_POINT('',(1.448427218777,159.99445632638,-32.111032018)
  );
#457 = CARTESIAN_POINT('',(1.068991751151,159.99741247484,
    -32.05171460367));
#458 = CARTESIAN_POINT('',(0.684725448569,159.99933625434,
    -32.01327904644));
#459 = CARTESIAN_POINT('',(0.297917129498,160.00019076306,
    -31.99618448718));
#460 = CARTESIAN_POINT('',(-0.676311808651,159.99964810922,
    -32.00703823575));
#461 = CARTESIAN_POINT('',(-1.257792525352,159.9968618849,
    -32.06278156265));
#462 = CARTESIAN_POINT('',(-1.8272536309,159.99170166815,-32.1661413879)
  );
#463 = CARTESIAN_POINT('',(-2.378664413066,159.98440502218,
    -32.31427793896));
#464 = CARTESIAN_POINT('',(-2.90649627205,159.97533442899,
    -32.50315401752));
#465 = CARTESIAN_POINT('',(-3.405917559715,159.9649384696,
    -32.72758418006));
#466 = CARTESIAN_POINT('',(-3.87296030497,159.95370166733,
    -32.98127577389));
#467 = CARTESIAN_POINT('',(-4.887357447799,159.92640032467,
    -33.62884275269));
#468 = CARTESIAN_POINT('',(-5.411906755383,159.90985472379,
    -34.04469927508));
#469 = CARTESIAN_POINT('',(-5.879457807769,159.89326257535,
    -34.49475572413));
#470 = CARTESIAN_POINT('',(-6.29188745633,159.87727482933,
    -34.97139647416));
#471 = CARTESIAN_POINT('',(-6.651385618168,159.86237673222,
    -35.46862406387));
#472 = CARTESIAN_POINT('',(-6.960145461728,159.84891814583,
    -35.98172587516));
#473 = CARTESIAN_POINT('',(-7.220137767053,159.83715149467,
    -36.50703237456));
#474 = CARTESIAN_POINT('',(-7.576308013848,159.82058738673,
    -37.40195194586));
#475 = CARTESIAN_POINT('',(-7.698283484,159.81476767959,-37.76649333649)
  );
#476 = CARTESIAN_POINT('',(-7.799318241808,159.8098510464,
    -38.13445254963));
#477 = CARTESIAN_POINT('',(-7.879774565185,159.8058793577,
    -38.50502607006));
#478 = CARTESIAN_POINT('',(-7.939930508909,159.80288204081,
    -38.87750119755));
#479 = CARTESIAN_POINT('',(-7.97997451115,159.80087755113,-39.2512288352
    ));
#480 = CARTESIAN_POINT('',(-8.,159.7998748435,-39.62559627777));
#481 = CARTESIAN_POINT('',(-8.,159.7998748435,-40.52272625393));
#482 = CARTESIAN_POINT('',(-7.960965562827,159.8018290521,
    -41.04525154171));
#483 = CARTESIAN_POINT('',(-7.882947772488,159.8057347165,
    -41.56602550844));
#484 = CARTESIAN_POINT('',(-7.765584670393,159.81155675993,
    -42.08342784948));
#485 = CARTESIAN_POINT('',(-7.60813823364,159.81922523386,
    -42.59564428322));
#486 = CARTESIAN_POINT('',(-7.409537009316,159.8286270589,
    -43.10052152535));
#487 = CARTESIAN_POINT('',(-7.1684244048,159.83959205445,-43.59540126473
    ));
#488 = CARTESIAN_POINT('',(-6.660778557445,159.86145125597,
    -44.45247548928));
#489 = CARTESIAN_POINT('',(-6.411359906008,159.87183691279,
    -44.82017294448));
#490 = CARTESIAN_POINT('',(-6.134168803801,159.88291334189,
    -45.17835593154));
#491 = CARTESIAN_POINT('',(-5.82838671984,159.89453357681,
    -45.52503540517));
#492 = CARTESIAN_POINT('',(-5.493204912609,159.90651264557,
    -45.85786458938));
#493 = CARTESIAN_POINT('',(-5.127882335727,159.9186220159,
    -46.17408375124));
#494 = CARTESIAN_POINT('',(-4.731821004777,159.93058641072,
    -46.47044800853));
#495 = CARTESIAN_POINT('',(-3.85681977457,159.9541360713,-47.02902795634
    ));
#496 = CARTESIAN_POINT('',(-3.370540630199,159.96578957555,
    -47.29161308316));
#497 = CARTESIAN_POINT('',(-2.849262525476,159.97652058526,
    -47.52243493067));
#498 = CARTESIAN_POINT('',(-2.297617729285,159.98578394641,
    -47.71436321393));
#499 = CARTESIAN_POINT('',(-1.721258546446,159.99307422861,
    -47.86163441515));
#500 = CARTESIAN_POINT('',(-1.126639148426,159.99799552551,
    -47.95990211779));
#501 = CARTESIAN_POINT('',(-0.520759262526,160.00031488803,
    -48.0062981659));
#502 = CARTESIAN_POINT('',(0.676311808651,159.99964810922,
    -47.99296176424));
#503 = CARTESIAN_POINT('',(1.257792525351,159.9968618849,-47.93721843734
    ));
#504 = CARTESIAN_POINT('',(1.8272536309,159.99170166815,-47.8338586121)
  );
#505 = CARTESIAN_POINT('',(2.378664413067,159.98440502218,
    -47.68572206103));
#506 = CARTESIAN_POINT('',(2.906496272051,159.97533442899,
    -47.49684598247));
#507 = CARTESIAN_POINT('',(3.405917559715,159.9649384696,-47.27241581993
    ));
#508 = CARTESIAN_POINT('',(3.87296030497,159.95370166733,-47.0187242261)
  );
#509 = CARTESIAN_POINT('',(5.279677798938,159.91584146968,
    -46.12070927798));
#510 = CARTESIAN_POINT('',(6.091661830811,159.88718965691,
    -45.37557563297));
#511 = CARTESIAN_POINT('',(6.746644401196,159.85994207822,
    -44.55286146802));
#512 = CARTESIAN_POINT('',(7.255699559221,159.83660013833,
    -43.68106780745));
#513 = CARTESIAN_POINT('',(7.629337338737,159.81842953864,
    -42.77953097442));
#514 = CARTESIAN_POINT('',(7.875955523521,159.80608517577,-41.8604945804
    ));
#515 = CARTESIAN_POINT('',(8.,159.7998748435,-40.93183619709));
#516 = CARTESIAN_POINT('',(8.,159.7998748435,-40.));
#517 = PCURVE('',#49,#518);
#518 = DEFINITIONAL_REPRESENTATION('',(#519),#599);
#519 = B_SPLINE_CURVE_WITH_KNOTS('',8,(#520,#521,#522,#523,#524,#525,
    #526,#527,#528,#529,#530,#531,#532,#533,#534,#535,#536,#537,#538,
    #539,#540,#541,#542,#543,#544,#545,#546,#547,#548,#549,#550,#551,
    #552,#553,#554,#555,#556,#557,#558,#559,#560,#561,#562,#563,#564,
    #565,#566,#567,#568,#569,#570,#571,#572,#573,#574,#575,#576,#577,
    #578,#579,#580,#581,#582,#583,#584,#585,#586,#587,#588,#589,#590,
    #591,#592,#593,#594,#595,#596,#597,#598),.UNSPECIFIED.,.F.,.F.,(9,7,
    7,7,7,7,7,7,7,7,7,9),(0.,0.129917806103,0.200176661492,
    0.250519357049,0.326896130316,0.429988076376,0.499433951495,
    0.596391273224,0.672007410236,0.751283761578,0.827610694719,1.),
  .UNSPECIFIED.);
#520 = CARTESIAN_POINT('',(1.520775469989,40.));
#521 = CARTESIAN_POINT('',(1.520775469989,40.705286260093));
#522 = CARTESIAN_POINT('',(1.521220160206,41.40968605596));
#523 = CARTESIAN_POINT('',(1.522107575296,42.10974768388));
#524 = CARTESIAN_POINT('',(1.523445671374,42.801762919183));
#525 = CARTESIAN_POINT('',(1.525250351674,43.481009762577));
#526 = CARTESIAN_POINT('',(1.527543927589,44.141186631638));
#527 = CARTESIAN_POINT('',(1.530353058948,44.773676294291));
#528 = CARTESIAN_POINT('',(1.5355180468,45.686753591363));
#529 = CARTESIAN_POINT('',(1.537494277211,45.996374760134));
#530 = CARTESIAN_POINT('',(1.539636360531,46.292523765018));
#531 = CARTESIAN_POINT('',(1.541945522225,46.572394934081));
#532 = CARTESIAN_POINT('',(1.544421641821,46.832982698984));
#533 = CARTESIAN_POINT('',(1.547063030767,47.071059123584));
#534 = CARTESIAN_POINT('',(1.549866107653,47.283140768029));
#535 = CARTESIAN_POINT('',(1.554945089979,47.596071565589));
#536 = CARTESIAN_POINT('',(1.55714583281,47.711449509993));
#537 = CARTESIAN_POINT('',(1.559416094119,47.809614309948));
#538 = CARTESIAN_POINT('',(1.561743591234,47.888967981995));
#539 = CARTESIAN_POINT('',(1.56411511689,47.948285396323));
#540 = CARTESIAN_POINT('',(1.566516795724,47.986720953552));
#541 = CARTESIAN_POINT('',(1.568934344389,48.003815512819));
#542 = CARTESIAN_POINT('',(1.575023276197,47.992961764244));
#543 = CARTESIAN_POINT('',(1.57865753987,47.937218437348));
#544 = CARTESIAN_POINT('',(1.582216764304,47.8338586121));
#545 = CARTESIAN_POINT('',(1.585663326677,47.685722061037));
#546 = CARTESIAN_POINT('',(1.588962717246,47.496845982476));
#547 = CARTESIAN_POINT('',(1.592084748338,47.272415819937));
#548 = CARTESIAN_POINT('',(1.595004598412,47.018724226109));
#549 = CARTESIAN_POINT('',(1.601346876341,46.371157247309));
#550 = CARTESIAN_POINT('',(1.60462690491,45.955300724914));
#551 = CARTESIAN_POINT('',(1.607550904998,45.505244275861));
#552 = CARTESIAN_POINT('',(1.610130504666,45.028603525837));
#553 = CARTESIAN_POINT('',(1.612379285627,44.531375936128));
#554 = CARTESIAN_POINT('',(1.61431086237,44.018274124838));
#555 = CARTESIAN_POINT('',(1.615937476351,43.492967625433));
#556 = CARTESIAN_POINT('',(1.618165946384,42.59804805414));
#557 = CARTESIAN_POINT('',(1.61892915982,42.233506663506));
#558 = CARTESIAN_POINT('',(1.619561373834,41.865547450363));
#559 = CARTESIAN_POINT('',(1.62006483799,41.494973929936));
#560 = CARTESIAN_POINT('',(1.620441279109,41.122498802448));
#561 = CARTESIAN_POINT('',(1.620691867567,40.748771164795));
#562 = CARTESIAN_POINT('',(1.620817183601,40.374403722222));
#563 = CARTESIAN_POINT('',(1.620817183601,39.477273746061));
#564 = CARTESIAN_POINT('',(1.62057291278,38.954748458284));
#565 = CARTESIAN_POINT('',(1.620084691075,38.433974491557));
#566 = CARTESIAN_POINT('',(1.61935026973,37.916572150515));
#567 = CARTESIAN_POINT('',(1.618365063804,37.404355716776));
#568 = CARTESIAN_POINT('',(1.617122418875,36.899478474645));
#569 = CARTESIAN_POINT('',(1.615613911949,36.404598735269));
#570 = CARTESIAN_POINT('',(1.61243818534,35.547524510715));
#571 = CARTESIAN_POINT('',(1.610877969515,35.179827055514));
#572 = CARTESIAN_POINT('',(1.609144146707,34.821644068451));
#573 = CARTESIAN_POINT('',(1.607231637098,34.474964594823));
#574 = CARTESIAN_POINT('',(1.60513542551,34.142135410615));
#575 = CARTESIAN_POINT('',(1.602850920653,33.825916248755));
#576 = CARTESIAN_POINT('',(1.600374421562,33.529551991461));
#577 = CARTESIAN_POINT('',(1.594903683568,32.970972043659));
#578 = CARTESIAN_POINT('',(1.591863579569,32.70838691684));
#579 = CARTESIAN_POINT('',(1.588604932663,32.477565069322));
#580 = CARTESIAN_POINT('',(1.585156718997,32.285636786067));
#581 = CARTESIAN_POINT('',(1.581554251132,32.138365584846));
#582 = CARTESIAN_POINT('',(1.577837813424,32.040097882202));
#583 = CARTESIAN_POINT('',(1.574051072748,31.993701834091));
#584 = CARTESIAN_POINT('',(1.566569377393,32.007038235756));
#585 = CARTESIAN_POINT('',(1.56293511372,32.062781562652));
#586 = CARTESIAN_POINT('',(1.559375889286,32.1661413879));
#587 = CARTESIAN_POINT('',(1.555929326913,32.314277938963));
#588 = CARTESIAN_POINT('',(1.552629936344,32.503154017524));
#589 = CARTESIAN_POINT('',(1.549507905251,32.727584180063));
#590 = CARTESIAN_POINT('',(1.546588055177,32.981275773891));
#591 = CARTESIAN_POINT('',(1.537792887154,33.879290722014));
#592 = CARTESIAN_POINT('',(1.532715006334,34.624424367021));
#593 = CARTESIAN_POINT('',(1.528617918982,35.447138531976));
#594 = CARTESIAN_POINT('',(1.525433003931,36.318932192544));
#595 = CARTESIAN_POINT('',(1.52309501317,37.220469025579));
#596 = CARTESIAN_POINT('',(1.521551718816,38.139505419592));
#597 = CARTESIAN_POINT('',(1.520775469989,39.068163802902));
#598 = CARTESIAN_POINT('',(1.520775469989,40.));
#599 = ( GEOMETRIC_REPRESENTATION_CONTEXT(2) 
PARAMETRIC_REPRESENTATION_CONTEXT() REPRESENTATION_CONTEXT('2D SPACE',''
  ) );
#600 = PCURVE('',#601,#606);
#601 = CYLINDRICAL_SURFACE('',#602,8.);
#602 = AXIS2_PLACEMENT_3D('',#603,#604,#605);
#603 = CARTESIAN_POINT('',(0.,163.,-40.));
#604 = DIRECTION('',(0.,-1.,2.22044604925E-16));
#605 = DIRECTION('',(1.,0.,0.));
#606 = DEFINITIONAL_REPRESENTATION('',(#607),#687);
#607 = B_SPLINE_CURVE_WITH_KNOTS('',8,(#608,#609,#610,#611,#612,#613,
    #614,#615,#616,#617,#618,#619,#620,#621,#622,#623,#624,#625,#626,
    #627,#628,#629,#630,#631,#632,#633,#634,#635,#636,#637,#638,#639,
    #640,#641,#642,#643,#644,#645,#646,#647,#648,#649,#650,#651,#652,
    #653,#654,#655,#656,#657,#658,#659,#660,#661,#662,#663,#664,#665,
    #666,#667,#668,#669,#670,#671,#672,#673,#674,#675,#676,#677,#678,
    #679,#680,#681,#682,#683,#684,#685,#686),.UNSPECIFIED.,.F.,.F.,(9,7,
    7,7,7,7,7,7,7,7,7,9),(0.,0.129917806103,0.200176661492,
    0.250519357049,0.326896130316,0.429988076376,0.499433951495,
    0.596391273224,0.672007410236,0.751283761578,0.827610694719,1.),
  .UNSPECIFIED.);
#608 = CARTESIAN_POINT('',(0.,3.200125156495));
#609 = CARTESIAN_POINT('',(8.816078251161E-02,3.200125156495));
#610 = CARTESIAN_POINT('',(0.17621061536,3.196567691979));
#611 = CARTESIAN_POINT('',(0.264762984215,3.189468156876));
#612 = CARTESIAN_POINT('',(0.354385547057,3.178940635613));
#613 = CARTESIAN_POINT('',(0.445638676439,3.165207170907));
#614 = CARTESIAN_POINT('',(0.539097474432,3.148657112406));
#615 = CARTESIAN_POINT('',(0.635387739638,3.129936497339));
#616 = CARTESIAN_POINT('',(0.789280193074,3.099291504409));
#617 = CARTESIAN_POINT('',(0.844480302695,3.088166555291));
#618 = CARTESIAN_POINT('',(0.900897168976,3.076847816885));
#619 = CARTESIAN_POINT('',(0.958572522089,3.065545527588));
#620 = CARTESIAN_POINT('',(1.017559949424,3.054505364986));
#621 = CARTESIAN_POINT('',(1.077927000764,3.044004661196));
#622 = CARTESIAN_POINT('',(1.139758797222,3.034344382826));
#623 = CARTESIAN_POINT('',(1.248594366876,3.019740977017));
#624 = CARTESIAN_POINT('',(1.294846729593,3.01423508921));
#625 = CARTESIAN_POINT('',(1.341767612258,3.009460412591));
#626 = CARTESIAN_POINT('',(1.389220427873,3.005543673613));
#627 = CARTESIAN_POINT('',(1.437080300054,3.002587525152));
#628 = CARTESIAN_POINT('',(1.48522968158,3.000663745652));
#629 = CARTESIAN_POINT('',(1.533553913715,2.999809236936));
#630 = CARTESIAN_POINT('',(1.655340088255,3.000351890773));
#631 = CARTESIAN_POINT('',(1.728098248651,3.003138115098));
#632 = CARTESIAN_POINT('',(1.800023210048,3.008298331848));
#633 = CARTESIAN_POINT('',(1.870914906776,3.015594977814));
#634 = CARTESIAN_POINT('',(1.94054973571,3.024665571009));
#635 = CARTESIAN_POINT('',(2.008664573878,3.035061530391));
#636 = CARTESIAN_POINT('',(2.074936282913,3.046298332667));
#637 = CARTESIAN_POINT('',(2.225370267366,3.073599675325));
#638 = CARTESIAN_POINT('',(2.308608298776,3.090145276201));
#639 = CARTESIAN_POINT('',(2.38912401476,3.106737424642));
#640 = CARTESIAN_POINT('',(2.467284491418,3.122725170668));
#641 = CARTESIAN_POINT('',(2.543422861842,3.137623267771));
#642 = CARTESIAN_POINT('',(2.617853816903,3.151081854163));
#643 = CARTESIAN_POINT('',(2.690880272649,3.162848505324));
#644 = CARTESIAN_POINT('',(2.81127923728,3.179412613266));
#645 = CARTESIAN_POINT('',(2.859255160915,3.18523232041));
#646 = CARTESIAN_POINT('',(2.906833240669,3.190148953594));
#647 = CARTESIAN_POINT('',(2.954096140831,3.194120642291));
#648 = CARTESIAN_POINT('',(3.001124115036,3.197117959188));
#649 = CARTESIAN_POINT('',(3.047996329842,3.199122448868));
#650 = CARTESIAN_POINT('',(3.094792188312,3.200125156495));
#651 = CARTESIAN_POINT('',(3.206933435332,3.200125156495));
#652 = CARTESIAN_POINT('',(3.272249311831,3.198170947893));
#653 = CARTESIAN_POINT('',(3.337770605296,3.1942652835));
#654 = CARTESIAN_POINT('',(3.40372011226,3.188443240068));
#655 = CARTESIAN_POINT('',(3.470318338934,3.180774766132));
#656 = CARTESIAN_POINT('',(3.537790373772,3.171372941095));
#657 = CARTESIAN_POINT('',(3.606374397219,3.160407945544));
#658 = CARTESIAN_POINT('',(3.730890995807,3.138548744029));
#659 = CARTESIAN_POINT('',(3.786325522774,3.128163087205));
#660 = CARTESIAN_POINT('',(3.842753039997,3.117086658109));
#661 = CARTESIAN_POINT('',(3.900293340198,3.105466423183));
#662 = CARTESIAN_POINT('',(3.959070656708,3.093487354425));
#663 = CARTESIAN_POINT('',(4.019217624484,3.0813779841));
#664 = CARTESIAN_POINT('',(4.080880923838,3.069413589277));
#665 = CARTESIAN_POINT('',(4.210642647234,3.045863928692));
#666 = CARTESIAN_POINT('',(4.279539345995,3.034210424447));
#667 = CARTESIAN_POINT('',(4.350433404511,3.023479414732));
#668 = CARTESIAN_POINT('',(4.422944315973,3.014216053586));
#669 = CARTESIAN_POINT('',(4.496762559022,3.006925771387));
#670 = CARTESIAN_POINT('',(4.571623925693,3.002004474483));
#671 = CARTESIAN_POINT('',(4.647289572049,2.999685111965));
#672 = CARTESIAN_POINT('',(4.796932741844,3.000351890773));
#673 = CARTESIAN_POINT('',(4.869690902241,3.003138115098));
#674 = CARTESIAN_POINT('',(4.941615863638,3.008298331848));
#675 = CARTESIAN_POINT('',(5.012507560366,3.015594977814));
#676 = CARTESIAN_POINT('',(5.082142389299,3.024665571009));
#677 = CARTESIAN_POINT('',(5.150257227468,3.035061530391));
#678 = CARTESIAN_POINT('',(5.216528936503,3.046298332667));
#679 = CARTESIAN_POINT('',(5.425143599027,3.08415853032));
#680 = CARTESIAN_POINT('',(5.560814103634,3.112810343086));
#681 = CARTESIAN_POINT('',(5.689762123179,3.140057921771));
#682 = CARTESIAN_POINT('',(5.813481777998,3.163399861666));
#683 = CARTESIAN_POINT('',(5.933338398524,3.181570461359));
#684 = CARTESIAN_POINT('',(6.050622934461,3.193914824223));
#685 = CARTESIAN_POINT('',(6.166705782542,3.200125156495));
#686 = CARTESIAN_POINT('',(6.28318530718,3.200125156495));
#687 = ( GEOMETRIC_REPRESENTATION_CONTEXT(2) 
PARAMETRIC_REPRESENTATION_CONTEXT() REPRESENTATION_CONTEXT('2D SPACE',''
  ) );
#688 = FACE_BOUND('',#689,.T.);
#689 = EDGE_LOOP('',(#690));
#690 = ORIENTED_EDGE('',*,*,#691,.T.);
#691 = EDGE_CURVE('',#692,#692,#694,.T.);
#692 = VERTEX_POINT('',#693);
#693 = CARTESIAN_POINT('',(-160.,2.069653090559E-14,-35.));
#694 = SURFACE_CURVE('',#695,(#783,#874),.PCURVE_S1.);
#695 = B_SPLINE_CURVE_WITH_KNOTS('',6,(#696,#697,#698,#699,#700,#701,
    #702,#703,#704,#705,#706,#707,#708,#709,#710,#711,#712,#713,#714,
    #715,#716,#717,#718,#719,#720,#721,#722,#723,#724,#725,#726,#727,
    #728,#729,#730,#731,#732,#733,#734,#735,#736,#737,#738,#739,#740,
    #741,#742,#743,#744,#745,#746,#747,#748,#749,#750,#751,#752,#753,
    #754,#755,#756,#757,#758,#759,#760,#761,#762,#763,#764,#765,#766,
    #767,#768,#769,#770,#771,#772,#773,#774,#775,#776,#777,#778,#779,
    #780,#781,#782),.UNSPECIFIED.,.T.,.F.,(7,5,5,5,5,5,5,5,5,5,5,5,5,5,5
    ,5,5,7),(0.,4.8369889846E-02,0.12192474,0.181276830455,
    0.250150647184,0.31902445864,0.378376545279,0.420260573483,
    0.479709118866,0.531617701248,0.58052475923,0.622346572358,
    0.68161050051,0.75038201125,0.81915352199,0.878417446304,
    0.920239260262,1.),.UNSPECIFIED.);
#696 = CARTESIAN_POINT('',(-160.,2.22044604925E-14,-35.));
#697 = CARTESIAN_POINT('',(-160.,-0.307436789198,-35.));
#698 = CARTESIAN_POINT('',(-159.9992914749,-0.614202042183,
    -35.02268431038));
#699 = CARTESIAN_POINT('',(-159.9978784971,-0.916828266217,-35.067866216
    ));
#700 = CARTESIAN_POINT('',(-159.9958236559,-1.211917577146,
    -35.13442969102));
#701 = CARTESIAN_POINT('',(-159.9932325725,-1.496330408219,
    -35.22036092448));
#702 = CARTESIAN_POINT('',(-159.9856852786,-2.179543585892,
    -35.47852567115));
#703 = CARTESIAN_POINT('',(-159.9802013816,-2.560605570324,
    -35.67232492348));
#704 = CARTESIAN_POINT('',(-159.9741692775,-2.908586361826,
    -35.89680717418));
#705 = CARTESIAN_POINT('',(-159.9679524453,-3.22272376525,
    -36.14553487157));
#706 = CARTESIAN_POINT('',(-159.9618370133,-3.503134329722,
    -36.41279661644));
#707 = CARTESIAN_POINT('',(-159.9513544406,-3.950201661558,
    -36.91989496454));
#708 = CARTESIAN_POINT('',(-159.9468640129,-4.128952351463,
    -37.1557237766));
#709 = CARTESIAN_POINT('',(-159.9426648829,-4.287526471058,
    -37.39895580061));
#710 = CARTESIAN_POINT('',(-159.9388300404,-4.426636486653,
    -37.64806240928));
#711 = CARTESIAN_POINT('',(-159.9354116718,-4.546921826469,
    -37.90185414978));
#712 = CARTESIAN_POINT('',(-159.9290086625,-4.767200349313,
    -38.45821418986));
#713 = CARTESIAN_POINT('',(-159.926181691,-4.860842360256,
    -38.76207512991));
#714 = CARTESIAN_POINT('',(-159.9240270447,-4.930550577304,
    -39.06936907317));
#715 = CARTESIAN_POINT('',(-159.9225799458,-4.976846387245,
    -39.37883698322));
#716 = CARTESIAN_POINT('',(-159.9218559171,-5.,-39.68939872183));
#717 = CARTESIAN_POINT('',(-159.9218559171,-5.,-40.31060125438));
#718 = CARTESIAN_POINT('',(-159.922579946,-4.97684638092,-40.62116305451
    ));
#719 = CARTESIAN_POINT('',(-159.9240270446,-4.930550581535,
    -40.93063092717));
#720 = CARTESIAN_POINT('',(-159.9261816908,-4.860842368577,
    -41.2379248325));
#721 = CARTESIAN_POINT('',(-159.9290086628,-4.767200340201,
    -41.54178583314));
#722 = CARTESIAN_POINT('',(-159.9354116716,-4.546921833071,
    -42.09814583354));
#723 = CARTESIAN_POINT('',(-159.9388300408,-4.426636471518,
    -42.35193761631));
#724 = CARTESIAN_POINT('',(-159.9426648829,-4.287526474085,
    -42.60104420021));
#725 = CARTESIAN_POINT('',(-159.9468640125,-4.12895236803,
    -42.84427619818));
#726 = CARTESIAN_POINT('',(-159.9513544409,-3.950201648447,
    -43.08010505033));
#727 = CARTESIAN_POINT('',(-159.9593390874,-3.60966744099,
    -43.46636528849));
#728 = CARTESIAN_POINT('',(-159.9627385637,-3.458329120204,
    -43.62155312576));
#729 = CARTESIAN_POINT('',(-159.9661973243,-3.296344687043,
    -43.77134570861));
#730 = CARTESIAN_POINT('',(-159.9696711673,-3.123546982683,
    -43.91487008831));
#731 = CARTESIAN_POINT('',(-159.9731083235,-2.939818765775,
    -44.05113974022));
#732 = CARTESIAN_POINT('',(-159.9811914869,-2.46875791674,
    -44.36056888232));
#733 = CARTESIAN_POINT('',(-159.9857620641,-2.169003888504,
    -44.52607769882));
#734 = CARTESIAN_POINT('',(-159.9899499974,-1.847559409592,
    -44.67061033784));
#735 = CARTESIAN_POINT('',(-159.993526884,-1.506989944586,
    -44.78983529773));
#736 = CARTESIAN_POINT('',(-159.9962871406,-1.150576369876,
    -44.88009223454));
#737 = CARTESIAN_POINT('',(-159.9996607037,-0.460493609942,
    -44.98939060625));
#738 = CARTESIAN_POINT('',(-160.0004949421,-0.131088677392,
    -45.01578834272));
#739 = CARTESIAN_POINT('',(-160.0004978343,0.201312686788,-45.0157610246
    ));
#740 = CARTESIAN_POINT('',(-159.9996483216,0.53170396722,-44.98900412617
    ));
#741 = CARTESIAN_POINT('',(-159.9980189805,0.855166229983,
    -44.93676872102));
#742 = CARTESIAN_POINT('',(-159.9935974309,1.461243042307,
    -44.79126255201));
#743 = CARTESIAN_POINT('',(-159.9908799373,1.744858049617,-44.7006063807
    ));
#744 = CARTESIAN_POINT('',(-159.9876886447,2.016337939242,-44.5918165986
    ));
#745 = CARTESIAN_POINT('',(-159.9841403427,2.2742364299,-44.46703563586)
  );
#746 = CARTESIAN_POINT('',(-159.9803564101,2.517423510558,
    -44.32860156222));
#747 = CARTESIAN_POINT('',(-159.9731083235,2.939818765698,
    -44.05113974027));
#748 = CARTESIAN_POINT('',(-159.9696711673,3.123546982707,
    -43.91487008831));
#749 = CARTESIAN_POINT('',(-159.9661973243,3.296344687112,
    -43.77134570855));
#750 = CARTESIAN_POINT('',(-159.9627385637,3.458329120217,
    -43.62155312573));
#751 = CARTESIAN_POINT('',(-159.9593390874,3.609667440929,
    -43.46636528856));
#752 = CARTESIAN_POINT('',(-159.9513544406,3.950201661559,
    -43.08010503545));
#753 = CARTESIAN_POINT('',(-159.9468640129,4.128952351463,
    -42.84427622339));
#754 = CARTESIAN_POINT('',(-159.9426648829,4.287526471059,
    -42.60104419938));
#755 = CARTESIAN_POINT('',(-159.9388300404,4.426636486653,
    -42.35193759071));
#756 = CARTESIAN_POINT('',(-159.9354116718,4.546921826469,
    -42.09814585021));
#757 = CARTESIAN_POINT('',(-159.9290086625,4.767200349313,
    -41.54178581013));
#758 = CARTESIAN_POINT('',(-159.926181691,4.860842360256,-41.23792487008
    ));
#759 = CARTESIAN_POINT('',(-159.9240270447,4.930550577304,
    -40.93063092682));
#760 = CARTESIAN_POINT('',(-159.9225799458,4.976846387245,
    -40.62116301677));
#761 = CARTESIAN_POINT('',(-159.9218559171,5.,-40.31060127816));
#762 = CARTESIAN_POINT('',(-159.9218559171,5.,-39.68939872183));
#763 = CARTESIAN_POINT('',(-159.9225799458,4.976846387245,
    -39.37883698322));
#764 = CARTESIAN_POINT('',(-159.9240270447,4.930550577304,
    -39.06936907317));
#765 = CARTESIAN_POINT('',(-159.926181691,4.860842360256,-38.76207512991
    ));
#766 = CARTESIAN_POINT('',(-159.9290086625,4.767200349313,
    -38.45821418986));
#767 = CARTESIAN_POINT('',(-159.9354116716,4.546921833071,
    -37.90185416646));
#768 = CARTESIAN_POINT('',(-159.9388300408,4.426636471518,
    -37.64806238368));
#769 = CARTESIAN_POINT('',(-159.9426648829,4.287526474085,
    -37.39895579978));
#770 = CARTESIAN_POINT('',(-159.9468640125,4.12895236803,-37.15572380181
    ));
#771 = CARTESIAN_POINT('',(-159.9513544409,3.950201648448,
    -36.91989494966));
#772 = CARTESIAN_POINT('',(-159.9593390874,3.609667438267,
    -36.53363470841));
#773 = CARTESIAN_POINT('',(-159.9627385636,3.458329125234,
    -36.37844687872));
#774 = CARTESIAN_POINT('',(-159.9661973243,3.296344686616,
    -36.22865429171));
#775 = CARTESIAN_POINT('',(-159.9696711674,3.123546977455,
    -36.08512990735));
#776 = CARTESIAN_POINT('',(-159.9731083234,2.939818769426,
    -35.94886026217));
#777 = CARTESIAN_POINT('',(-159.9828212282,2.373781816409,-35.5770434807
    ));
#778 = CARTESIAN_POINT('',(-159.988931819,1.957353638754,-35.36017929385
    ));
#779 = CARTESIAN_POINT('',(-159.9942160101,1.501511866931,
    -35.18503309332));
#780 = CARTESIAN_POINT('',(-159.998043982,1.015426500813,-35.06260689811
    ));
#781 = CARTESIAN_POINT('',(-160.,0.510747444847,-35.));
#782 = CARTESIAN_POINT('',(-160.,2.22044604925E-14,-35.));
#783 = PCURVE('',#49,#784);
#784 = DEFINITIONAL_REPRESENTATION('',(#785),#873);
#785 = B_SPLINE_CURVE_WITH_KNOTS('',6,(#786,#787,#788,#789,#790,#791,
    #792,#793,#794,#795,#796,#797,#798,#799,#800,#801,#802,#803,#804,
    #805,#806,#807,#808,#809,#810,#811,#812,#813,#814,#815,#816,#817,
    #818,#819,#820,#821,#822,#823,#824,#825,#826,#827,#828,#829,#830,
    #831,#832,#833,#834,#835,#836,#837,#838,#839,#840,#841,#842,#843,
    #844,#845,#846,#847,#848,#849,#850,#851,#852,#853,#854,#855,#856,
    #857,#858,#859,#860,#861,#862,#863,#864,#865,#866,#867,#868,#869,
    #870,#871,#872),.UNSPECIFIED.,.T.,.F.,(7,5,5,5,5,5,5,5,5,5,5,5,5,5,5
    ,5,5,7),(0.,4.8369889846E-02,0.12192474,0.181276830455,
    0.250150647184,0.31902445864,0.378376545279,0.420260573483,
    0.479709118866,0.531617701248,0.58052475923,0.622346572358,
    0.68161050051,0.75038201125,0.81915352199,0.878417446304,
    0.920239260262,1.),.UNSPECIFIED.);
#786 = CARTESIAN_POINT('',(3.14159265359,45.));
#787 = CARTESIAN_POINT('',(3.143514133522,45.));
#788 = CARTESIAN_POINT('',(3.145431416281,44.977315689612));
#789 = CARTESIAN_POINT('',(3.147322843139,44.932133783993));
#790 = CARTESIAN_POINT('',(3.149167189238,44.865570308975));
#791 = CARTESIAN_POINT('',(3.150944839928,44.779639075516));
#792 = CARTESIAN_POINT('',(3.155215182822,44.521474328843));
#793 = CARTESIAN_POINT('',(3.157597053491,44.327675076511));
#794 = CARTESIAN_POINT('',(3.159772248113,44.103192825818));
#795 = CARTESIAN_POINT('',(3.161735984992,43.854465128426));
#796 = CARTESIAN_POINT('',(3.163488965375,43.587203383553));
#797 = CARTESIAN_POINT('',(3.166283904185,43.080105035459));
#798 = CARTESIAN_POINT('',(3.167401446923,42.844276223394));
#799 = CARTESIAN_POINT('',(3.168392881451,42.601044199384));
#800 = CARTESIAN_POINT('',(3.169262648912,42.351937590719));
#801 = CARTESIAN_POINT('',(3.170014735619,42.098145850213));
#802 = CARTESIAN_POINT('',(3.171392057893,41.541785810131));
#803 = CARTESIAN_POINT('',(3.171977586765,41.237924870088));
#804 = CARTESIAN_POINT('',(3.17241347109,40.930630926826));
#805 = CARTESIAN_POINT('',(3.172702961305,40.621163016771));
#806 = CARTESIAN_POINT('',(3.172847742089,40.310601278167));
#807 = CARTESIAN_POINT('',(3.172847742089,39.689398745613));
#808 = CARTESIAN_POINT('',(3.172702961266,39.378836945487));
#809 = CARTESIAN_POINT('',(3.172413471116,39.069369072825));
#810 = CARTESIAN_POINT('',(3.171977586817,38.762075167494));
#811 = CARTESIAN_POINT('',(3.171392057836,38.458214166853));
#812 = CARTESIAN_POINT('',(3.17001473566,37.90185416646));
#813 = CARTESIAN_POINT('',(3.169262648817,37.648062383688));
#814 = CARTESIAN_POINT('',(3.16839288147,37.398955799788));
#815 = CARTESIAN_POINT('',(3.167401447027,37.155723801817));
#816 = CARTESIAN_POINT('',(3.166283904103,36.919894949669));
#817 = CARTESIAN_POINT('',(3.164154980326,36.533634711504));
#818 = CARTESIAN_POINT('',(3.163208877682,36.37844687424));
#819 = CARTESIAN_POINT('',(3.162196245193,36.228654291387));
#820 = CARTESIAN_POINT('',(3.161116042765,36.085129911685));
#821 = CARTESIAN_POINT('',(3.159967541856,35.948860259776));
#822 = CARTESIAN_POINT('',(3.157022978135,35.63943111768));
#823 = CARTESIAN_POINT('',(3.155149300934,35.473922301176));
#824 = CARTESIAN_POINT('',(3.15314011077,35.329389662154));
#825 = CARTESIAN_POINT('',(3.151011445263,35.21016470227));
#826 = CARTESIAN_POINT('',(3.148783802887,35.119907765453));
#827 = CARTESIAN_POINT('',(3.1444707341,35.010609393744));
#828 = CARTESIAN_POINT('',(3.142411952362,34.984211657272));
#829 = CARTESIAN_POINT('',(3.140334454045,34.984238975399));
#830 = CARTESIAN_POINT('',(3.138269511501,35.010995873824));
#831 = CARTESIAN_POINT('',(3.136247851844,35.063231278975));
#832 = CARTESIAN_POINT('',(3.132459770966,35.208737447985));
#833 = CARTESIAN_POINT('',(3.130687100483,35.299393619294));
#834 = CARTESIAN_POINT('',(3.12899023951,35.408183401399));
#835 = CARTESIAN_POINT('',(3.127378225643,35.532964364131));
#836 = CARTESIAN_POINT('',(3.125858124307,35.671398437774));
#837 = CARTESIAN_POINT('',(3.123217765324,35.948860259726));
#838 = CARTESIAN_POINT('',(3.122069264415,36.085129911689));
#839 = CARTESIAN_POINT('',(3.120989061986,36.228654291446));
#840 = CARTESIAN_POINT('',(3.119976429497,36.378446874268));
#841 = CARTESIAN_POINT('',(3.119030326854,36.533634711435));
#842 = CARTESIAN_POINT('',(3.116901402995,36.919894964541));
#843 = CARTESIAN_POINT('',(3.115783860256,37.155723776607));
#844 = CARTESIAN_POINT('',(3.114792425728,37.398955800616));
#845 = CARTESIAN_POINT('',(3.113922658268,37.648062409282));
#846 = CARTESIAN_POINT('',(3.113170571561,37.901854149786));
#847 = CARTESIAN_POINT('',(3.111793249287,38.458214189869));
#848 = CARTESIAN_POINT('',(3.111207720415,38.762075129913));
#849 = CARTESIAN_POINT('',(3.11077183609,39.069369073175));
#850 = CARTESIAN_POINT('',(3.110482345874,39.378836983229));
#851 = CARTESIAN_POINT('',(3.11033756509,39.689398721833));
#852 = CARTESIAN_POINT('',(3.11033756509,40.310601278168));
#853 = CARTESIAN_POINT('',(3.110482345874,40.621163016771));
#854 = CARTESIAN_POINT('',(3.11077183609,40.930630926825));
#855 = CARTESIAN_POINT('',(3.111207720415,41.237924870087));
#856 = CARTESIAN_POINT('',(3.111793249287,41.541785810132));
#857 = CARTESIAN_POINT('',(3.11317057152,42.09814583354));
#858 = CARTESIAN_POINT('',(3.113922658362,42.351937616312));
#859 = CARTESIAN_POINT('',(3.11479242571,42.601044200212));
#860 = CARTESIAN_POINT('',(3.115783860153,42.844276198183));
#861 = CARTESIAN_POINT('',(3.116901403077,43.080105050331));
#862 = CARTESIAN_POINT('',(3.11903032687,43.466365291585));
#863 = CARTESIAN_POINT('',(3.119976429466,43.621553121273));
#864 = CARTESIAN_POINT('',(3.120989061989,43.77134570829));
#865 = CARTESIAN_POINT('',(3.122069264448,43.914870092647));
#866 = CARTESIAN_POINT('',(3.1232177653,44.051139737825));
#867 = CARTESIAN_POINT('',(3.126756017057,44.4229565193));
#868 = CARTESIAN_POINT('',(3.129358965364,44.639820706145));
#869 = CARTESIAN_POINT('',(3.132208146067,44.814966906677));
#870 = CARTESIAN_POINT('',(3.135246237923,44.937393101881));
#871 = CARTESIAN_POINT('',(3.138400482059,45.));
#872 = CARTESIAN_POINT('',(3.14159265359,45.));
#873 = ( GEOMETRIC_REPRESENTATION_CONTEXT(2) 
PARAMETRIC_REPRESENTATION_CONTEXT() REPRESENTATION_CONTEXT('2D SPACE',''
  ) );
#874 = PCURVE('',#875,#880);
#875 = CYLINDRICAL_SURFACE('',#876,5.);
#876 = AXIS2_PLACEMENT_3D('',#877,#878,#879);
#877 = CARTESIAN_POINT('',(-162.,1.885956070687E-14,-40.));
#878 = DIRECTION('',(1.,2.540718180781E-33,2.22044604925E-16));
#879 = DIRECTION('',(-2.22044604925E-16,1.224646799147E-16,1.));
#880 = DEFINITIONAL_REPRESENTATION('',(#881),#969);
#881 = B_SPLINE_CURVE_WITH_KNOTS('',6,(#882,#883,#884,#885,#886,#887,
    #888,#889,#890,#891,#892,#893,#894,#895,#896,#897,#898,#899,#900,
    #901,#902,#903,#904,#905,#906,#907,#908,#909,#910,#911,#912,#913,
    #914,#915,#916,#917,#918,#919,#920,#921,#922,#923,#924,#925,#926,
    #927,#928,#929,#930,#931,#932,#933,#934,#935,#936,#937,#938,#939,
    #940,#941,#942,#943,#944,#945,#946,#947,#948,#949,#950,#951,#952,
    #953,#954,#955,#956,#957,#958,#959,#960,#961,#962,#963,#964,#965,
    #966,#967,#968),.UNSPECIFIED.,.F.,.F.,(7,5,5,5,5,5,5,5,5,5,5,5,5,5,5
    ,5,5,7),(0.,4.8369889846E-02,0.12192474,0.181276830455,
    0.250150647184,0.31902445864,0.378376545279,0.420260573483,
    0.479709118866,0.531617701248,0.58052475923,0.622346572358,
    0.68161050051,0.75038201125,0.81915352199,0.878417446304,
    0.920239260262,1.),.UNSPECIFIED.);
#882 = CARTESIAN_POINT('',(-8.881784197001E-16,2.));
#883 = CARTESIAN_POINT('',(6.148735783966E-02,2.));
#884 = CARTESIAN_POINT('',(0.122840359905,2.000708525083));
#885 = CARTESIAN_POINT('',(0.183784193755,2.002121502862));
#886 = CARTESIAN_POINT('',(0.24404798713,2.004176344096));
#887 = CARTESIAN_POINT('',(0.303333389759,2.006767427426));
#888 = CARTESIAN_POINT('',(0.449405876226,2.014314721362));
#889 = CARTESIAN_POINT('',(0.534399111494,2.019798618359));
#890 = CARTESIAN_POINT('',(0.616603032873,2.025830722481));
#891 = CARTESIAN_POINT('',(0.696219515198,2.032047554618));
#892 = CARTESIAN_POINT('',(0.773402682679,2.038162986654));
#893 = CARTESIAN_POINT('',(0.908608885767,2.048645559354));
#894 = CARTESIAN_POINT('',(0.967630730334,2.053135987008));
#895 = CARTESIAN_POINT('',(1.02548965474,2.057335117042));
#896 = CARTESIAN_POINT('',(1.082360916353,2.061169959578));
#897 = CARTESIAN_POINT('',(1.138410585958,2.064588328124));
#898 = CARTESIAN_POINT('',(1.258086669087,2.070991337444));
#899 = CARTESIAN_POINT('',(1.321485798459,2.073818308942));
#900 = CARTESIAN_POINT('',(1.384238491196,2.075972955247));
#901 = CARTESIAN_POINT('',(1.446563850224,2.077420054149));
#902 = CARTESIAN_POINT('',(1.508676071161,2.078144082805));
#903 = CARTESIAN_POINT('',(1.632916577672,2.078144082805));
#904 = CARTESIAN_POINT('',(1.695028811133,2.077420053963));
#905 = CARTESIAN_POINT('',(1.757354162302,2.07597295537));
#906 = CARTESIAN_POINT('',(1.820106847319,2.073818309186));
#907 = CARTESIAN_POINT('',(1.883505989454,2.070991337179));
#908 = CARTESIAN_POINT('',(2.003182064045,2.064588328316));
#909 = CARTESIAN_POINT('',(2.059231743258,2.061169959187));
#910 = CARTESIAN_POINT('',(2.116102998673,2.057335117096));
#911 = CARTESIAN_POINT('',(2.173961917149,2.053135987425));
#912 = CARTESIAN_POINT('',(2.232983771788,2.048645559047));
#913 = CARTESIAN_POINT('',(2.335971250257,2.040660912591));
#914 = CARTESIAN_POINT('',(2.379269173985,2.037261436225));
#915 = CARTESIAN_POINT('',(2.423305247383,2.033802675636));
#916 = CARTESIAN_POINT('',(2.468131830306,2.030328832681));
#917 = CARTESIAN_POINT('',(2.513807210827,2.026891676452));
#918 = CARTESIAN_POINT('',(2.626527167795,2.018808513092));
#919 = CARTESIAN_POINT('',(2.694807857328,2.014237935827));
#920 = CARTESIAN_POINT('',(2.764932564058,2.010050002592));
#921 = CARTESIAN_POINT('',(2.836684534864,2.006473115929));
#922 = CARTESIAN_POINT('',(2.909913771424,2.003712859327));
#923 = CARTESIAN_POINT('',(3.049650717092,2.000339296285));
#924 = CARTESIAN_POINT('',(3.115546494288,1.999505057863));
#925 = CARTESIAN_POINT('',(3.181704946019,1.999502165682));
#926 = CARTESIAN_POINT('',(3.247682724067,2.000351678317));
#927 = CARTESIAN_POINT('',(3.313026532334,2.00198101941));
#928 = CARTESIAN_POINT('',(3.437686252798,2.006402569004));
#929 = CARTESIAN_POINT('',(3.497074762771,2.009120062637));
#930 = CARTESIAN_POINT('',(3.555347584876,2.012311355202));
#931 = CARTESIAN_POINT('',(3.612451215439,2.015859657286));
#932 = CARTESIAN_POINT('',(3.668303309328,2.019643589803));
#933 = CARTESIAN_POINT('',(3.769378096334,2.026891676451));
#934 = CARTESIAN_POINT('',(3.815053476877,2.030328832681));
#935 = CARTESIAN_POINT('',(3.859880059815,2.033802675637));
#936 = CARTESIAN_POINT('',(3.903916133201,2.037261436225));
#937 = CARTESIAN_POINT('',(3.947214056904,2.04066091259));
#938 = CARTESIAN_POINT('',(4.050201539357,2.048645559354));
#939 = CARTESIAN_POINT('',(4.109223383923,2.053135987008));
#940 = CARTESIAN_POINT('',(4.167082308329,2.057335117042));
#941 = CARTESIAN_POINT('',(4.223953569943,2.061169959578));
#942 = CARTESIAN_POINT('',(4.280003239548,2.064588328124));
#943 = CARTESIAN_POINT('',(4.399679322676,2.070991337444));
#944 = CARTESIAN_POINT('',(4.463078452049,2.073818308942));
#945 = CARTESIAN_POINT('',(4.525831144786,2.075972955247));
#946 = CARTESIAN_POINT('',(4.588156503814,2.077420054149));
#947 = CARTESIAN_POINT('',(4.650268724751,2.078144082805));
#948 = CARTESIAN_POINT('',(4.774509236018,2.078144082805));
#949 = CARTESIAN_POINT('',(4.836621456956,2.077420054149));
#950 = CARTESIAN_POINT('',(4.898946815983,2.075972955247));
#951 = CARTESIAN_POINT('',(4.96169950872,2.073818308942));
#952 = CARTESIAN_POINT('',(5.025098638093,2.070991337444));
#953 = CARTESIAN_POINT('',(5.144774717635,2.064588328316));
#954 = CARTESIAN_POINT('',(5.200824396848,2.061169959187));
#955 = CARTESIAN_POINT('',(5.257695652262,2.057335117096));
#956 = CARTESIAN_POINT('',(5.315554570739,2.053135987425));
#957 = CARTESIAN_POINT('',(5.374576425378,2.048645559047));
#958 = CARTESIAN_POINT('',(5.477563904671,2.040660912527));
#959 = CARTESIAN_POINT('',(5.520861826216,2.037261436327));
#960 = CARTESIAN_POINT('',(5.564897900995,2.033802675636));
#961 = CARTESIAN_POINT('',(5.609724485264,2.030328832579));
#962 = CARTESIAN_POINT('',(5.655399863544,2.026891676515));
#963 = CARTESIAN_POINT('',(5.7908466134,2.017178771762));
#964 = CARTESIAN_POINT('',(5.884270022282,2.011068180966));
#965 = CARTESIAN_POINT('',(5.980963778328,2.005783989813));
#966 = CARTESIAN_POINT('',(6.080100124497,2.001956017917));
#967 = CARTESIAN_POINT('',(6.18103581821,2.));
#968 = CARTESIAN_POINT('',(6.28318530718,2.));
#969 = ( GEOMETRIC_REPRESENTATION_CONTEXT(2) 
PARAMETRIC_REPRESENTATION_CONTEXT() REPRESENTATION_CONTEXT('2D SPACE',''
  ) );
#970 = FACE_BOUND('',#971,.T.);
#971 = EDGE_LOOP('',(#972,#1029,#1055));
#972 = ORIENTED_EDGE('',*,*,#973,.F.);
#973 = EDGE_CURVE('',#974,#976,#978,.T.);
#974 = VERTEX_POINT('',#975);
#975 = CARTESIAN_POINT('',(116.89444430272,109.25057844769,
    -44.9873007199));
#976 = VERTEX_POINT('',#977);
#977 = CARTESIAN_POINT('',(113.83979971872,112.42997820866,
    -43.53553390593));
#978 = SURFACE_CURVE('',#979,(#992,#1008),.PCURVE_S1.);
#979 = B_SPLINE_CURVE_WITH_KNOTS('',6,(#980,#981,#982,#983,#984,#985,
    #986,#987,#988,#989,#990,#991),.UNSPECIFIED.,.F.,.F.,(7,5,7),(0.,
    0.163842195427,1.),.UNSPECIFIED.);
#980 = CARTESIAN_POINT('',(116.89444490272,109.25057780571,
    -44.98730076575));
#981 = CARTESIAN_POINT('',(116.80471970905,109.3465807461,
    -44.98044538143));
#982 = CARTESIAN_POINT('',(116.71503653945,109.4423490575,
    -44.97137781179));
#983 = CARTESIAN_POINT('',(116.62543893852,109.53783724151,
    -44.96010801496));
#984 = CARTESIAN_POINT('',(116.53597044533,109.63300039209,
    -44.94664547812));
#985 = CARTESIAN_POINT('',(116.44667459349,109.72779419559,
    -44.93099921749));
#986 = CARTESIAN_POINT('',(115.9029826453,110.30384076819,
    -44.82222724288));
#987 = CARTESIAN_POINT('',(115.45395403173,110.77479712177,
    -44.67461439798));
#988 = CARTESIAN_POINT('',(115.01620614232,111.22932501145,
    -44.47142119771));
#989 = CARTESIAN_POINT('',(114.59602920903,111.66144913028,
    -44.21336291963));
#990 = CARTESIAN_POINT('',(114.20080625447,112.06444481284,
    -43.90106730174));
#991 = CARTESIAN_POINT('',(113.83979971872,112.42997820866,
    -43.53553390593));
#992 = PCURVE('',#49,#993);
#993 = DEFINITIONAL_REPRESENTATION('',(#994),#1007);
#994 = B_SPLINE_CURVE_WITH_KNOTS('',6,(#995,#996,#997,#998,#999,#1000,
    #1001,#1002,#1003,#1004,#1005,#1006),.UNSPECIFIED.,.F.,.F.,(7,5,7),(
    0.,0.163842195427,1.),.UNSPECIFIED.);
#995 = CARTESIAN_POINT('',(0.751610295829,35.01269923425));
#996 = CARTESIAN_POINT('',(0.752431574723,35.019554618568));
#997 = CARTESIAN_POINT('',(0.753251602911,35.028622188202));
#998 = CARTESIAN_POINT('',(0.754069987815,35.039891985031));
#999 = CARTESIAN_POINT('',(0.754886339554,35.053354521877));
#1000 = CARTESIAN_POINT('',(0.755700270943,35.069000782507));
#1001 = CARTESIAN_POINT('',(0.760650928208,35.177772757113));
#1002 = CARTESIAN_POINT('',(0.764717828586,35.325385602011));
#1003 = CARTESIAN_POINT('',(0.768661791722,35.528578802285));
#1004 = CARTESIAN_POINT('',(0.772428780933,35.786637080369));
#1005 = CARTESIAN_POINT('',(0.775956587869,36.098932698251));
#1006 = CARTESIAN_POINT('',(0.779167533397,36.464466094067));
#1007 = ( GEOMETRIC_REPRESENTATION_CONTEXT(2) 
PARAMETRIC_REPRESENTATION_CONTEXT() REPRESENTATION_CONTEXT('2D SPACE',''
  ) );
#1008 = PCURVE('',#1009,#1014);
#1009 = CYLINDRICAL_SURFACE('',#1010,5.);
#1010 = AXIS2_PLACEMENT_3D('',#1011,#1012,#1013);
#1011 = CARTESIAN_POINT('',(100.89444430272,108.89444430272,-40.));
#1012 = DIRECTION('',(1.,7.850462293419E-17,7.850462293419E-17));
#1013 = DIRECTION('',(0.,0.707106781187,-0.707106781187));
#1014 = DEFINITIONAL_REPRESENTATION('',(#1015),#1028);
#1015 = B_SPLINE_CURVE_WITH_KNOTS('',6,(#1016,#1017,#1018,#1019,#1020,
    #1021,#1022,#1023,#1024,#1025,#1026,#1027),.UNSPECIFIED.,.F.,.F.,(7,
    5,7),(0.,0.163842195427,1.),.UNSPECIFIED.);
#1016 = CARTESIAN_POINT('',(5.569074207346,16.0000006));
#1017 = CARTESIAN_POINT('',(5.588323686152,15.910275406325));
#1018 = CARTESIAN_POINT('',(5.607557882662,15.820592236726));
#1019 = CARTESIAN_POINT('',(5.626780384685,15.730994635792));
#1020 = CARTESIAN_POINT('',(5.645994856792,15.641526142611));
#1021 = CARTESIAN_POINT('',(5.66520504031,15.552230290766));
#1022 = CARTESIAN_POINT('',(5.782450252794,15.008538342573));
#1023 = CARTESIAN_POINT('',(5.880484184985,14.559509729008));
#1024 = CARTESIAN_POINT('',(5.979045490488,14.121761839593));
#1025 = CARTESIAN_POINT('',(6.078638932128,13.701584906306));
#1026 = CARTESIAN_POINT('',(6.179796850007,13.306361951743));
#1027 = CARTESIAN_POINT('',(6.28318530718,12.945355415999));
#1028 = ( GEOMETRIC_REPRESENTATION_CONTEXT(2) 
PARAMETRIC_REPRESENTATION_CONTEXT() REPRESENTATION_CONTEXT('2D SPACE',''
  ) );
#1029 = ORIENTED_EDGE('',*,*,#1030,.T.);
#1030 = EDGE_CURVE('',#974,#1031,#1033,.T.);
#1031 = VERTEX_POINT('',#1032);
#1032 = CARTESIAN_POINT('',(116.89444430272,109.25057844769,
    -35.01269928009));
#1033 = SURFACE_CURVE('',#1034,(#1038,#1044),.PCURVE_S1.);
#1034 = LINE('',#1035,#1036);
#1035 = CARTESIAN_POINT('',(116.89444430272,109.25057844769,-80.));
#1036 = VECTOR('',#1037,1.);
#1037 = DIRECTION('',(0.,0.,1.));
#1038 = PCURVE('',#49,#1039);
#1039 = DEFINITIONAL_REPRESENTATION('',(#1040),#1043);
#1040 = B_SPLINE_CURVE_WITH_KNOTS('',1,(#1041,#1042),.UNSPECIFIED.,.F.,
  .F.,(2,2),(31.87085277073,48.12914722927),.PIECEWISE_BEZIER_KNOTS.);
#1041 = CARTESIAN_POINT('',(0.751610301321,31.87085277073));
#1042 = CARTESIAN_POINT('',(0.751610301321,48.12914722927));
#1043 = ( GEOMETRIC_REPRESENTATION_CONTEXT(2) 
PARAMETRIC_REPRESENTATION_CONTEXT() REPRESENTATION_CONTEXT('2D SPACE',''
  ) );
#1044 = PCURVE('',#1045,#1050);
#1045 = PLANE('',#1046);
#1046 = AXIS2_PLACEMENT_3D('',#1047,#1048,#1049);
#1047 = CARTESIAN_POINT('',(116.89444430272,108.89444430272,-40.));
#1048 = DIRECTION('',(1.,7.850462293419E-17,7.850462293419E-17));
#1049 = DIRECTION('',(0.,0.707106781187,-0.707106781187));
#1050 = DEFINITIONAL_REPRESENTATION('',(#1051),#1054);
#1051 = B_SPLINE_CURVE_WITH_KNOTS('',1,(#1052,#1053),.UNSPECIFIED.,.F.,
  .F.,(2,2),(31.87085277073,48.12914722927),.PIECEWISE_BEZIER_KNOTS.);
#1052 = CARTESIAN_POINT('',(6.,-5.496350262161));
#1053 = CARTESIAN_POINT('',(-5.496350262161,6.));
#1054 = ( GEOMETRIC_REPRESENTATION_CONTEXT(2) 
PARAMETRIC_REPRESENTATION_CONTEXT() REPRESENTATION_CONTEXT('2D SPACE',''
  ) );
#1055 = ORIENTED_EDGE('',*,*,#1056,.F.);
#1056 = EDGE_CURVE('',#976,#1031,#1057,.T.);
#1057 = SURFACE_CURVE('',#1058,(#1101,#1147),.PCURVE_S1.);
#1058 = B_SPLINE_CURVE_WITH_KNOTS('',5,(#1059,#1060,#1061,#1062,#1063,
    #1064,#1065,#1066,#1067,#1068,#1069,#1070,#1071,#1072,#1073,#1074,
    #1075,#1076,#1077,#1078,#1079,#1080,#1081,#1082,#1083,#1084,#1085,
    #1086,#1087,#1088,#1089,#1090,#1091,#1092,#1093,#1094,#1095,#1096,
    #1097,#1098,#1099,#1100),.UNSPECIFIED.,.F.,.F.,(6,4,4,4,4,4,4,4,4,4,
    6),(0.,0.140548791746,0.206595644004,0.246193624065,0.332633269673,
    0.435727898579,0.485947540501,0.5748093545,0.678943135468,
    0.859405849411,1.),.UNSPECIFIED.);
#1059 = CARTESIAN_POINT('',(113.83979971872,112.42997820866,
    -43.53553390593));
#1060 = CARTESIAN_POINT('',(113.62233548031,112.6501693511,
    -43.31534276348));
#1061 = CARTESIAN_POINT('',(113.41773850723,112.85626721048,
    -43.07496139294));
#1062 = CARTESIAN_POINT('',(113.22889165687,113.04561421631,
    -42.81514930679));
#1063 = CARTESIAN_POINT('',(113.05872493313,113.21558491784,
    -42.5370434239));
#1064 = CARTESIAN_POINT('',(112.84038371145,113.43305298521,
    -42.10358435635));
#1065 = CARTESIAN_POINT('',(112.77538198346,113.49768755924,
    -41.96135391213));
#1066 = CARTESIAN_POINT('',(112.71553296356,113.5571133511,
    -41.81573435794));
#1067 = CARTESIAN_POINT('',(112.66115291319,113.61104396534,
    -41.66702053123));
#1068 = CARTESIAN_POINT('',(112.58336520881,113.68811531061,
    -41.42471105063));
#1069 = CARTESIAN_POINT('',(112.55627803942,113.71493448899,
    -41.33290113791));
#1070 = CARTESIAN_POINT('',(112.53132334584,113.73962762836,
    -41.24018369118));
#1071 = CARTESIAN_POINT('',(112.50855749308,113.76214363328,
    -41.14664715145));
#1072 = CARTESIAN_POINT('',(112.44322018837,113.82673765024,
    -40.84662961867));
#1073 = CARTESIAN_POINT('',(112.40906364138,113.86046195289,
    -40.63737251705));
#1074 = CARTESIAN_POINT('',(112.38610486096,113.88311411986,
    -40.42573811836));
#1075 = CARTESIAN_POINT('',(112.37462149868,113.89444430272,
    -40.2128839149));
#1076 = CARTESIAN_POINT('',(112.37462149868,113.89444430272,
    -39.74609812369));
#1077 = CARTESIAN_POINT('',(112.39095595724,113.87832766038,
    -39.49227573231));
#1078 = CARTESIAN_POINT('',(112.42360475952,113.84611520845,
    -39.24050462257));
#1079 = CARTESIAN_POINT('',(112.4720110851,113.79830666857,
    -38.99274153157));
#1080 = CARTESIAN_POINT('',(112.5658399649,113.70546839262,
    -38.63293656572));
#1081 = CARTESIAN_POINT('',(112.60006515567,113.6715840394,
    -38.5164385705));
#1082 = CARTESIAN_POINT('',(112.63767057442,113.63432509553,
    -38.40146829086));
#1083 = CARTESIAN_POINT('',(112.67852828285,113.59380749709,
    -38.2881850317));
#1084 = CARTESIAN_POINT('',(112.80028630983,113.47293696818,
    -37.97954058757));
#1085 = CARTESIAN_POINT('',(112.8877882946,113.38594051451,
    -37.78814362773));
#1086 = CARTESIAN_POINT('',(112.98426940417,113.28983163176,
    -37.60315775671));
#1087 = CARTESIAN_POINT('',(113.08893684403,113.18532361157,
    -37.42511105002));
#1088 = CARTESIAN_POINT('',(113.33219125028,112.94179438708,
    -37.05445760712));
#1089 = CARTESIAN_POINT('',(113.47352992512,112.79991475056,
    -36.8645861912));
#1090 = CARTESIAN_POINT('',(113.62379325624,112.64859946988,
    -36.68524692454));
#1091 = CARTESIAN_POINT('',(113.78186495243,112.48885423439,
    -36.51676208421));
#1092 = CARTESIAN_POINT('',(114.23229999732,112.03190248139,
    -36.08659802381));
#1093 = CARTESIAN_POINT('',(114.53818917452,111.71974584664,
    -35.84711250162));
#1094 = CARTESIAN_POINT('',(114.85949729091,111.38955693003,
    -35.64147366102));
#1095 = CARTESIAN_POINT('',(115.19227956281,111.04495217876,
    -35.47003724999));
#1096 = CARTESIAN_POINT('',(115.79858665823,110.41211265957,
    -35.22665300324));
#1097 = CARTESIAN_POINT('',(116.06901398277,110.12818791937,
    -35.14107074736));
#1098 = CARTESIAN_POINT('',(116.34277523458,109.83897564146,
    -35.07669359645));
#1099 = CARTESIAN_POINT('',(116.61838395263,109.54595374027,
    -35.03379145852));
#1100 = CARTESIAN_POINT('',(116.89444490272,109.25057780571,
    -35.01269923425));
#1101 = PCURVE('',#49,#1102);
#1102 = DEFINITIONAL_REPRESENTATION('',(#1103),#1146);
#1103 = B_SPLINE_CURVE_WITH_KNOTS('',5,(#1104,#1105,#1106,#1107,#1108,
    #1109,#1110,#1111,#1112,#1113,#1114,#1115,#1116,#1117,#1118,#1119,
    #1120,#1121,#1122,#1123,#1124,#1125,#1126,#1127,#1128,#1129,#1130,
    #1131,#1132,#1133,#1134,#1135,#1136,#1137,#1138,#1139,#1140,#1141,
    #1142,#1143,#1144,#1145),.UNSPECIFIED.,.F.,.F.,(6,4,4,4,4,4,4,4,4,4,
    6),(0.,0.140548791746,0.206595644004,0.246193624065,0.332633269673,
    0.435727898579,0.485947540501,0.5748093545,0.678943135468,
    0.859405849411,1.),.UNSPECIFIED.);
#1104 = CARTESIAN_POINT('',(0.779167533397,36.464466094067));
#1105 = CARTESIAN_POINT('',(0.781101752738,36.684657236513));
#1106 = CARTESIAN_POINT('',(0.782916790656,36.925038607054));
#1107 = CARTESIAN_POINT('',(0.78458818383,37.184850693205));
#1108 = CARTESIAN_POINT('',(0.786091391851,37.462956576095));
#1109 = CARTESIAN_POINT('',(0.788017418864,37.89641564365));
#1110 = CARTESIAN_POINT('',(0.788590337902,38.038646087866));
#1111 = CARTESIAN_POINT('',(0.789117466235,38.184265642059));
#1112 = CARTESIAN_POINT('',(0.789596140345,38.332979468761));
#1113 = CARTESIAN_POINT('',(0.790280534443,38.575288949364));
#1114 = CARTESIAN_POINT('',(0.790518772024,38.667098862086));
#1115 = CARTESIAN_POINT('',(0.790738189553,38.759816308813));
#1116 = CARTESIAN_POINT('',(0.790938312025,38.853352848541));
#1117 = CARTESIAN_POINT('',(0.791512542162,39.153370381329));
#1118 = CARTESIAN_POINT('',(0.791812541991,39.362627482946));
#1119 = CARTESIAN_POINT('',(0.792014120373,39.574261881639));
#1120 = CARTESIAN_POINT('',(0.79211494522,39.787116085092));
#1121 = CARTESIAN_POINT('',(0.79211494522,40.25390187631));
#1122 = CARTESIAN_POINT('',(0.791971527038,40.50772426769));
#1123 = CARTESIAN_POINT('',(0.791684871561,40.759495377424));
#1124 = CARTESIAN_POINT('',(0.791259649872,41.007258468423));
#1125 = CARTESIAN_POINT('',(0.790434678183,41.367063434272));
#1126 = CARTESIAN_POINT('',(0.790133669923,41.483561429491));
#1127 = CARTESIAN_POINT('',(0.789802809554,41.598531709134));
#1128 = CARTESIAN_POINT('',(0.789443175014,41.711814968295));
#1129 = CARTESIAN_POINT('',(0.788370890983,42.020459412421));
#1130 = CARTESIAN_POINT('',(0.787599706534,42.211856372265));
#1131 = CARTESIAN_POINT('',(0.786748569996,42.396842243287));
#1132 = CARTESIAN_POINT('',(0.785824136881,42.574888949974));
#1133 = CARTESIAN_POINT('',(0.783672836499,42.945542392874));
#1134 = CARTESIAN_POINT('',(0.782421175413,43.1354138088));
#1135 = CARTESIAN_POINT('',(0.781088368018,43.314753075454));
#1136 = CARTESIAN_POINT('',(0.77968378546,43.483237915786));
#1137 = CARTESIAN_POINT('',(0.775673561055,43.913401976186));
#1138 = CARTESIAN_POINT('',(0.772942030096,44.152887498377));
#1139 = CARTESIAN_POINT('',(0.77006255126,44.358526338975));
#1140 = CARTESIAN_POINT('',(0.767068462888,44.529962750003));
#1141 = CARTESIAN_POINT('',(0.76159090159,44.773346996752));
#1142 = CARTESIAN_POINT('',(0.759140272902,44.858929252639));
#1143 = CARTESIAN_POINT('',(0.756651337557,44.923306403543));
#1144 = CARTESIAN_POINT('',(0.75413715615,44.966208541476));
#1145 = CARTESIAN_POINT('',(0.751610295829,44.98730076575));
#1146 = ( GEOMETRIC_REPRESENTATION_CONTEXT(2) 
PARAMETRIC_REPRESENTATION_CONTEXT() REPRESENTATION_CONTEXT('2D SPACE',''
  ) );
#1147 = PCURVE('',#1009,#1148);
#1148 = DEFINITIONAL_REPRESENTATION('',(#1149),#1192);
#1149 = B_SPLINE_CURVE_WITH_KNOTS('',5,(#1150,#1151,#1152,#1153,#1154,
    #1155,#1156,#1157,#1158,#1159,#1160,#1161,#1162,#1163,#1164,#1165,
    #1166,#1167,#1168,#1169,#1170,#1171,#1172,#1173,#1174,#1175,#1176,
    #1177,#1178,#1179,#1180,#1181,#1182,#1183,#1184,#1185,#1186,#1187,
    #1188,#1189,#1190,#1191),.UNSPECIFIED.,.F.,.F.,(6,4,4,4,4,4,4,4,4,4,
    6),(0.,0.140548791746,0.206595644004,0.246193624065,0.332633269673,
    0.435727898579,0.485947540501,0.5748093545,0.678943135468,
    0.859405849411,1.),.UNSPECIFIED.);
#1150 = CARTESIAN_POINT('',(8.881784197001E-16,12.945355415999));
#1151 = CARTESIAN_POINT('',(6.227945999216E-02,12.727891177587));
#1152 = CARTESIAN_POINT('',(0.125421013099,12.523294204507));
#1153 = CARTESIAN_POINT('',(0.189445579934,12.334447354143));
#1154 = CARTESIAN_POINT('',(0.254404934375,12.164280630404));
#1155 = CARTESIAN_POINT('',(0.351395474856,11.945939408731));
#1156 = CARTESIAN_POINT('',(0.382617817272,11.880937680738));
#1157 = CARTESIAN_POINT('',(0.414041252836,11.821088660835));
#1158 = CARTESIAN_POINT('',(0.445654067727,11.766708610462));
#1159 = CARTESIAN_POINT('',(0.496508320903,11.688920906084));
#1160 = CARTESIAN_POINT('',(0.515632293352,11.661833736698));
#1161 = CARTESIAN_POINT('',(0.534814822252,11.636879043115));
#1162 = CARTESIAN_POINT('',(0.554050871376,11.614113190359));
#1163 = CARTESIAN_POINT('',(0.615429338938,11.548775885651));
#1164 = CARTESIAN_POINT('',(0.657762874454,11.514619338656));
#1165 = CARTESIAN_POINT('',(0.700250533939,11.491660558232));
#1166 = CARTESIAN_POINT('',(0.742821380416,11.480177195957));
#1167 = CARTESIAN_POINT('',(0.836178538659,11.480177195957));
#1168 = CARTESIAN_POINT('',(0.886943026055,11.496511654514));
#1169 = CARTESIAN_POINT('',(0.937570015938,11.529160456793));
#1170 = CARTESIAN_POINT('',(0.98794006325,11.577566782379));
#1171 = CARTESIAN_POINT('',(1.062257910079,11.671395662181));
#1172 = CARTESIAN_POINT('',(1.086511709072,11.705620852944));
#1173 = CARTESIAN_POINT('',(1.110668442843,11.743226271698));
#1174 = CARTESIAN_POINT('',(1.134719972848,11.784083980128));
#1175 = CARTESIAN_POINT('',(1.201013585707,11.905842007109));
#1176 = CARTESIAN_POINT('',(1.243001904409,11.993343991879));
#1177 = CARTESIAN_POINT('',(1.284619121424,12.089825101444));
#1178 = CARTESIAN_POINT('',(1.325856901941,12.194492541303));
#1179 = CARTESIAN_POINT('',(1.414556497862,12.437746947559));
#1180 = CARTESIAN_POINT('',(1.461875035729,12.579085622397));
#1181 = CARTESIAN_POINT('',(1.508697623944,12.729348953517));
#1182 = CARTESIAN_POINT('',(1.555057890401,12.887420649707));
#1183 = CARTESIAN_POINT('',(1.680572196108,13.337855694597));
#1184 = CARTESIAN_POINT('',(1.758861131241,13.643744871794));
#1185 = CARTESIAN_POINT('',(1.836184555054,13.96505298819));
#1186 = CARTESIAN_POINT('',(1.912819612375,14.297835260082));
#1187 = CARTESIAN_POINT('',(2.048425179903,14.904142355505));
#1188 = CARTESIAN_POINT('',(2.107569699552,15.174569680044));
#1189 = CARTESIAN_POINT('',(2.166615139406,15.448330931858));
#1190 = CARTESIAN_POINT('',(2.225681815736,15.72393964991));
#1191 = CARTESIAN_POINT('',(2.284907426628,16.0000006));
#1192 = ( GEOMETRIC_REPRESENTATION_CONTEXT(2) 
PARAMETRIC_REPRESENTATION_CONTEXT() REPRESENTATION_CONTEXT('2D SPACE',''
  ) );
#1193 = FACE_BOUND('',#1194,.T.);
#1194 = EDGE_LOOP('',(#1195,#1223,#1383));
#1195 = ORIENTED_EDGE('',*,*,#1196,.F.);
#1196 = EDGE_CURVE('',#1197,#1199,#1201,.T.);
#1197 = VERTEX_POINT('',#1198);
#1198 = CARTESIAN_POINT('',(-116.8944443027,109.25057844769,
    -44.9873007199));
#1199 = VERTEX_POINT('',#1200);
#1200 = CARTESIAN_POINT('',(-116.8944443027,109.25057844769,
    -35.01269928009));
#1201 = SURFACE_CURVE('',#1202,(#1206,#1212),.PCURVE_S1.);
#1202 = LINE('',#1203,#1204);
#1203 = CARTESIAN_POINT('',(-116.8944443027,109.25057844769,-80.));
#1204 = VECTOR('',#1205,1.);
#1205 = DIRECTION('',(0.,0.,1.));
#1206 = PCURVE('',#49,#1207);
#1207 = DEFINITIONAL_REPRESENTATION('',(#1208),#1211);
#1208 = B_SPLINE_CURVE_WITH_KNOTS('',1,(#1209,#1210),.UNSPECIFIED.,.F.,
  .F.,(2,2),(31.87085277073,48.12914722927),.PIECEWISE_BEZIER_KNOTS.);
#1209 = CARTESIAN_POINT('',(2.389982352268,31.87085277073));
#1210 = CARTESIAN_POINT('',(2.389982352268,48.12914722927));
#1211 = ( GEOMETRIC_REPRESENTATION_CONTEXT(2) 
PARAMETRIC_REPRESENTATION_CONTEXT() REPRESENTATION_CONTEXT('2D SPACE',''
  ) );
#1212 = PCURVE('',#1213,#1218);
#1213 = PLANE('',#1214);
#1214 = AXIS2_PLACEMENT_3D('',#1215,#1216,#1217);
#1215 = CARTESIAN_POINT('',(-116.8944443027,108.89444430272,-40.));
#1216 = DIRECTION('',(1.,3.925231146709E-17,2.747661802697E-16));
#1217 = DIRECTION('',(-2.22044604925E-16,0.707106781187,0.707106781187)
  );
#1218 = DEFINITIONAL_REPRESENTATION('',(#1219),#1222);
#1219 = B_SPLINE_CURVE_WITH_KNOTS('',1,(#1220,#1221),.UNSPECIFIED.,.F.,
  .F.,(2,2),(31.87085277073,48.12914722927),.PIECEWISE_BEZIER_KNOTS.);
#1220 = CARTESIAN_POINT('',(-5.496350262161,-6.));
#1221 = CARTESIAN_POINT('',(6.,5.496350262161));
#1222 = ( GEOMETRIC_REPRESENTATION_CONTEXT(2) 
PARAMETRIC_REPRESENTATION_CONTEXT() REPRESENTATION_CONTEXT('2D SPACE',''
  ) );
#1223 = ORIENTED_EDGE('',*,*,#1224,.T.);
#1224 = EDGE_CURVE('',#1197,#1225,#1227,.T.);
#1225 = VERTEX_POINT('',#1226);
#1226 = CARTESIAN_POINT('',(-113.8397997187,112.42997820866,
    -36.46446609406));
#1227 = SURFACE_CURVE('',#1228,(#1276,#1327),.PCURVE_S1.);
#1228 = B_SPLINE_CURVE_WITH_KNOTS('',6,(#1229,#1230,#1231,#1232,#1233,
    #1234,#1235,#1236,#1237,#1238,#1239,#1240,#1241,#1242,#1243,#1244,
    #1245,#1246,#1247,#1248,#1249,#1250,#1251,#1252,#1253,#1254,#1255,
    #1256,#1257,#1258,#1259,#1260,#1261,#1262,#1263,#1264,#1265,#1266,
    #1267,#1268,#1269,#1270,#1271,#1272,#1273,#1274,#1275),
  .UNSPECIFIED.,.F.,.F.,(7,5,5,5,5,5,5,5,5,7),(0.,0.320115547179,
    0.425492365865,0.514799904237,0.565143694245,0.667383035828,
    0.753571036588,0.793047846485,0.858753265524,1.),.UNSPECIFIED.);
#1229 = CARTESIAN_POINT('',(-116.8944449027,109.25057780571,
    -44.98730076575));
#1230 = CARTESIAN_POINT('',(-116.3706719825,109.8109972194,
    -44.94728229918));
#1231 = CARTESIAN_POINT('',(-115.8485269974,110.36321126721,
    -44.83189645378));
#1232 = CARTESIAN_POINT('',(-115.3361733858,110.89871318051,
    -44.64317149819));
#1233 = CARTESIAN_POINT('',(-114.8423350923,111.40904018187,
    -44.38231012339));
#1234 = CARTESIAN_POINT('',(-114.377293085,111.88475206897,
    -44.05017139835));
#1235 = CARTESIAN_POINT('',(-113.8152067431,112.45504897788,
    -43.51561787243));
#1236 = CARTESIAN_POINT('',(-113.6805850016,112.59121702213,
    -43.37565705107));
#1237 = CARTESIAN_POINT('',(-113.5510985025,112.72180881565,
    -43.22824215589));
#1238 = CARTESIAN_POINT('',(-113.4273164229,112.84630875127,
    -43.07352413765));
#1239 = CARTESIAN_POINT('',(-113.3098248663,112.96418936914,
    -42.91168501777));
#1240 = CARTESIAN_POINT('',(-113.1054929506,113.1687459307,
    -42.59992382303));
#1241 = CARTESIAN_POINT('',(-113.016704053,113.25744576009,
    -42.45193768639));
#1242 = CARTESIAN_POINT('',(-112.9332919604,113.34061380999,
    -42.29920687889));
#1243 = CARTESIAN_POINT('',(-112.8556691643,113.41787689143,
    -42.1419866624));
#1244 = CARTESIAN_POINT('',(-112.7842272138,113.48888250365,
    -41.98056010255));
#1245 = CARTESIAN_POINT('',(-112.682755726,113.58960876156,
    -41.72204366637));
#1246 = CARTESIAN_POINT('',(-112.6482612946,113.62382174945,
    -41.62762197343));
#1247 = CARTESIAN_POINT('',(-112.6159257417,113.65586975165,
    -41.53204911129));
#1248 = CARTESIAN_POINT('',(-112.58581631,113.68569177129,
    -41.43540427509));
#1249 = CARTESIAN_POINT('',(-112.5579942733,113.7132323429,
    -41.33776955538));
#1250 = CARTESIAN_POINT('',(-112.4807709038,113.78963694158,
    -41.03911338756));
#1251 = CARTESIAN_POINT('',(-112.4386746549,113.83123086351,
    -40.83521072469));
#1252 = CARTESIAN_POINT('',(-112.4067443123,113.86275031872,
    -40.62840566037));
#1253 = CARTESIAN_POINT('',(-112.3853322935,113.88387633683,
    -40.41962960842));
#1254 = CARTESIAN_POINT('',(-112.3746214986,113.89444430272,
    -40.20984023365));
#1255 = CARTESIAN_POINT('',(-112.3746214986,113.89444430272,
    -39.82310419905));
#1256 = CARTESIAN_POINT('',(-112.382233337,113.88693400099,
    -39.64622793065));
#1257 = CARTESIAN_POINT('',(-112.3974531075,113.87191742883,
    -39.46996123191));
#1258 = CARTESIAN_POINT('',(-112.4201879915,113.84947828663,
    -39.29488342137));
#1259 = CARTESIAN_POINT('',(-112.4502567394,113.81978073155,
    -39.12156238658));
#1260 = CARTESIAN_POINT('',(-112.5043984242,113.7662555735,
    -38.87222660374));
#1261 = CARTESIAN_POINT('',(-112.5228906356,113.74796791426,
    -38.79437639139));
#1262 = CARTESIAN_POINT('',(-112.5428422624,113.72822943067,
    -38.71705153079));
#1263 = CARTESIAN_POINT('',(-112.5642265438,113.70706438487,
    -38.64029738195));
#1264 = CARTESIAN_POINT('',(-112.587014485,113.68449905798,
    -38.56415636875));
#1265 = CARTESIAN_POINT('',(-112.6513875124,113.62072036349,
    -38.36302468868));
#1266 = CARTESIAN_POINT('',(-112.6953968665,113.57708362055,
    -38.2392068565));
#1267 = CARTESIAN_POINT('',(-112.7430652879,113.52977549258,
    -38.11737326734));
#1268 = CARTESIAN_POINT('',(-112.7942431828,113.47893122665,
    -37.99767400418));
#1269 = CARTESIAN_POINT('',(-112.8487689949,113.42469734562,
    -37.88025044802));
#1270 = CARTESIAN_POINT('',(-113.0305071681,113.24369781728,
    -37.51798752528));
#1271 = CARTESIAN_POINT('',(-113.1691391579,113.10530498876,
    -37.28202017456));
#1272 = CARTESIAN_POINT('',(-113.3208693415,112.95339769205,
    -37.05810514177));
#1273 = CARTESIAN_POINT('',(-113.4842070938,112.78931290317,
    -36.84688592001));
#1274 = CARTESIAN_POINT('',(-113.6576721436,112.61438958184,
    -36.64887746725));
#1275 = CARTESIAN_POINT('',(-113.8397997187,112.42997820866,
    -36.46446609406));
#1276 = PCURVE('',#49,#1277);
#1277 = DEFINITIONAL_REPRESENTATION('',(#1278),#1326);
#1278 = B_SPLINE_CURVE_WITH_KNOTS('',6,(#1279,#1280,#1281,#1282,#1283,
    #1284,#1285,#1286,#1287,#1288,#1289,#1290,#1291,#1292,#1293,#1294,
    #1295,#1296,#1297,#1298,#1299,#1300,#1301,#1302,#1303,#1304,#1305,
    #1306,#1307,#1308,#1309,#1310,#1311,#1312,#1313,#1314,#1315,#1316,
    #1317,#1318,#1319,#1320,#1321,#1322,#1323,#1324,#1325),
  .UNSPECIFIED.,.F.,.F.,(7,5,5,5,5,5,5,5,5,7),(0.,0.320115547179,
    0.425492365865,0.514799904237,0.565143694245,0.667383035828,
    0.753571036588,0.793047846485,0.858753265524,1.),.UNSPECIFIED.);
#1279 = CARTESIAN_POINT('',(2.38998235776,35.01269923425));
#1280 = CARTESIAN_POINT('',(2.385188122977,35.052717700814));
#1281 = CARTESIAN_POINT('',(2.380438302674,35.168103546213));
#1282 = CARTESIAN_POINT('',(2.37580638132,35.356828501803));
#1283 = CARTESIAN_POINT('',(2.371368048631,35.617689876601));
#1284 = CARTESIAN_POINT('',(2.367210231781,35.949828601643));
#1285 = CARTESIAN_POINT('',(2.362205626012,36.484382127567));
#1286 = CARTESIAN_POINT('',(2.36100887484,36.624342948921));
#1287 = CARTESIAN_POINT('',(2.359859471664,36.771757844107));
#1288 = CARTESIAN_POINT('',(2.358762206564,36.926475862341));
#1289 = CARTESIAN_POINT('',(2.357721997892,37.088314982225));
#1290 = CARTESIAN_POINT('',(2.355914948775,37.400076176968));
#1291 = CARTESIAN_POINT('',(2.355130552347,37.548062313606));
#1292 = CARTESIAN_POINT('',(2.354394364841,37.700793121109));
#1293 = CARTESIAN_POINT('',(2.353709857962,37.8580133376));
#1294 = CARTESIAN_POINT('',(2.353080319893,38.019439897444));
#1295 = CARTESIAN_POINT('',(2.352186717592,38.277956333627));
#1296 = CARTESIAN_POINT('',(2.351883068305,38.372378026569));
#1297 = CARTESIAN_POINT('',(2.351598527693,38.46795088871));
#1298 = CARTESIAN_POINT('',(2.351333662569,38.564595724904));
#1299 = CARTESIAN_POINT('',(2.351088988938,38.66223044462));
#1300 = CARTESIAN_POINT('',(2.350410033183,38.960886612438));
#1301 = CARTESIAN_POINT('',(2.350040164804,39.164789275305));
#1302 = CARTESIAN_POINT('',(2.349759747812,39.371594339621));
#1303 = CARTESIAN_POINT('',(2.349571750208,39.580370391574));
#1304 = CARTESIAN_POINT('',(2.349477708369,39.790159766346));
#1305 = CARTESIAN_POINT('',(2.349477708369,40.176895800947));
#1306 = CARTESIAN_POINT('',(2.349544540922,40.353772069342));
#1307 = CARTESIAN_POINT('',(2.349678170964,40.530038768083));
#1308 = CARTESIAN_POINT('',(2.349877818109,40.705116578629));
#1309 = CARTESIAN_POINT('',(2.350141955413,40.878437613417));
#1310 = CARTESIAN_POINT('',(2.350617787931,41.127773396257));
#1311 = CARTESIAN_POINT('',(2.350780336042,41.205623608608));
#1312 = CARTESIAN_POINT('',(2.35095574573,41.282948469204));
#1313 = CARTESIAN_POINT('',(2.351143791454,41.359702618043));
#1314 = CARTESIAN_POINT('',(2.351344228883,41.435843631245));
#1315 = CARTESIAN_POINT('',(2.351910590921,41.636975311318));
#1316 = CARTESIAN_POINT('',(2.352297939083,41.7607931435));
#1317 = CARTESIAN_POINT('',(2.35271768304,41.882626732657));
#1318 = CARTESIAN_POINT('',(2.35316856385,42.002325995817));
#1319 = CARTESIAN_POINT('',(2.353649219966,42.119749551972));
#1320 = CARTESIAN_POINT('',(2.355252312593,42.482012474712));
#1321 = CARTESIAN_POINT('',(2.356476600541,42.717979825439));
#1322 = CARTESIAN_POINT('',(2.35781849918,42.941894858229));
#1323 = CARTESIAN_POINT('',(2.359265516301,43.153114079982));
#1324 = CARTESIAN_POINT('',(2.360805200151,43.351122532746));
#1325 = CARTESIAN_POINT('',(2.362425120193,43.535533905933));
#1326 = ( GEOMETRIC_REPRESENTATION_CONTEXT(2) 
PARAMETRIC_REPRESENTATION_CONTEXT() REPRESENTATION_CONTEXT('2D SPACE',''
  ) );
#1327 = PCURVE('',#1328,#1333);
#1328 = CYLINDRICAL_SURFACE('',#1329,5.);
#1329 = AXIS2_PLACEMENT_3D('',#1330,#1331,#1332);
#1330 = CARTESIAN_POINT('',(-116.8944443027,108.89444430272,-40.));
#1331 = DIRECTION('',(1.,3.925231146709E-17,2.747661802697E-16));
#1332 = DIRECTION('',(-2.22044604925E-16,0.707106781187,0.707106781187)
  );
#1333 = DEFINITIONAL_REPRESENTATION('',(#1334),#1382);
#1334 = B_SPLINE_CURVE_WITH_KNOTS('',6,(#1335,#1336,#1337,#1338,#1339,
    #1340,#1341,#1342,#1343,#1344,#1345,#1346,#1347,#1348,#1349,#1350,
    #1351,#1352,#1353,#1354,#1355,#1356,#1357,#1358,#1359,#1360,#1361,
    #1362,#1363,#1364,#1365,#1366,#1367,#1368,#1369,#1370,#1371,#1372,
    #1373,#1374,#1375,#1376,#1377,#1378,#1379,#1380,#1381),
  .UNSPECIFIED.,.F.,.F.,(7,5,5,5,5,5,5,5,5,7),(0.,0.320115547179,
    0.425492365865,0.514799904237,0.565143694245,0.667383035828,
    0.753571036588,0.793047846485,0.858753265524,1.),.UNSPECIFIED.);
#1335 = CARTESIAN_POINT('',(3.998277880552,-6.E-07));
#1336 = CARTESIAN_POINT('',(4.11064716406,0.523772320177));
#1337 = CARTESIAN_POINT('',(4.222454165626,1.045917305267));
#1338 = CARTESIAN_POINT('',(4.33452012328,1.558270916911));
#1339 = CARTESIAN_POINT('',(4.447589256003,2.052109210387));
#1340 = CARTESIAN_POINT('',(4.56243449123,2.517151217702));
#1341 = CARTESIAN_POINT('',(4.718765682792,3.079237559622));
#1342 = CARTESIAN_POINT('',(4.757778422229,3.213859301031));
#1343 = CARTESIAN_POINT('',(4.797101526738,3.343345800152));
#1344 = CARTESIAN_POINT('',(4.836751425799,3.467127879822));
#1345 = CARTESIAN_POINT('',(4.876747524032,3.584619436336));
#1346 = CARTESIAN_POINT('',(4.951323238423,3.788951352061));
#1347 = CARTESIAN_POINT('',(4.985801194542,3.877740249721));
#1348 = CARTESIAN_POINT('',(5.020537706359,3.961152342241));
#1349 = CARTESIAN_POINT('',(5.055526788419,4.038775138388));
#1350 = CARTESIAN_POINT('',(5.090764983573,4.110217088843));
#1351 = CARTESIAN_POINT('',(5.14625427148,4.21168857667));
#1352 = CARTESIAN_POINT('',(5.166334306177,4.246183008081));
#1353 = CARTESIAN_POINT('',(5.186486126289,4.278518560999));
#1354 = CARTESIAN_POINT('',(5.206705450574,4.308627992651));
#1355 = CARTESIAN_POINT('',(5.22698828172,4.336450029424));
#1356 = CARTESIAN_POINT('',(5.288643182344,4.413673398909));
#1357 = CARTESIAN_POINT('',(5.330213111487,4.455769647757));
#1358 = CARTESIAN_POINT('',(5.371972964582,4.487699990356));
#1359 = CARTESIAN_POINT('',(5.413861216372,4.509112009171));
#1360 = CARTESIAN_POINT('',(5.455819097051,4.519822804043));
#1361 = CARTESIAN_POINT('',(5.533166303971,4.519822804043));
#1362 = CARTESIAN_POINT('',(5.568541561434,4.512210965717));
#1363 = CARTESIAN_POINT('',(5.603874605146,4.496991195133));
#1364 = CARTESIAN_POINT('',(5.639129200243,4.474256311222));
#1365 = CARTESIAN_POINT('',(5.674267907718,4.444187563244));
#1366 = CARTESIAN_POINT('',(5.725271152772,4.390045878511));
#1367 = CARTESIAN_POINT('',(5.741262042894,4.371553667075));
#1368 = CARTESIAN_POINT('',(5.757218527739,4.351602040326));
#1369 = CARTESIAN_POINT('',(5.773137956713,4.330217758902));
#1370 = CARTESIAN_POINT('',(5.789017975375,4.30742981769));
#1371 = CARTESIAN_POINT('',(5.831218295089,4.243056790308));
#1372 = CARTESIAN_POINT('',(5.857461429276,4.199047436197));
#1373 = CARTESIAN_POINT('',(5.883581326337,4.151379014792));
#1374 = CARTESIAN_POINT('',(5.909572569884,4.10020111989));
#1375 = CARTESIAN_POINT('',(5.935428928798,4.045675307784));
#1376 = CARTESIAN_POINT('',(6.016421583885,3.863937134574));
#1377 = CARTESIAN_POINT('',(6.071009972512,3.725305144742));
#1378 = CARTESIAN_POINT('',(6.124953776586,3.573574961159));
#1379 = CARTESIAN_POINT('',(6.178285476533,3.410237208842));
#1380 = CARTESIAN_POINT('',(6.231025894176,3.236772159067));
#1381 = CARTESIAN_POINT('',(6.28318530718,3.054644584001));
#1382 = ( GEOMETRIC_REPRESENTATION_CONTEXT(2) 
PARAMETRIC_REPRESENTATION_CONTEXT() REPRESENTATION_CONTEXT('2D SPACE',''
  ) );
#1383 = ORIENTED_EDGE('',*,*,#1384,.T.);
#1384 = EDGE_CURVE('',#1225,#1199,#1385,.T.);
#1385 = SURFACE_CURVE('',#1386,(#1399,#1415),.PCURVE_S1.);
#1386 = B_SPLINE_CURVE_WITH_KNOTS('',6,(#1387,#1388,#1389,#1390,#1391,
    #1392,#1393,#1394,#1395,#1396,#1397,#1398),.UNSPECIFIED.,.F.,.F.,(7,
    5,7),(0.,0.836568849039,1.),.UNSPECIFIED.);
#1387 = CARTESIAN_POINT('',(-113.8397997187,112.42997820866,
    -36.46446609406));
#1388 = CARTESIAN_POINT('',(-114.200982809,112.06426604437,
    -36.09875392977));
#1389 = CARTESIAN_POINT('',(-114.5964162728,111.66105445757,
    -35.78633113635));
#1390 = CARTESIAN_POINT('',(-115.0168243409,111.22868923774,
    -35.52819896544));
#1391 = CARTESIAN_POINT('',(-115.4548133197,110.77390489454,
    -35.32498689875));
#1392 = CARTESIAN_POINT('',(-115.9040843773,110.30268523491,
    -35.17741057092));
#1393 = CARTESIAN_POINT('',(-116.4477938705,109.72660599283,
    -35.0688048043));
#1394 = CARTESIAN_POINT('',(-116.5368675973,109.63204612942,
    -35.05321960897));
#1395 = CARTESIAN_POINT('',(-116.6261127719,109.53711910341,
    -35.03980727018));
#1396 = CARTESIAN_POINT('',(-116.7154861856,109.44186890096,
    -35.02857673948));
#1397 = CARTESIAN_POINT('',(-116.804944631,109.34634008708,
    -35.01953743357));
#1398 = CARTESIAN_POINT('',(-116.8944449027,109.25057780571,
    -35.01269923425));
#1399 = PCURVE('',#49,#1400);
#1400 = DEFINITIONAL_REPRESENTATION('',(#1401),#1414);
#1401 = B_SPLINE_CURVE_WITH_KNOTS('',6,(#1402,#1403,#1404,#1405,#1406,
    #1407,#1408,#1409,#1410,#1411,#1412,#1413),.UNSPECIFIED.,.F.,.F.,(7,
    5,7),(0.,0.836568849039,1.),.UNSPECIFIED.);
#1402 = CARTESIAN_POINT('',(2.362425120193,43.535533905933));
#1403 = CARTESIAN_POINT('',(2.365637636072,43.901246070223));
#1404 = CARTESIAN_POINT('',(2.369167327619,44.213668863648));
#1405 = CARTESIAN_POINT('',(2.372936404156,44.471801034553));
#1406 = CARTESIAN_POINT('',(2.376882566909,44.675013101246));
#1407 = CARTESIAN_POINT('',(2.380951703884,44.822589429079));
#1408 = CARTESIAN_POINT('',(2.385902584906,44.931195195697));
#1409 = CARTESIAN_POINT('',(2.386714500096,44.946780391028));
#1410 = CARTESIAN_POINT('',(2.387528820588,44.960192729819));
#1411 = CARTESIAN_POINT('',(2.388345162074,44.971423260513));
#1412 = CARTESIAN_POINT('',(2.389163137639,44.980462566427));
#1413 = CARTESIAN_POINT('',(2.38998235776,44.98730076575));
#1414 = ( GEOMETRIC_REPRESENTATION_CONTEXT(2) 
PARAMETRIC_REPRESENTATION_CONTEXT() REPRESENTATION_CONTEXT('2D SPACE',''
  ) );
#1415 = PCURVE('',#1328,#1416);
#1416 = DEFINITIONAL_REPRESENTATION('',(#1417),#1430);
#1417 = B_SPLINE_CURVE_WITH_KNOTS('',6,(#1418,#1419,#1420,#1421,#1422,
    #1423,#1424,#1425,#1426,#1427,#1428,#1429),.UNSPECIFIED.,.F.,.F.,(7,
    5,7),(0.,0.836568849039,1.),.UNSPECIFIED.);
#1418 = CARTESIAN_POINT('',(-8.881784197001E-16,3.054644584001));
#1419 = CARTESIAN_POINT('',(0.103439020533,2.693461493698));
#1420 = CARTESIAN_POINT('',(0.204645460846,2.298028029894));
#1421 = CARTESIAN_POINT('',(0.304286339406,1.877619961749));
#1422 = CARTESIAN_POINT('',(0.402894603688,1.439630982958));
#1423 = CARTESIAN_POINT('',(0.50097558436,0.990359925382));
#1424 = CARTESIAN_POINT('',(0.618221054327,0.446650432188));
#1425 = CARTESIAN_POINT('',(0.637383124195,0.357576705419));
#1426 = CARTESIAN_POINT('',(0.656549488477,0.268331530739));
#1427 = CARTESIAN_POINT('',(0.675723859524,0.178958117066));
#1428 = CARTESIAN_POINT('',(0.69490987539,8.949967163505E-02));
#1429 = CARTESIAN_POINT('',(0.714111099833,-6.E-07));
#1430 = ( GEOMETRIC_REPRESENTATION_CONTEXT(2) 
PARAMETRIC_REPRESENTATION_CONTEXT() REPRESENTATION_CONTEXT('2D SPACE',''
  ) );
#1431 = FACE_BOUND('',#1432,.T.);
#1432 = EDGE_LOOP('',(#1433,#1490,#1630));
#1433 = ORIENTED_EDGE('',*,*,#1434,.T.);
#1434 = EDGE_CURVE('',#1435,#1437,#1439,.T.);
#1435 = VERTEX_POINT('',#1436);
#1436 = CARTESIAN_POINT('',(-116.8944443027,-109.2505784476,
    -35.01269928009));
#1437 = VERTEX_POINT('',#1438);
#1438 = CARTESIAN_POINT('',(-113.8397997187,-112.4299782086,
    -36.46446609406));
#1439 = SURFACE_CURVE('',#1440,(#1453,#1469),.PCURVE_S1.);
#1440 = B_SPLINE_CURVE_WITH_KNOTS('',6,(#1441,#1442,#1443,#1444,#1445,
    #1446,#1447,#1448,#1449,#1450,#1451,#1452),.UNSPECIFIED.,.F.,.F.,(7,
    5,7),(0.,0.163842195427,1.),.UNSPECIFIED.);
#1441 = CARTESIAN_POINT('',(-116.8944449027,-109.2505778057,
    -35.01269923425));
#1442 = CARTESIAN_POINT('',(-116.804719709,-109.3465807461,
    -35.01955461856));
#1443 = CARTESIAN_POINT('',(-116.7150365394,-109.4423490575,
    -35.0286221882));
#1444 = CARTESIAN_POINT('',(-116.6254389385,-109.5378372415,
    -35.03989198503));
#1445 = CARTESIAN_POINT('',(-116.5359704453,-109.633000392,
    -35.05335452187));
#1446 = CARTESIAN_POINT('',(-116.4466745934,-109.7277941955,
    -35.0690007825));
#1447 = CARTESIAN_POINT('',(-115.9029826453,-110.3038407681,
    -35.17777275711));
#1448 = CARTESIAN_POINT('',(-115.4539540317,-110.7747971217,
    -35.32538560201));
#1449 = CARTESIAN_POINT('',(-115.0162061423,-111.2293250114,
    -35.52857880228));
#1450 = CARTESIAN_POINT('',(-114.596029209,-111.6614491302,
    -35.78663708037));
#1451 = CARTESIAN_POINT('',(-114.2008062544,-112.0644448128,
    -36.09893269825));
#1452 = CARTESIAN_POINT('',(-113.8397997187,-112.4299782086,
    -36.46446609406));
#1453 = PCURVE('',#49,#1454);
#1454 = DEFINITIONAL_REPRESENTATION('',(#1455),#1468);
#1455 = B_SPLINE_CURVE_WITH_KNOTS('',6,(#1456,#1457,#1458,#1459,#1460,
    #1461,#1462,#1463,#1464,#1465,#1466,#1467),.UNSPECIFIED.,.F.,.F.,(7,
    5,7),(0.,0.163842195427,1.),.UNSPECIFIED.);
#1456 = CARTESIAN_POINT('',(3.893202949419,44.98730076575));
#1457 = CARTESIAN_POINT('',(3.894024228313,44.980445381432));
#1458 = CARTESIAN_POINT('',(3.894844256501,44.971377811798));
#1459 = CARTESIAN_POINT('',(3.895662641405,44.960108014969));
#1460 = CARTESIAN_POINT('',(3.896478993144,44.946645478123));
#1461 = CARTESIAN_POINT('',(3.897292924533,44.930999217493));
#1462 = CARTESIAN_POINT('',(3.902243581798,44.822227242887));
#1463 = CARTESIAN_POINT('',(3.906310482176,44.674614397989));
#1464 = CARTESIAN_POINT('',(3.910254445311,44.471421197716));
#1465 = CARTESIAN_POINT('',(3.914021434523,44.21336291963));
#1466 = CARTESIAN_POINT('',(3.917549241459,43.90106730175));
#1467 = CARTESIAN_POINT('',(3.920760186987,43.535533905933));
#1468 = ( GEOMETRIC_REPRESENTATION_CONTEXT(2) 
PARAMETRIC_REPRESENTATION_CONTEXT() REPRESENTATION_CONTEXT('2D SPACE',''
  ) );
#1469 = PCURVE('',#1470,#1475);
#1470 = CYLINDRICAL_SURFACE('',#1471,5.);
#1471 = AXIS2_PLACEMENT_3D('',#1472,#1473,#1474);
#1472 = CARTESIAN_POINT('',(-116.8944443027,-108.8944443027,-40.));
#1473 = DIRECTION('',(1.,-7.850462293419E-17,2.355138688026E-16));
#1474 = DIRECTION('',(-2.22044604925E-16,-0.707106781187,0.707106781187)
  );
#1475 = DEFINITIONAL_REPRESENTATION('',(#1476),#1489);
#1476 = B_SPLINE_CURVE_WITH_KNOTS('',6,(#1477,#1478,#1479,#1480,#1481,
    #1482,#1483,#1484,#1485,#1486,#1487,#1488),.UNSPECIFIED.,.F.,.F.,(7,
    5,7),(0.,0.163842195427,1.),.UNSPECIFIED.);
#1477 = CARTESIAN_POINT('',(5.569074207346,-6.E-07));
#1478 = CARTESIAN_POINT('',(5.588323686152,8.972459367498E-02));
#1479 = CARTESIAN_POINT('',(5.607557882662,0.179407763274));
#1480 = CARTESIAN_POINT('',(5.626780384685,0.269005364208));
#1481 = CARTESIAN_POINT('',(5.645994856792,0.358473857389));
#1482 = CARTESIAN_POINT('',(5.66520504031,0.447769709234));
#1483 = CARTESIAN_POINT('',(5.782450252794,0.991461657427));
#1484 = CARTESIAN_POINT('',(5.880484184985,1.440490270993));
#1485 = CARTESIAN_POINT('',(5.979045490488,1.878238160406));
#1486 = CARTESIAN_POINT('',(6.078638932128,2.298415093694));
#1487 = CARTESIAN_POINT('',(6.179796850007,2.693638048257));
#1488 = CARTESIAN_POINT('',(6.28318530718,3.054644584001));
#1489 = ( GEOMETRIC_REPRESENTATION_CONTEXT(2) 
PARAMETRIC_REPRESENTATION_CONTEXT() REPRESENTATION_CONTEXT('2D SPACE',''
  ) );
#1490 = ORIENTED_EDGE('',*,*,#1491,.T.);
#1491 = EDGE_CURVE('',#1437,#1492,#1494,.T.);
#1492 = VERTEX_POINT('',#1493);
#1493 = CARTESIAN_POINT('',(-116.8944443027,-109.2505784476,
    -44.9873007199));
#1494 = SURFACE_CURVE('',#1495,(#1538,#1584),.PCURVE_S1.);
#1495 = B_SPLINE_CURVE_WITH_KNOTS('',5,(#1496,#1497,#1498,#1499,#1500,
    #1501,#1502,#1503,#1504,#1505,#1506,#1507,#1508,#1509,#1510,#1511,
    #1512,#1513,#1514,#1515,#1516,#1517,#1518,#1519,#1520,#1521,#1522,
    #1523,#1524,#1525,#1526,#1527,#1528,#1529,#1530,#1531,#1532,#1533,
    #1534,#1535,#1536,#1537),.UNSPECIFIED.,.F.,.F.,(6,4,4,4,4,4,4,4,4,4,
    6),(0.,0.140548791646,0.206595643847,0.246193623873,0.332633269406,
    0.435727899082,0.485947540959,0.574809354877,0.678943135753,
    0.859405849536,1.),.UNSPECIFIED.);
#1496 = CARTESIAN_POINT('',(-113.8397997187,-112.4299782086,
    -36.46446609406));
#1497 = CARTESIAN_POINT('',(-113.6223354803,-112.650169351,
    -36.68465723647));
#1498 = CARTESIAN_POINT('',(-113.4177385071,-112.8562672105,
    -36.92503860707));
#1499 = CARTESIAN_POINT('',(-113.2288916568,-113.0456142163,
    -37.18485069325));
#1500 = CARTESIAN_POINT('',(-113.0587249331,-113.2155849178,
    -37.46295657604));
#1501 = CARTESIAN_POINT('',(-112.8403837114,-113.4330529852,
    -37.89641564365));
#1502 = CARTESIAN_POINT('',(-112.7753819834,-113.4976875592,
    -38.03864608786));
#1503 = CARTESIAN_POINT('',(-112.7155329635,-113.5571133511,
    -38.18426564205));
#1504 = CARTESIAN_POINT('',(-112.6611529131,-113.6110439653,
    -38.33297946876));
#1505 = CARTESIAN_POINT('',(-112.5833652088,-113.6881153106,
    -38.57528894936));
#1506 = CARTESIAN_POINT('',(-112.5562780394,-113.7149344889,
    -38.66709886208));
#1507 = CARTESIAN_POINT('',(-112.5313233458,-113.7396276283,
    -38.75981630881));
#1508 = CARTESIAN_POINT('',(-112.508557493,-113.7621436332,
    -38.85335284854));
#1509 = CARTESIAN_POINT('',(-112.4432201883,-113.8267376502,
    -39.15337038132));
#1510 = CARTESIAN_POINT('',(-112.4090636413,-113.8604619528,
    -39.36262748294));
#1511 = CARTESIAN_POINT('',(-112.3861048609,-113.8831141198,
    -39.57426188163));
#1512 = CARTESIAN_POINT('',(-112.3746214986,-113.8944443027,
    -39.78711608509));
#1513 = CARTESIAN_POINT('',(-112.3746214986,-113.8944443027,
    -40.25390187842));
#1514 = CARTESIAN_POINT('',(-112.3909559567,-113.8783276608,
    -40.50772426244));
#1515 = CARTESIAN_POINT('',(-112.4236047603,-113.8461152075,
    -40.75949538259));
#1516 = CARTESIAN_POINT('',(-112.4720110845,-113.798306669,
    -41.00725846639));
#1517 = CARTESIAN_POINT('',(-112.5658399649,-113.7054683926,
    -41.36706343427));
#1518 = CARTESIAN_POINT('',(-112.6000651556,-113.6715840394,
    -41.48356142949));
#1519 = CARTESIAN_POINT('',(-112.6376705744,-113.6343250955,
    -41.59853170913));
#1520 = CARTESIAN_POINT('',(-112.6785282828,-113.593807497,
    -41.71181496829));
#1521 = CARTESIAN_POINT('',(-112.8002863098,-113.4729369681,
    -42.02045941242));
#1522 = CARTESIAN_POINT('',(-112.8877882946,-113.3859405145,
    -42.21185637226));
#1523 = CARTESIAN_POINT('',(-112.9842694041,-113.2898316317,
    -42.39684224328));
#1524 = CARTESIAN_POINT('',(-113.088936844,-113.1853236115,
    -42.57488894997));
#1525 = CARTESIAN_POINT('',(-113.3321912502,-112.941794387,
    -42.94554239287));
#1526 = CARTESIAN_POINT('',(-113.4735299251,-112.7999147505,
    -43.13541380879));
#1527 = CARTESIAN_POINT('',(-113.6237932562,-112.6485994698,
    -43.31475307545));
#1528 = CARTESIAN_POINT('',(-113.7818649524,-112.4888542343,
    -43.48323791578));
#1529 = CARTESIAN_POINT('',(-114.2322999973,-112.0319024813,
    -43.91340197618));
#1530 = CARTESIAN_POINT('',(-114.5381891745,-111.7197458466,
    -44.15288749837));
#1531 = CARTESIAN_POINT('',(-114.8594972909,-111.38955693,
    -44.35852633897));
#1532 = CARTESIAN_POINT('',(-115.1922795628,-111.0449521787,-44.52996275
    ));
#1533 = CARTESIAN_POINT('',(-115.7985866582,-110.4121126595,
    -44.77334699675));
#1534 = CARTESIAN_POINT('',(-116.0690139827,-110.1281879193,
    -44.85892925263));
#1535 = CARTESIAN_POINT('',(-116.3427752345,-109.8389756414,
    -44.92330640354));
#1536 = CARTESIAN_POINT('',(-116.6183839526,-109.5459537402,
    -44.96620854147));
#1537 = CARTESIAN_POINT('',(-116.8944449027,-109.2505778057,
    -44.98730076575));
#1538 = PCURVE('',#49,#1539);
#1539 = DEFINITIONAL_REPRESENTATION('',(#1540),#1583);
#1540 = B_SPLINE_CURVE_WITH_KNOTS('',5,(#1541,#1542,#1543,#1544,#1545,
    #1546,#1547,#1548,#1549,#1550,#1551,#1552,#1553,#1554,#1555,#1556,
    #1557,#1558,#1559,#1560,#1561,#1562,#1563,#1564,#1565,#1566,#1567,
    #1568,#1569,#1570,#1571,#1572,#1573,#1574,#1575,#1576,#1577,#1578,
    #1579,#1580,#1581,#1582),.UNSPECIFIED.,.F.,.F.,(6,4,4,4,4,4,4,4,4,4,
    6),(0.,0.140548791646,0.206595643847,0.246193623873,0.332633269406,
    0.435727899082,0.485947540959,0.574809354877,0.678943135753,
    0.859405849536,1.),.UNSPECIFIED.);
#1541 = CARTESIAN_POINT('',(3.920760186987,43.535533905933));
#1542 = CARTESIAN_POINT('',(3.922694406328,43.315342763526));
#1543 = CARTESIAN_POINT('',(3.924509444246,43.074961392921));
#1544 = CARTESIAN_POINT('',(3.92618083742,42.815149306747));
#1545 = CARTESIAN_POINT('',(3.927684045441,42.537043423954));
#1546 = CARTESIAN_POINT('',(3.929610072454,42.10358435635));
#1547 = CARTESIAN_POINT('',(3.930182991492,41.961353912134));
#1548 = CARTESIAN_POINT('',(3.930710119825,41.815734357941));
#1549 = CARTESIAN_POINT('',(3.931188793934,41.667020531239));
#1550 = CARTESIAN_POINT('',(3.931873188033,41.424711050636));
#1551 = CARTESIAN_POINT('',(3.932111425614,41.332901137914));
#1552 = CARTESIAN_POINT('',(3.932330843142,41.240183691187));
#1553 = CARTESIAN_POINT('',(3.932530965614,41.146647151459));
#1554 = CARTESIAN_POINT('',(3.933105195752,40.846629618671));
#1555 = CARTESIAN_POINT('',(3.93340519558,40.637372517053));
#1556 = CARTESIAN_POINT('',(3.933606773963,40.425738118361));
#1557 = CARTESIAN_POINT('',(3.93370759881,40.212883914908));
#1558 = CARTESIAN_POINT('',(3.93370759881,39.746098121573));
#1559 = CARTESIAN_POINT('',(3.933564180632,39.492275737554));
#1560 = CARTESIAN_POINT('',(3.933277525143,39.240504617401));
#1561 = CARTESIAN_POINT('',(3.932852303466,38.992741533603));
#1562 = CARTESIAN_POINT('',(3.932027331773,38.632936565728));
#1563 = CARTESIAN_POINT('',(3.931726323512,38.516438570509));
#1564 = CARTESIAN_POINT('',(3.931395463144,38.401468290866));
#1565 = CARTESIAN_POINT('',(3.931035828603,38.288185031705));
#1566 = CARTESIAN_POINT('',(3.929963544573,37.979540587577));
#1567 = CARTESIAN_POINT('',(3.929192360124,37.788143627736));
#1568 = CARTESIAN_POINT('',(3.928341223586,37.603157756714));
#1569 = CARTESIAN_POINT('',(3.927416790471,37.425111050025));
#1570 = CARTESIAN_POINT('',(3.925265490089,37.054457607126));
#1571 = CARTESIAN_POINT('',(3.924013829003,36.864586191201));
#1572 = CARTESIAN_POINT('',(3.922681021608,36.685246924547));
#1573 = CARTESIAN_POINT('',(3.921276439049,36.516762084214));
#1574 = CARTESIAN_POINT('',(3.917266214645,36.086598023814));
#1575 = CARTESIAN_POINT('',(3.914534683685,35.847112501623));
#1576 = CARTESIAN_POINT('',(3.91165520485,35.641473661025));
#1577 = CARTESIAN_POINT('',(3.908661116477,35.470037249997));
#1578 = CARTESIAN_POINT('',(3.903183555179,35.226653003248));
#1579 = CARTESIAN_POINT('',(3.900732926491,35.141070747361));
#1580 = CARTESIAN_POINT('',(3.898243991146,35.076693596456));
#1581 = CARTESIAN_POINT('',(3.89572980974,35.033791458524));
#1582 = CARTESIAN_POINT('',(3.893202949419,35.01269923425));
#1583 = ( GEOMETRIC_REPRESENTATION_CONTEXT(2) 
PARAMETRIC_REPRESENTATION_CONTEXT() REPRESENTATION_CONTEXT('2D SPACE',''
  ) );
#1584 = PCURVE('',#1470,#1585);
#1585 = DEFINITIONAL_REPRESENTATION('',(#1586),#1629);
#1586 = B_SPLINE_CURVE_WITH_KNOTS('',5,(#1587,#1588,#1589,#1590,#1591,
    #1592,#1593,#1594,#1595,#1596,#1597,#1598,#1599,#1600,#1601,#1602,
    #1603,#1604,#1605,#1606,#1607,#1608,#1609,#1610,#1611,#1612,#1613,
    #1614,#1615,#1616,#1617,#1618,#1619,#1620,#1621,#1622,#1623,#1624,
    #1625,#1626,#1627,#1628),.UNSPECIFIED.,.F.,.F.,(6,4,4,4,4,4,4,4,4,4,
    6),(0.,0.140548791646,0.206595643847,0.246193623873,0.332633269406,
    0.435727899082,0.485947540959,0.574809354877,0.678943135753,
    0.859405849536,1.),.UNSPECIFIED.);
#1587 = CARTESIAN_POINT('',(0.,3.054644584001));
#1588 = CARTESIAN_POINT('',(6.227945998134E-02,3.272108822376));
#1589 = CARTESIAN_POINT('',(0.125421013107,3.47670579553));
#1590 = CARTESIAN_POINT('',(0.189445579944,3.665552645873));
#1591 = CARTESIAN_POINT('',(0.254404934364,3.835719369571));
#1592 = CARTESIAN_POINT('',(0.351395474856,4.05406059127));
#1593 = CARTESIAN_POINT('',(0.382617817272,4.119062319262));
#1594 = CARTESIAN_POINT('',(0.414041252836,4.178911339164));
#1595 = CARTESIAN_POINT('',(0.445654067727,4.233291389538));
#1596 = CARTESIAN_POINT('',(0.496508320903,4.311079093916));
#1597 = CARTESIAN_POINT('',(0.515632293352,4.338166263302));
#1598 = CARTESIAN_POINT('',(0.534814822252,4.363120956885));
#1599 = CARTESIAN_POINT('',(0.554050871376,4.385886809641));
#1600 = CARTESIAN_POINT('',(0.615429338938,4.451224114349));
#1601 = CARTESIAN_POINT('',(0.657762874454,4.485380661344));
#1602 = CARTESIAN_POINT('',(0.700250533939,4.508339441768));
#1603 = CARTESIAN_POINT('',(0.742821380416,4.519822804043));
#1604 = CARTESIAN_POINT('',(0.836178539083,4.519822804043));
#1605 = CARTESIAN_POINT('',(0.886943024995,4.503488345945));
#1606 = CARTESIAN_POINT('',(0.937570016994,4.47083954234));
#1607 = CARTESIAN_POINT('',(0.987940062832,4.42243321815));
#1608 = CARTESIAN_POINT('',(1.062257910079,4.328604337819));
#1609 = CARTESIAN_POINT('',(1.086511709072,4.294379147056));
#1610 = CARTESIAN_POINT('',(1.110668442843,4.256773728302));
#1611 = CARTESIAN_POINT('',(1.134719972849,4.215916019872));
#1612 = CARTESIAN_POINT('',(1.201013585708,4.09415799289));
#1613 = CARTESIAN_POINT('',(1.243001904408,4.006656008121));
#1614 = CARTESIAN_POINT('',(1.284619121424,3.910174898557));
#1615 = CARTESIAN_POINT('',(1.325856901941,3.805507458697));
#1616 = CARTESIAN_POINT('',(1.414556497862,3.562253052441));
#1617 = CARTESIAN_POINT('',(1.461875035728,3.420914377603));
#1618 = CARTESIAN_POINT('',(1.508697623944,3.270651046483));
#1619 = CARTESIAN_POINT('',(1.555057890401,3.112579350293));
#1620 = CARTESIAN_POINT('',(1.680572196108,2.662144305403));
#1621 = CARTESIAN_POINT('',(1.75886113124,2.356255128206));
#1622 = CARTESIAN_POINT('',(1.836184555054,2.03494701181));
#1623 = CARTESIAN_POINT('',(1.912819612375,1.702164739918));
#1624 = CARTESIAN_POINT('',(2.048425179904,1.095857644495));
#1625 = CARTESIAN_POINT('',(2.107569699552,0.825430319956));
#1626 = CARTESIAN_POINT('',(2.166615139406,0.551669068142));
#1627 = CARTESIAN_POINT('',(2.225681815736,0.27606035009));
#1628 = CARTESIAN_POINT('',(2.284907426628,-6.E-07));
#1629 = ( GEOMETRIC_REPRESENTATION_CONTEXT(2) 
PARAMETRIC_REPRESENTATION_CONTEXT() REPRESENTATION_CONTEXT('2D SPACE',''
  ) );
#1630 = ORIENTED_EDGE('',*,*,#1631,.T.);
#1631 = EDGE_CURVE('',#1492,#1435,#1632,.T.);
#1632 = SURFACE_CURVE('',#1633,(#1637,#1643),.PCURVE_S1.);
#1633 = LINE('',#1634,#1635);
#1634 = CARTESIAN_POINT('',(-116.8944443027,-109.2505784476,-80.));
#1635 = VECTOR('',#1636,1.);
#1636 = DIRECTION('',(0.,0.,1.));
#1637 = PCURVE('',#49,#1638);
#1638 = DEFINITIONAL_REPRESENTATION('',(#1639),#1642);
#1639 = B_SPLINE_CURVE_WITH_KNOTS('',1,(#1640,#1641),.UNSPECIFIED.,.F.,
  .F.,(2,2),(31.87085277073,48.12914722927),.PIECEWISE_BEZIER_KNOTS.);
#1640 = CARTESIAN_POINT('',(3.893202954911,31.87085277073));
#1641 = CARTESIAN_POINT('',(3.893202954911,48.12914722927));
#1642 = ( GEOMETRIC_REPRESENTATION_CONTEXT(2) 
PARAMETRIC_REPRESENTATION_CONTEXT() REPRESENTATION_CONTEXT('2D SPACE',''
  ) );
#1643 = PCURVE('',#1644,#1649);
#1644 = PLANE('',#1645);
#1645 = AXIS2_PLACEMENT_3D('',#1646,#1647,#1648);
#1646 = CARTESIAN_POINT('',(-116.8944443027,-108.8944443027,-40.));
#1647 = DIRECTION('',(1.,-7.850462293419E-17,2.355138688026E-16));
#1648 = DIRECTION('',(-2.22044604925E-16,-0.707106781187,0.707106781187)
  );
#1649 = DEFINITIONAL_REPRESENTATION('',(#1650),#1653);
#1650 = B_SPLINE_CURVE_WITH_KNOTS('',1,(#1651,#1652),.UNSPECIFIED.,.F.,
  .F.,(2,2),(31.87085277073,48.12914722927),.PIECEWISE_BEZIER_KNOTS.);
#1651 = CARTESIAN_POINT('',(-5.496350262161,6.));
#1652 = CARTESIAN_POINT('',(6.,-5.496350262161));
#1653 = ( GEOMETRIC_REPRESENTATION_CONTEXT(2) 
PARAMETRIC_REPRESENTATION_CONTEXT() REPRESENTATION_CONTEXT('2D SPACE',''
  ) );
#1654 = FACE_BOUND('',#1655,.T.);
#1655 = EDGE_LOOP('',(#1656,#1818,#1844));
#1656 = ORIENTED_EDGE('',*,*,#1657,.F.);
#1657 = EDGE_CURVE('',#1658,#1660,#1662,.T.);
#1658 = VERTEX_POINT('',#1659);
#1659 = CARTESIAN_POINT('',(116.89444430272,-109.2505784476,
    -35.01269928009));
#1660 = VERTEX_POINT('',#1661);
#1661 = CARTESIAN_POINT('',(113.83979971872,-112.4299782086,
    -43.53553390593));
#1662 = SURFACE_CURVE('',#1663,(#1711,#1762),.PCURVE_S1.);
#1663 = B_SPLINE_CURVE_WITH_KNOTS('',6,(#1664,#1665,#1666,#1667,#1668,
    #1669,#1670,#1671,#1672,#1673,#1674,#1675,#1676,#1677,#1678,#1679,
    #1680,#1681,#1682,#1683,#1684,#1685,#1686,#1687,#1688,#1689,#1690,
    #1691,#1692,#1693,#1694,#1695,#1696,#1697,#1698,#1699,#1700,#1701,
    #1702,#1703,#1704,#1705,#1706,#1707,#1708,#1709,#1710),
  .UNSPECIFIED.,.F.,.F.,(7,5,5,5,5,5,5,5,5,7),(0.,0.320115530216,
    0.425492343318,0.514799876959,0.565143667209,0.667383015129,
    0.753571021252,0.793047833606,0.858753256734,1.),.UNSPECIFIED.);
#1664 = CARTESIAN_POINT('',(116.89444490272,-109.2505778057,
    -35.01269923425));
#1665 = CARTESIAN_POINT('',(116.37067198255,-109.8109972194,
    -35.05271770081));
#1666 = CARTESIAN_POINT('',(115.84852699746,-110.3632112672,
    -35.16810354621));
#1667 = CARTESIAN_POINT('',(115.33617338581,-110.8987131805,
    -35.3568285018));
#1668 = CARTESIAN_POINT('',(114.84233509234,-111.4090401818,
    -35.6176898766));
#1669 = CARTESIAN_POINT('',(114.37729308502,-111.8847520689,
    -35.94982860164));
#1670 = CARTESIAN_POINT('',(113.8152067431,-112.4550489778,
    -36.48438212756));
#1671 = CARTESIAN_POINT('',(113.68058500169,-112.5912170221,
    -36.62434294892));
#1672 = CARTESIAN_POINT('',(113.55109850257,-112.7218088156,
    -36.7717578441));
#1673 = CARTESIAN_POINT('',(113.4273164229,-112.8463087512,
    -36.92647586234));
#1674 = CARTESIAN_POINT('',(113.30982486639,-112.9641893691,
    -37.08831498222));
#1675 = CARTESIAN_POINT('',(113.10549295066,-113.1687459307,
    -37.40007617696));
#1676 = CARTESIAN_POINT('',(113.016704053,-113.25744576,-37.5480623136)
  );
#1677 = CARTESIAN_POINT('',(112.93329196048,-113.3406138099,
    -37.7007931211));
#1678 = CARTESIAN_POINT('',(112.85566916434,-113.4178768914,
    -37.8580133376));
#1679 = CARTESIAN_POINT('',(112.78422721388,-113.4888825036,
    -38.01943989744));
#1680 = CARTESIAN_POINT('',(112.68275572394,-113.5896087636,
    -38.27795633901));
#1681 = CARTESIAN_POINT('',(112.64826129486,-113.6238217492,
    -38.37237802498));
#1682 = CARTESIAN_POINT('',(112.61592574351,-113.6558697498,
    -38.46795088317));
#1683 = CARTESIAN_POINT('',(112.58581631081,-113.6856917705,
    -38.56459572353));
#1684 = CARTESIAN_POINT('',(112.55799427184,-113.7132323443,
    -38.66223045027));
#1685 = CARTESIAN_POINT('',(112.48077090383,-113.7896369415,
    -38.96088661239));
#1686 = CARTESIAN_POINT('',(112.43867465496,-113.8312308635,
    -39.16478927538));
#1687 = CARTESIAN_POINT('',(112.40674431236,-113.8627503187,
    -39.37159433962));
#1688 = CARTESIAN_POINT('',(112.38533229356,-113.8838763368,
    -39.58037039149));
#1689 = CARTESIAN_POINT('',(112.37462149868,-113.8944443027,
    -39.79015976639));
#1690 = CARTESIAN_POINT('',(112.37462149868,-113.8944443027,
    -40.17689580094));
#1691 = CARTESIAN_POINT('',(112.38223333701,-113.8869340009,
    -40.35377206934));
#1692 = CARTESIAN_POINT('',(112.39745310759,-113.8719174288,
    -40.53003876808));
#1693 = CARTESIAN_POINT('',(112.4201879915,-113.8494782866,
    -40.70511657862));
#1694 = CARTESIAN_POINT('',(112.45025673948,-113.8197807315,
    -40.87843761341));
#1695 = CARTESIAN_POINT('',(112.50439842421,-113.7662555735,
    -41.12777339625));
#1696 = CARTESIAN_POINT('',(112.52289063565,-113.7479679142,
    -41.2056236086));
#1697 = CARTESIAN_POINT('',(112.5428422624,-113.7282294306,
    -41.2829484692));
#1698 = CARTESIAN_POINT('',(112.56422654382,-113.7070643848,
    -41.35970261804));
#1699 = CARTESIAN_POINT('',(112.58701448503,-113.6844990579,
    -41.43584363124));
#1700 = CARTESIAN_POINT('',(112.65138751242,-113.6207203634,
    -41.63697531131));
#1701 = CARTESIAN_POINT('',(112.69539686653,-113.5770836205,
    -41.7607931435));
#1702 = CARTESIAN_POINT('',(112.74306528793,-113.5297754925,
    -41.88262673265));
#1703 = CARTESIAN_POINT('',(112.79424318283,-113.4789312266,
    -42.00232599581));
#1704 = CARTESIAN_POINT('',(112.84876899494,-113.4246973456,
    -42.11974955197));
#1705 = CARTESIAN_POINT('',(113.03050716815,-113.2436978172,
    -42.48201247471));
#1706 = CARTESIAN_POINT('',(113.16913915798,-113.1053049887,
    -42.71797982543));
#1707 = CARTESIAN_POINT('',(113.32086934156,-112.953397692,
    -42.94189485822));
#1708 = CARTESIAN_POINT('',(113.48420709388,-112.7893129031,
    -43.15311407998));
#1709 = CARTESIAN_POINT('',(113.65767214366,-112.6143895818,
    -43.35112253274));
#1710 = CARTESIAN_POINT('',(113.83979971872,-112.4299782086,
    -43.53553390593));
#1711 = PCURVE('',#49,#1712);
#1712 = DEFINITIONAL_REPRESENTATION('',(#1713),#1761);
#1713 = B_SPLINE_CURVE_WITH_KNOTS('',6,(#1714,#1715,#1716,#1717,#1718,
    #1719,#1720,#1721,#1722,#1723,#1724,#1725,#1726,#1727,#1728,#1729,
    #1730,#1731,#1732,#1733,#1734,#1735,#1736,#1737,#1738,#1739,#1740,
    #1741,#1742,#1743,#1744,#1745,#1746,#1747,#1748,#1749,#1750,#1751,
    #1752,#1753,#1754,#1755,#1756,#1757,#1758,#1759,#1760),
  .UNSPECIFIED.,.F.,.F.,(7,5,5,5,5,5,5,5,5,7),(0.,0.320115530216,
    0.425492343318,0.514799876959,0.565143667209,0.667383015129,
    0.753571021252,0.793047833606,0.858753256734,1.),.UNSPECIFIED.);
#1714 = CARTESIAN_POINT('',(5.53157501135,44.98730076575));
#1715 = CARTESIAN_POINT('',(5.526780776567,44.947282299186));
#1716 = CARTESIAN_POINT('',(5.522030956263,44.831896453787));
#1717 = CARTESIAN_POINT('',(5.517399034909,44.643171498197));
#1718 = CARTESIAN_POINT('',(5.512960702221,44.382310123399));
#1719 = CARTESIAN_POINT('',(5.508802885371,44.050171398357));
#1720 = CARTESIAN_POINT('',(5.503798279602,43.515617872433));
#1721 = CARTESIAN_POINT('',(5.50260152843,43.375657051079));
#1722 = CARTESIAN_POINT('',(5.501452125254,43.228242155893));
#1723 = CARTESIAN_POINT('',(5.500354860154,43.073524137659));
#1724 = CARTESIAN_POINT('',(5.499314651482,42.911685017775));
#1725 = CARTESIAN_POINT('',(5.497507602365,42.599923823031));
#1726 = CARTESIAN_POINT('',(5.496723205937,42.451937686394));
#1727 = CARTESIAN_POINT('',(5.495987018431,42.299206878892));
#1728 = CARTESIAN_POINT('',(5.495302511551,42.1419866624));
#1729 = CARTESIAN_POINT('',(5.494672973483,41.980560102555));
#1730 = CARTESIAN_POINT('',(5.493779371163,41.722043660989));
#1731 = CARTESIAN_POINT('',(5.493475721896,41.627621975019));
#1732 = CARTESIAN_POINT('',(5.493191181298,41.532049116821));
#1733 = CARTESIAN_POINT('',(5.492926316165,41.435404276466));
#1734 = CARTESIAN_POINT('',(5.492681642515,41.337769549721));
#1735 = CARTESIAN_POINT('',(5.492002686773,41.03911338761));
#1736 = CARTESIAN_POINT('',(5.491632818394,40.835210724617));
#1737 = CARTESIAN_POINT('',(5.491352401402,40.628405660379));
#1738 = CARTESIAN_POINT('',(5.491164403798,40.419629608504));
#1739 = CARTESIAN_POINT('',(5.491070361959,40.209840233605));
#1740 = CARTESIAN_POINT('',(5.491070361959,39.823104199053));
#1741 = CARTESIAN_POINT('',(5.491137194512,39.646227930657));
#1742 = CARTESIAN_POINT('',(5.491270824554,39.469961231917));
#1743 = CARTESIAN_POINT('',(5.491470471699,39.294883421372));
#1744 = CARTESIAN_POINT('',(5.491734609003,39.121562386582));
#1745 = CARTESIAN_POINT('',(5.49221044152,38.872226603743));
#1746 = CARTESIAN_POINT('',(5.492372989632,38.794376391392));
#1747 = CARTESIAN_POINT('',(5.492548399319,38.717051530796));
#1748 = CARTESIAN_POINT('',(5.492736445044,38.640297381957));
#1749 = CARTESIAN_POINT('',(5.492936882473,38.564156368755));
#1750 = CARTESIAN_POINT('',(5.493503244511,38.363024688681));
#1751 = CARTESIAN_POINT('',(5.493890592673,38.2392068565));
#1752 = CARTESIAN_POINT('',(5.49431033663,38.117373267343));
#1753 = CARTESIAN_POINT('',(5.49476121744,37.997674004183));
#1754 = CARTESIAN_POINT('',(5.495241873556,37.880250448028));
#1755 = CARTESIAN_POINT('',(5.496844966183,37.517987525288));
#1756 = CARTESIAN_POINT('',(5.49806925413,37.282020174561));
#1757 = CARTESIAN_POINT('',(5.499411152769,37.058105141771));
#1758 = CARTESIAN_POINT('',(5.500858169891,36.846885920018));
#1759 = CARTESIAN_POINT('',(5.50239785374,36.648877467254));
#1760 = CARTESIAN_POINT('',(5.504017773783,36.464466094067));
#1761 = ( GEOMETRIC_REPRESENTATION_CONTEXT(2) 
PARAMETRIC_REPRESENTATION_CONTEXT() REPRESENTATION_CONTEXT('2D SPACE',''
  ) );
#1762 = PCURVE('',#1763,#1768);
#1763 = CYLINDRICAL_SURFACE('',#1764,5.);
#1764 = AXIS2_PLACEMENT_3D('',#1765,#1766,#1767);
#1765 = CARTESIAN_POINT('',(100.89444430272,-108.8944443027,-40.));
#1766 = DIRECTION('',(1.,-3.925231146709E-17,1.962615573355E-16));
#1767 = DIRECTION('',(1.110223024625E-16,-0.707106781187,-0.707106781187
    ));
#1768 = DEFINITIONAL_REPRESENTATION('',(#1769),#1817);
#1769 = B_SPLINE_CURVE_WITH_KNOTS('',6,(#1770,#1771,#1772,#1773,#1774,
    #1775,#1776,#1777,#1778,#1779,#1780,#1781,#1782,#1783,#1784,#1785,
    #1786,#1787,#1788,#1789,#1790,#1791,#1792,#1793,#1794,#1795,#1796,
    #1797,#1798,#1799,#1800,#1801,#1802,#1803,#1804,#1805,#1806,#1807,
    #1808,#1809,#1810,#1811,#1812,#1813,#1814,#1815,#1816),
  .UNSPECIFIED.,.F.,.F.,(7,5,5,5,5,5,5,5,5,7),(0.,0.320115530216,
    0.425492343318,0.514799876959,0.565143667209,0.667383015129,
    0.753571021252,0.793047833606,0.858753256734,1.),.UNSPECIFIED.);
#1770 = CARTESIAN_POINT('',(3.998277880552,16.0000006));
#1771 = CARTESIAN_POINT('',(4.11064716406,15.476227679824));
#1772 = CARTESIAN_POINT('',(4.222454165626,14.954082694732));
#1773 = CARTESIAN_POINT('',(4.33452012328,14.441729083091));
#1774 = CARTESIAN_POINT('',(4.447589256003,13.947890789613));
#1775 = CARTESIAN_POINT('',(4.56243449123,13.482848782298));
#1776 = CARTESIAN_POINT('',(4.718765682792,12.920762440378));
#1777 = CARTESIAN_POINT('',(4.757778422229,12.786140698969));
#1778 = CARTESIAN_POINT('',(4.797101526738,12.656654199848));
#1779 = CARTESIAN_POINT('',(4.836751425799,12.532872120178));
#1780 = CARTESIAN_POINT('',(4.876747524032,12.415380563664));
#1781 = CARTESIAN_POINT('',(4.951323238423,12.211048647938));
#1782 = CARTESIAN_POINT('',(4.985801194541,12.12225975028));
#1783 = CARTESIAN_POINT('',(5.020537706359,12.03884765776));
#1784 = CARTESIAN_POINT('',(5.055526788419,11.961224861612));
#1785 = CARTESIAN_POINT('',(5.090764983574,11.889782911156));
#1786 = CARTESIAN_POINT('',(5.146254272636,11.788311421217));
#1787 = CARTESIAN_POINT('',(5.166334305861,11.753816992136));
#1788 = CARTESIAN_POINT('',(5.186486125125,11.721481440791));
#1789 = CARTESIAN_POINT('',(5.206705450268,11.691372008087));
#1790 = CARTESIAN_POINT('',(5.226988282888,11.663549969113));
#1791 = CARTESIAN_POINT('',(5.288643182334,11.586326601103));
#1792 = CARTESIAN_POINT('',(5.330213111503,11.544230352232));
#1793 = CARTESIAN_POINT('',(5.371972964582,11.512300009639));
#1794 = CARTESIAN_POINT('',(5.413861216356,11.490887990837));
#1795 = CARTESIAN_POINT('',(5.455819097061,11.480177195957));
#1796 = CARTESIAN_POINT('',(5.533166303972,11.480177195957));
#1797 = CARTESIAN_POINT('',(5.568541561434,11.487789034283));
#1798 = CARTESIAN_POINT('',(5.603874605146,11.503008804867));
#1799 = CARTESIAN_POINT('',(5.639129200243,11.525743688778));
#1800 = CARTESIAN_POINT('',(5.674267907718,11.555812436756));
#1801 = CARTESIAN_POINT('',(5.725271152772,11.609954121489));
#1802 = CARTESIAN_POINT('',(5.741262042894,11.628446332925));
#1803 = CARTESIAN_POINT('',(5.757218527739,11.648397959674));
#1804 = CARTESIAN_POINT('',(5.773137956713,11.669782241098));
#1805 = CARTESIAN_POINT('',(5.789017975375,11.69257018231));
#1806 = CARTESIAN_POINT('',(5.831218295089,11.756943209692));
#1807 = CARTESIAN_POINT('',(5.857461429276,11.800952563803));
#1808 = CARTESIAN_POINT('',(5.883581326337,11.848620985208));
#1809 = CARTESIAN_POINT('',(5.909572569884,11.89979888011));
#1810 = CARTESIAN_POINT('',(5.935428928798,11.954324692216));
#1811 = CARTESIAN_POINT('',(6.016421583885,12.136062865426));
#1812 = CARTESIAN_POINT('',(6.071009972512,12.274694855258));
#1813 = CARTESIAN_POINT('',(6.124953776586,12.426425038841));
#1814 = CARTESIAN_POINT('',(6.178285476533,12.589762791158));
#1815 = CARTESIAN_POINT('',(6.231025894176,12.763227840933));
#1816 = CARTESIAN_POINT('',(6.28318530718,12.945355415999));
#1817 = ( GEOMETRIC_REPRESENTATION_CONTEXT(2) 
PARAMETRIC_REPRESENTATION_CONTEXT() REPRESENTATION_CONTEXT('2D SPACE',''
  ) );
#1818 = ORIENTED_EDGE('',*,*,#1819,.F.);
#1819 = EDGE_CURVE('',#1820,#1658,#1822,.T.);
#1820 = VERTEX_POINT('',#1821);
#1821 = CARTESIAN_POINT('',(116.89444430272,-109.2505784476,
    -44.9873007199));
#1822 = SURFACE_CURVE('',#1823,(#1827,#1833),.PCURVE_S1.);
#1823 = LINE('',#1824,#1825);
#1824 = CARTESIAN_POINT('',(116.89444430272,-109.2505784476,-80.));
#1825 = VECTOR('',#1826,1.);
#1826 = DIRECTION('',(0.,0.,1.));
#1827 = PCURVE('',#49,#1828);
#1828 = DEFINITIONAL_REPRESENTATION('',(#1829),#1832);
#1829 = B_SPLINE_CURVE_WITH_KNOTS('',1,(#1830,#1831),.UNSPECIFIED.,.F.,
  .F.,(2,2),(31.87085277073,48.12914722927),.PIECEWISE_BEZIER_KNOTS.);
#1830 = CARTESIAN_POINT('',(5.531575005858,31.87085277073));
#1831 = CARTESIAN_POINT('',(5.531575005858,48.12914722927));
#1832 = ( GEOMETRIC_REPRESENTATION_CONTEXT(2) 
PARAMETRIC_REPRESENTATION_CONTEXT() REPRESENTATION_CONTEXT('2D SPACE',''
  ) );
#1833 = PCURVE('',#1834,#1839);
#1834 = PLANE('',#1835);
#1835 = AXIS2_PLACEMENT_3D('',#1836,#1837,#1838);
#1836 = CARTESIAN_POINT('',(116.89444430272,-108.8944443027,-40.));
#1837 = DIRECTION('',(1.,-3.925231146709E-17,1.962615573355E-16));
#1838 = DIRECTION('',(1.110223024625E-16,-0.707106781187,-0.707106781187
    ));
#1839 = DEFINITIONAL_REPRESENTATION('',(#1840),#1843);
#1840 = B_SPLINE_CURVE_WITH_KNOTS('',1,(#1841,#1842),.UNSPECIFIED.,.F.,
  .F.,(2,2),(31.87085277073,48.12914722927),.PIECEWISE_BEZIER_KNOTS.);
#1841 = CARTESIAN_POINT('',(6.,5.496350262161));
#1842 = CARTESIAN_POINT('',(-5.496350262161,-6.));
#1843 = ( GEOMETRIC_REPRESENTATION_CONTEXT(2) 
PARAMETRIC_REPRESENTATION_CONTEXT() REPRESENTATION_CONTEXT('2D SPACE',''
  ) );
#1844 = ORIENTED_EDGE('',*,*,#1845,.F.);
#1845 = EDGE_CURVE('',#1660,#1820,#1846,.T.);
#1846 = SURFACE_CURVE('',#1847,(#1860,#1876),.PCURVE_S1.);
#1847 = B_SPLINE_CURVE_WITH_KNOTS('',6,(#1848,#1849,#1850,#1851,#1852,
    #1853,#1854,#1855,#1856,#1857,#1858,#1859),.UNSPECIFIED.,.F.,.F.,(7,
    5,7),(0.,0.836568849039,1.),.UNSPECIFIED.);
#1848 = CARTESIAN_POINT('',(113.83979971872,-112.4299782086,
    -43.53553390593));
#1849 = CARTESIAN_POINT('',(114.20098280903,-112.0642660443,
    -43.90124607022));
#1850 = CARTESIAN_POINT('',(114.59641627283,-111.6610544575,
    -44.21366886364));
#1851 = CARTESIAN_POINT('',(115.01682434097,-111.2286892377,
    -44.47180103455));
#1852 = CARTESIAN_POINT('',(115.45481331977,-110.7739048945,
    -44.67501310124));
#1853 = CARTESIAN_POINT('',(115.90408437734,-110.3026852349,
    -44.82258942907));
#1854 = CARTESIAN_POINT('',(116.44779387054,-109.7266059928,
    -44.93119519569));
#1855 = CARTESIAN_POINT('',(116.53686759731,-109.6320461294,
    -44.94678039102));
#1856 = CARTESIAN_POINT('',(116.62611277198,-109.5371191034,
    -44.96019272981));
#1857 = CARTESIAN_POINT('',(116.71548618566,-109.4418689009,
    -44.97142326051));
#1858 = CARTESIAN_POINT('',(116.80494463109,-109.346340087,
    -44.98046256642));
#1859 = CARTESIAN_POINT('',(116.89444490272,-109.2505778057,
    -44.98730076575));
#1860 = PCURVE('',#49,#1861);
#1861 = DEFINITIONAL_REPRESENTATION('',(#1862),#1875);
#1862 = B_SPLINE_CURVE_WITH_KNOTS('',6,(#1863,#1864,#1865,#1866,#1867,
    #1868,#1869,#1870,#1871,#1872,#1873,#1874),.UNSPECIFIED.,.F.,.F.,(7,
    5,7),(0.,0.836568849039,1.),.UNSPECIFIED.);
#1863 = CARTESIAN_POINT('',(5.504017773783,36.464466094067));
#1864 = CARTESIAN_POINT('',(5.507230289662,36.098753929776));
#1865 = CARTESIAN_POINT('',(5.510759981209,35.786331136352));
#1866 = CARTESIAN_POINT('',(5.514529057746,35.528198965447));
#1867 = CARTESIAN_POINT('',(5.518475220498,35.324986898754));
#1868 = CARTESIAN_POINT('',(5.522544357474,35.177410570921));
#1869 = CARTESIAN_POINT('',(5.527495238496,35.068804804303));
#1870 = CARTESIAN_POINT('',(5.528307153686,35.053219608972));
#1871 = CARTESIAN_POINT('',(5.529121474178,35.039807270181));
#1872 = CARTESIAN_POINT('',(5.529937815664,35.028576739487));
#1873 = CARTESIAN_POINT('',(5.530755791229,35.019537433573));
#1874 = CARTESIAN_POINT('',(5.53157501135,35.01269923425));
#1875 = ( GEOMETRIC_REPRESENTATION_CONTEXT(2) 
PARAMETRIC_REPRESENTATION_CONTEXT() REPRESENTATION_CONTEXT('2D SPACE',''
  ) );
#1876 = PCURVE('',#1763,#1877);
#1877 = DEFINITIONAL_REPRESENTATION('',(#1878),#1891);
#1878 = B_SPLINE_CURVE_WITH_KNOTS('',6,(#1879,#1880,#1881,#1882,#1883,
    #1884,#1885,#1886,#1887,#1888,#1889,#1890),.UNSPECIFIED.,.F.,.F.,(7,
    5,7),(0.,0.836568849039,1.),.UNSPECIFIED.);
#1879 = CARTESIAN_POINT('',(-8.881784197001E-16,12.945355415999));
#1880 = CARTESIAN_POINT('',(0.103439020533,13.306538506302));
#1881 = CARTESIAN_POINT('',(0.204645460846,13.701971970106));
#1882 = CARTESIAN_POINT('',(0.304286339405,14.122380038249));
#1883 = CARTESIAN_POINT('',(0.402894603688,14.560369017043));
#1884 = CARTESIAN_POINT('',(0.50097558436,15.009640074617));
#1885 = CARTESIAN_POINT('',(0.618221054327,15.553349567812));
#1886 = CARTESIAN_POINT('',(0.637383124195,15.642423294581));
#1887 = CARTESIAN_POINT('',(0.656549488477,15.731668469261));
#1888 = CARTESIAN_POINT('',(0.675723859524,15.821041882934));
#1889 = CARTESIAN_POINT('',(0.69490987539,15.910500328365));
#1890 = CARTESIAN_POINT('',(0.714111099833,16.0000006));
#1891 = ( GEOMETRIC_REPRESENTATION_CONTEXT(2) 
PARAMETRIC_REPRESENTATION_CONTEXT() REPRESENTATION_CONTEXT('2D SPACE',''
  ) );
#1892 = ADVANCED_FACE('',(#1893,#1896),#61,.F.);
#1893 = FACE_BOUND('',#1894,.F.);
#1894 = EDGE_LOOP('',(#1895));
#1895 = ORIENTED_EDGE('',*,*,#39,.T.);
#1896 = FACE_BOUND('',#1897,.F.);
#1897 = EDGE_LOOP('',(#1898));
#1898 = ORIENTED_EDGE('',*,*,#1899,.F.);
#1899 = EDGE_CURVE('',#1900,#1900,#1902,.T.);
#1900 = VERTEX_POINT('',#1901);
#1901 = CARTESIAN_POINT('',(148.,-3.624954525476E-14,-80.));
#1902 = SURFACE_CURVE('',#1903,(#1908,#1915),.PCURVE_S1.);
#1903 = CIRCLE('',#1904,148.);
#1904 = AXIS2_PLACEMENT_3D('',#1905,#1906,#1907);
#1905 = CARTESIAN_POINT('',(0.,0.,-80.));
#1906 = DIRECTION('',(0.,0.,1.));
#1907 = DIRECTION('',(1.,0.,-0.));
#1908 = PCURVE('',#61,#1909);
#1909 = DEFINITIONAL_REPRESENTATION('',(#1910),#1914);
#1910 = CIRCLE('',#1911,148.);
#1911 = AXIS2_PLACEMENT_2D('',#1912,#1913);
#1912 = CARTESIAN_POINT('',(0.,0.));
#1913 = DIRECTION('',(1.,0.));
#1914 = ( GEOMETRIC_REPRESENTATION_CONTEXT(2) 
PARAMETRIC_REPRESENTATION_CONTEXT() REPRESENTATION_CONTEXT('2D SPACE',''
  ) );
#1915 = PCURVE('',#1916,#1921);
#1916 = CYLINDRICAL_SURFACE('',#1917,148.);
#1917 = AXIS2_PLACEMENT_3D('',#1918,#1919,#1920);
#1918 = CARTESIAN_POINT('',(0.,0.,-82.));
#1919 = DIRECTION('',(0.,0.,1.));
#1920 = DIRECTION('',(1.,0.,0.));
#1921 = DEFINITIONAL_REPRESENTATION('',(#1922),#1926);
#1922 = LINE('',#1923,#1924);
#1923 = CARTESIAN_POINT('',(0.,2.));
#1924 = VECTOR('',#1925,1.);
#1925 = DIRECTION('',(1.,0.));
#1926 = ( GEOMETRIC_REPRESENTATION_CONTEXT(2) 
PARAMETRIC_REPRESENTATION_CONTEXT() REPRESENTATION_CONTEXT('2D SPACE',''
  ) );
#1927 = ADVANCED_FACE('',(#1928),#190,.F.);
#1928 = FACE_BOUND('',#1929,.F.);
#1929 = EDGE_LOOP('',(#1930,#1931,#1954,#2094,#2232,#2233));
#1930 = ORIENTED_EDGE('',*,*,#292,.F.);
#1931 = ORIENTED_EDGE('',*,*,#1932,.F.);
#1932 = EDGE_CURVE('',#1933,#74,#1935,.T.);
#1933 = VERTEX_POINT('',#1934);
#1934 = CARTESIAN_POINT('',(148.,-1.873709602695E-14,-45.));
#1935 = SEAM_CURVE('',#1936,(#1940,#1947),.PCURVE_S1.);
#1936 = LINE('',#1937,#1938);
#1937 = CARTESIAN_POINT('',(146.,-1.224646799147E-15,-45.));
#1938 = VECTOR('',#1939,1.);
#1939 = DIRECTION('',(1.,0.,2.22044604925E-16));
#1940 = PCURVE('',#190,#1941);
#1941 = DEFINITIONAL_REPRESENTATION('',(#1942),#1946);
#1942 = LINE('',#1943,#1944);
#1943 = CARTESIAN_POINT('',(6.28318530718,-0.));
#1944 = VECTOR('',#1945,1.);
#1945 = DIRECTION('',(0.,1.));
#1946 = ( GEOMETRIC_REPRESENTATION_CONTEXT(2) 
PARAMETRIC_REPRESENTATION_CONTEXT() REPRESENTATION_CONTEXT('2D SPACE',''
  ) );
#1947 = PCURVE('',#190,#1948);
#1948 = DEFINITIONAL_REPRESENTATION('',(#1949),#1953);
#1949 = LINE('',#1950,#1951);
#1950 = CARTESIAN_POINT('',(0.,-0.));
#1951 = VECTOR('',#1952,1.);
#1952 = DIRECTION('',(0.,1.));
#1953 = ( GEOMETRIC_REPRESENTATION_CONTEXT(2) 
PARAMETRIC_REPRESENTATION_CONTEXT() REPRESENTATION_CONTEXT('2D SPACE',''
  ) );
#1954 = ORIENTED_EDGE('',*,*,#1955,.T.);
#1955 = EDGE_CURVE('',#1933,#1956,#1958,.T.);
#1956 = VERTEX_POINT('',#1957);
#1957 = CARTESIAN_POINT('',(148.,-3.624954525476E-14,-35.));
#1958 = SURFACE_CURVE('',#1959,(#2002,#2048),.PCURVE_S1.);
#1959 = B_SPLINE_CURVE_WITH_KNOTS('',6,(#1960,#1961,#1962,#1963,#1964,
    #1965,#1966,#1967,#1968,#1969,#1970,#1971,#1972,#1973,#1974,#1975,
    #1976,#1977,#1978,#1979,#1980,#1981,#1982,#1983,#1984,#1985,#1986,
    #1987,#1988,#1989,#1990,#1991,#1992,#1993,#1994,#1995,#1996,#1997,
    #1998,#1999,#2000,#2001),.UNSPECIFIED.,.F.,.F.,(7,5,5,5,5,5,5,5,7),(
    0.,9.671217291611E-02,0.24378253356,0.3624539782,0.500161539183,
    0.63786908963,0.756540542008,0.84028632382,1.),.UNSPECIFIED.);
#1960 = CARTESIAN_POINT('',(148.,-2.832769448824E-15,-45.));
#1961 = CARTESIAN_POINT('',(148.,0.307438791731,-45.));
#1962 = CARTESIAN_POINT('',(147.99923401715,0.614205445469,
    -44.97731540083));
#1963 = CARTESIAN_POINT('',(147.99770645877,0.916832450378,
    -44.93213305289));
#1964 = CARTESIAN_POINT('',(147.99548499262,1.211921639832,
    -44.86556921255));
#1965 = CARTESIAN_POINT('',(147.99268380881,1.496333123413,
    -44.77963804953));
#1966 = CARTESIAN_POINT('',(147.98452448146,2.179546859217,
    -44.52147309195));
#1967 = CARTESIAN_POINT('',(147.97859582878,2.560609186006,
    -44.32767291938));
#1968 = CARTESIAN_POINT('',(147.9720745006,2.908588723034,
    -44.10319082126));
#1969 = CARTESIAN_POINT('',(147.96535342364,3.222724558427,
    -43.85446417007));
#1970 = CARTESIAN_POINT('',(147.95874190948,3.503134187062,
    -43.58720354537));
#1971 = CARTESIAN_POINT('',(147.94740890857,3.95020010657,
    -43.08010679924));
#1972 = CARTESIAN_POINT('',(147.94255415858,4.128950140521,
    -42.84427923576));
#1973 = CARTESIAN_POINT('',(147.93801429614,4.28752426998,
    -42.60104783675));
#1974 = CARTESIAN_POINT('',(147.93386824275,4.426634799523,
    -42.35194099573));
#1975 = CARTESIAN_POINT('',(147.93017243304,4.546920973207,
    -42.0981480053));
#1976 = CARTESIAN_POINT('',(147.92324976565,4.767199548567,
    -41.54178783258));
#1977 = CARTESIAN_POINT('',(147.92019334845,4.860841531208,
    -41.2379278789));
#1978 = CARTESIAN_POINT('',(147.91786380329,4.930550072164,
    -40.93063392732));
#1979 = CARTESIAN_POINT('',(147.91629923113,4.976846222475,
    -40.6211652626));
#1980 = CARTESIAN_POINT('',(147.91551642745,5.,-40.31060239067));
#1981 = CARTESIAN_POINT('',(147.91551642745,5.,-39.68939763308));
#1982 = CARTESIAN_POINT('',(147.91629923133,4.976846216154,
    -39.37883469967));
#1983 = CARTESIAN_POINT('',(147.91786380315,4.930550076393,
    -39.06936607232));
#1984 = CARTESIAN_POINT('',(147.92019334819,4.860841539524,
    -38.76207215865));
#1985 = CARTESIAN_POINT('',(147.92324976593,4.767199539461,
    -38.45821214441));
#1986 = CARTESIAN_POINT('',(147.93017243325,4.546920966605,
    -37.90185197801));
#1987 = CARTESIAN_POINT('',(147.93386824233,4.42663481466,
    -37.64805902986));
#1988 = CARTESIAN_POINT('',(147.9380142962,4.287524266953,
    -37.39895216407));
#1989 = CARTESIAN_POINT('',(147.94255415903,4.128950123952,
    -37.15572073902));
#1990 = CARTESIAN_POINT('',(147.94740890824,3.950200119682,
    -36.91989321562));
#1991 = CARTESIAN_POINT('',(147.95604132758,3.609667146808,
    -36.53363437782));
#1992 = CARTESIAN_POINT('',(147.95971659338,3.458328773991,
    -36.37844654848));
#1993 = CARTESIAN_POINT('',(147.96345593273,3.296344448694,
    -36.22865411192));
#1994 = CARTESIAN_POINT('',(147.96721156005,3.123546926212,
    -36.08512988622));
#1995 = CARTESIAN_POINT('',(147.97092750987,2.939818847744,
    -35.94886031362));
#1996 = CARTESIAN_POINT('',(147.98142809923,2.373787774113,
    -35.57704739418));
#1997 = CARTESIAN_POINT('',(147.98803421639,1.957363474152,
    -35.36018393331));
#1998 = CARTESIAN_POINT('',(147.99374691423,1.50152355459,
    -35.18503681833));
#1999 = CARTESIAN_POINT('',(147.99788532255,1.015437747862,
    -35.06260876187));
#2000 = CARTESIAN_POINT('',(148.,0.510755039401,-35.));
#2001 = CARTESIAN_POINT('',(148.,5.359377197861E-15,-35.));
#2002 = PCURVE('',#190,#2003);
#2003 = DEFINITIONAL_REPRESENTATION('',(#2004),#2047);
#2004 = B_SPLINE_CURVE_WITH_KNOTS('',6,(#2005,#2006,#2007,#2008,#2009,
    #2010,#2011,#2012,#2013,#2014,#2015,#2016,#2017,#2018,#2019,#2020,
    #2021,#2022,#2023,#2024,#2025,#2026,#2027,#2028,#2029,#2030,#2031,
    #2032,#2033,#2034,#2035,#2036,#2037,#2038,#2039,#2040,#2041,#2042,
    #2043,#2044,#2045,#2046),.UNSPECIFIED.,.F.,.F.,(7,5,5,5,5,5,5,5,7),(
    0.,9.671217291611E-02,0.24378253356,0.3624539782,0.500161539183,
    0.63786908963,0.756540542008,0.84028632382,1.),.UNSPECIFIED.);
#2005 = CARTESIAN_POINT('',(-8.881784197001E-16,2.));
#2006 = CARTESIAN_POINT('',(6.148775834621E-02,2.));
#2007 = CARTESIAN_POINT('',(0.122841040623,1.99923401715));
#2008 = CARTESIAN_POINT('',(0.183785038427,1.997706458771));
#2009 = CARTESIAN_POINT('',(0.24404882505,1.995484992621));
#2010 = CARTESIAN_POINT('',(0.303333970273,1.992683808818));
#2011 = CARTESIAN_POINT('',(0.44940657607,1.98452448146));
#2012 = CARTESIAN_POINT('',(0.534399940591,1.978595828781));
#2013 = CARTESIAN_POINT('',(0.616603645074,1.972074500601));
#2014 = CARTESIAN_POINT('',(0.696219763747,1.965353423649));
#2015 = CARTESIAN_POINT('',(0.773402639534,1.958741909483));
#2016 = CARTESIAN_POINT('',(0.908608415493,1.947408908574));
#2017 = CARTESIAN_POINT('',(0.967629986145,1.942554158583));
#2018 = CARTESIAN_POINT('',(1.025488808615,1.938014296147));
#2019 = CARTESIAN_POINT('',(1.082360158837,1.933868242754));
#2020 = CARTESIAN_POINT('',(1.138410122386,1.930172433043));
#2021 = CARTESIAN_POINT('',(1.258086234046,1.92324976565));
#2022 = CARTESIAN_POINT('',(1.321485177944,1.920193348459));
#2023 = CARTESIAN_POINT('',(1.384237886278,1.917863803291));
#2024 = CARTESIAN_POINT('',(1.446563401164,1.916299231137));
#2025 = CARTESIAN_POINT('',(1.508675848659,1.915516427453));
#2026 = CARTESIAN_POINT('',(1.632916800177,1.915516427453));
#2027 = CARTESIAN_POINT('',(1.695029260189,1.916299231338));
#2028 = CARTESIAN_POINT('',(1.757354767221,1.917863803158));
#2029 = CARTESIAN_POINT('',(1.820107467839,1.920193348196));
#2030 = CARTESIAN_POINT('',(1.883506424492,1.923249765936));
#2031 = CARTESIAN_POINT('',(2.003182534791,1.93017243325));
#2032 = CARTESIAN_POINT('',(2.05923248873,1.93386824233));
#2033 = CARTESIAN_POINT('',(2.116103845152,1.938014296205));
#2034 = CARTESIAN_POINT('',(2.173962673553,1.942554159034));
#2035 = CARTESIAN_POINT('',(2.232984234131,1.947408908241));
#2036 = CARTESIAN_POINT('',(2.335971339227,1.956041327585));
#2037 = CARTESIAN_POINT('',(2.379269268614,1.959716593382));
#2038 = CARTESIAN_POINT('',(2.423305306727,1.963455932734));
#2039 = CARTESIAN_POINT('',(2.468131842545,1.967211560052));
#2040 = CARTESIAN_POINT('',(2.513807191213,1.970927509872));
#2041 = CARTESIAN_POINT('',(2.649252534194,1.981428099234));
#2042 = CARTESIAN_POINT('',(2.742675215047,1.988034216395));
#2043 = CARTESIAN_POINT('',(2.839368701492,1.993746914236));
#2044 = CARTESIAN_POINT('',(2.938505221496,1.997885322554));
#2045 = CARTESIAN_POINT('',(3.03944164571,2.));
#2046 = CARTESIAN_POINT('',(3.14159265359,2.));
#2047 = ( GEOMETRIC_REPRESENTATION_CONTEXT(2) 
PARAMETRIC_REPRESENTATION_CONTEXT() REPRESENTATION_CONTEXT('2D SPACE',''
  ) );
#2048 = PCURVE('',#1916,#2049);
#2049 = DEFINITIONAL_REPRESENTATION('',(#2050),#2093);
#2050 = B_SPLINE_CURVE_WITH_KNOTS('',6,(#2051,#2052,#2053,#2054,#2055,
    #2056,#2057,#2058,#2059,#2060,#2061,#2062,#2063,#2064,#2065,#2066,
    #2067,#2068,#2069,#2070,#2071,#2072,#2073,#2074,#2075,#2076,#2077,
    #2078,#2079,#2080,#2081,#2082,#2083,#2084,#2085,#2086,#2087,#2088,
    #2089,#2090,#2091,#2092),.UNSPECIFIED.,.F.,.F.,(7,5,5,5,5,5,5,5,7),(
    0.,9.671217291611E-02,0.24378253356,0.3624539782,0.500161539183,
    0.63786908963,0.756540542008,0.84028632382,1.),.UNSPECIFIED.);
#2051 = CARTESIAN_POINT('',(0.,37.));
#2052 = CARTESIAN_POINT('',(2.077289133318E-03,37.));
#2053 = CARTESIAN_POINT('',(4.150036702291E-03,37.022684599161));
#2054 = CARTESIAN_POINT('',(6.194830134767E-03,37.067866947104));
#2055 = CARTESIAN_POINT('',(8.188723904284E-03,37.134430787443));
#2056 = CARTESIAN_POINT('',(1.011051219014E-02,37.22036195047));
#2057 = CARTESIAN_POINT('',(1.472715040455E-02,37.478526908043));
#2058 = CARTESIAN_POINT('',(1.73021905956E-02,37.672327080619));
#2059 = CARTESIAN_POINT('',(1.965380128749E-02,37.896809178732));
#2060 = CARTESIAN_POINT('',(2.177681847372E-02,38.145535829929));
#2061 = CARTESIAN_POINT('',(2.367200169207E-02,38.41279645463));
#2062 = CARTESIAN_POINT('',(2.66936877779E-02,38.919893200752));
#2063 = CARTESIAN_POINT('',(2.790190170536E-02,39.15572076424));
#2064 = CARTESIAN_POINT('',(2.897378608837E-02,39.398952163247));
#2065 = CARTESIAN_POINT('',(2.991413892136E-02,39.64805900427));
#2066 = CARTESIAN_POINT('',(3.072726664066E-02,39.901851994693));
#2067 = CARTESIAN_POINT('',(3.22163702043E-02,40.458212167415));
#2068 = CARTESIAN_POINT('',(3.284942281565E-02,40.762072121096));
#2069 = CARTESIAN_POINT('',(3.332068927168E-02,41.069366072675));
#2070 = CARTESIAN_POINT('',(3.363367978448E-02,41.378834737394));
#2071 = CARTESIAN_POINT('',(3.379021357345E-02,41.689397609321));
#2072 = CARTESIAN_POINT('',(3.379021357345E-02,42.310602366912));
#2073 = CARTESIAN_POINT('',(3.363367974175E-02,42.621165300325));
#2074 = CARTESIAN_POINT('',(3.332068930027E-02,42.930633927675));
#2075 = CARTESIAN_POINT('',(3.284942287186E-02,43.237927841345));
#2076 = CARTESIAN_POINT('',(3.221637014273E-02,43.541787855586));
#2077 = CARTESIAN_POINT('',(3.072726659603E-02,44.098148021983));
#2078 = CARTESIAN_POINT('',(2.991413902368E-02,44.351940970134));
#2079 = CARTESIAN_POINT('',(2.897378606791E-02,44.601047835925));
#2080 = CARTESIAN_POINT('',(2.790190159337E-02,44.844279260973));
#2081 = CARTESIAN_POINT('',(2.669368786653E-02,45.080106784375));
#2082 = CARTESIAN_POINT('',(2.439205023101E-02,45.46636562218));
#2083 = CARTESIAN_POINT('',(2.336919275032E-02,45.621553451512));
#2084 = CARTESIAN_POINT('',(2.227441372083E-02,45.771345888071));
#2085 = CARTESIAN_POINT('',(2.110658898359E-02,45.914870113776));
#2086 = CARTESIAN_POINT('',(1.986493090289E-02,46.05113968638));
#2087 = CARTESIAN_POINT('',(1.603973857295E-02,46.42295260582));
#2088 = CARTESIAN_POINT('',(1.322571694274E-02,46.639816066684));
#2089 = CARTESIAN_POINT('',(1.014550315698E-02,46.814963181667));
#2090 = CARTESIAN_POINT('',(6.86106590972E-03,46.937391238122));
#2091 = CARTESIAN_POINT('',(3.45104756352E-03,47.));
#2092 = CARTESIAN_POINT('',(0.,47.));
#2093 = ( GEOMETRIC_REPRESENTATION_CONTEXT(2) 
PARAMETRIC_REPRESENTATION_CONTEXT() REPRESENTATION_CONTEXT('2D SPACE',''
  ) );
#2094 = ORIENTED_EDGE('',*,*,#2095,.T.);
#2095 = EDGE_CURVE('',#1956,#1933,#2096,.T.);
#2096 = SURFACE_CURVE('',#2097,(#2140,#2186),.PCURVE_S1.);
#2097 = B_SPLINE_CURVE_WITH_KNOTS('',6,(#2098,#2099,#2100,#2101,#2102,
    #2103,#2104,#2105,#2106,#2107,#2108,#2109,#2110,#2111,#2112,#2113,
    #2114,#2115,#2116,#2117,#2118,#2119,#2120,#2121,#2122,#2123,#2124,
    #2125,#2126,#2127,#2128,#2129,#2130,#2131,#2132,#2133,#2134,#2135,
    #2136,#2137,#2138,#2139),.UNSPECIFIED.,.F.,.F.,(7,5,5,5,5,5,5,5,7),(
    0.,9.67121723949E-02,0.243782532127,0.3624539838,0.50016153343,
    0.637869093596,0.756540545217,0.84028632491,1.),.UNSPECIFIED.);
#2098 = CARTESIAN_POINT('',(148.,-1.24344978758E-14,-35.));
#2099 = CARTESIAN_POINT('',(148.,-0.307438791735,-35.));
#2100 = CARTESIAN_POINT('',(147.99923401715,-0.614205445344,
    -35.02268459912));
#2101 = CARTESIAN_POINT('',(147.99770645877,-0.916832450463,
    -35.06786694713));
#2102 = CARTESIAN_POINT('',(147.99548499261,-1.211921640004,
    -35.13443078749));
#2103 = CARTESIAN_POINT('',(147.99268380882,-1.49633312324,
    -35.2203619504));
#2104 = CARTESIAN_POINT('',(147.98452448146,-2.179546859145,
    -35.47852690801));
#2105 = CARTESIAN_POINT('',(147.97859582878,-2.560609186028,
    -35.67232708061));
#2106 = CARTESIAN_POINT('',(147.9720745006,-2.908588723096,
    -35.89680917877));
#2107 = CARTESIAN_POINT('',(147.96535342364,-3.222724558437,
    -36.14553582996));
#2108 = CARTESIAN_POINT('',(147.95874190948,-3.50313418701,
    -36.41279645457));
#2109 = CARTESIAN_POINT('',(147.94740890824,-3.950200119683,
    -36.91989321562));
#2110 = CARTESIAN_POINT('',(147.94255415903,-4.128950123952,
    -37.15572073902));
#2111 = CARTESIAN_POINT('',(147.9380142962,-4.287524266952,
    -37.39895216407));
#2112 = CARTESIAN_POINT('',(147.93386824233,-4.426634814661,
    -37.64805902986));
#2113 = CARTESIAN_POINT('',(147.93017243325,-4.546920966605,
    -37.90185197801));
#2114 = CARTESIAN_POINT('',(147.92324976593,-4.767199539461,
    -38.45821214441));
#2115 = CARTESIAN_POINT('',(147.92019334819,-4.860841539524,
    -38.76207215865));
#2116 = CARTESIAN_POINT('',(147.91786380315,-4.930550076393,
    -39.06936607232));
#2117 = CARTESIAN_POINT('',(147.91629923133,-4.976846216154,
    -39.37883469967));
#2118 = CARTESIAN_POINT('',(147.91551642745,-5.,-39.68939763308));
#2119 = CARTESIAN_POINT('',(147.91551642745,-5.,-40.31060239067));
#2120 = CARTESIAN_POINT('',(147.91629923113,-4.976846222475,
    -40.6211652626));
#2121 = CARTESIAN_POINT('',(147.91786380329,-4.930550072164,
    -40.93063392732));
#2122 = CARTESIAN_POINT('',(147.92019334845,-4.860841531208,
    -41.2379278789));
#2123 = CARTESIAN_POINT('',(147.92324976565,-4.767199548568,
    -41.54178783258));
#2124 = CARTESIAN_POINT('',(147.93017243325,-4.546920966605,
    -42.09814802198));
#2125 = CARTESIAN_POINT('',(147.93386824233,-4.42663481466,
    -42.35194097013));
#2126 = CARTESIAN_POINT('',(147.9380142962,-4.287524266953,
    -42.60104783592));
#2127 = CARTESIAN_POINT('',(147.94255415903,-4.128950123952,
    -42.84427926097));
#2128 = CARTESIAN_POINT('',(147.94740890824,-3.950200119682,
    -43.08010678437));
#2129 = CARTESIAN_POINT('',(147.95604132751,-3.609667149472,
    -43.46636561915));
#2130 = CARTESIAN_POINT('',(147.95971659349,-3.458328768972,
    -43.62155345597));
#2131 = CARTESIAN_POINT('',(147.96345593273,-3.29634444919,
    -43.77134588833));
#2132 = CARTESIAN_POINT('',(147.96721155994,-3.123546931466,
    -43.91487010943));
#2133 = CARTESIAN_POINT('',(147.97092750994,-2.939818844014,
    -44.05113968883));
#2134 = CARTESIAN_POINT('',(147.98142809922,-2.373787774369,
    -44.42295260565));
#2135 = CARTESIAN_POINT('',(147.98803421639,-1.957363474158,
    -44.63981606675));
#2136 = CARTESIAN_POINT('',(147.99374691424,-1.501523554243,
    -44.81496318182));
#2137 = CARTESIAN_POINT('',(147.99788532255,-1.015437747687,
    -44.93739123802));
#2138 = CARTESIAN_POINT('',(148.,-0.510755039813,-45.));
#2139 = CARTESIAN_POINT('',(148.,-2.13162820728E-14,-45.));
#2140 = PCURVE('',#190,#2141);
#2141 = DEFINITIONAL_REPRESENTATION('',(#2142),#2185);
#2142 = B_SPLINE_CURVE_WITH_KNOTS('',6,(#2143,#2144,#2145,#2146,#2147,
    #2148,#2149,#2150,#2151,#2152,#2153,#2154,#2155,#2156,#2157,#2158,
    #2159,#2160,#2161,#2162,#2163,#2164,#2165,#2166,#2167,#2168,#2169,
    #2170,#2171,#2172,#2173,#2174,#2175,#2176,#2177,#2178,#2179,#2180,
    #2181,#2182,#2183,#2184),.UNSPECIFIED.,.F.,.F.,(7,5,5,5,5,5,5,5,7),(
    0.,9.67121723949E-02,0.243782532127,0.3624539838,0.50016153343,
    0.637869093596,0.756540545217,0.84028632491,1.),.UNSPECIFIED.);
#2143 = CARTESIAN_POINT('',(3.14159265359,2.));
#2144 = CARTESIAN_POINT('',(3.203080411937,2.));
#2145 = CARTESIAN_POINT('',(3.264433694186,1.999234017151));
#2146 = CARTESIAN_POINT('',(3.325377692035,1.99770645877));
#2147 = CARTESIAN_POINT('',(3.385641478676,1.995484992619));
#2148 = CARTESIAN_POINT('',(3.444926623826,1.992683808821));
#2149 = CARTESIAN_POINT('',(3.590999229645,1.984524481461));
#2150 = CARTESIAN_POINT('',(3.675992594184,1.978595828781));
#2151 = CARTESIAN_POINT('',(3.758196298678,1.9720745006));
#2152 = CARTESIAN_POINT('',(3.837812417343,1.965353423649));
#2153 = CARTESIAN_POINT('',(3.914995293108,1.958741909485));
#2154 = CARTESIAN_POINT('',(4.050201073048,1.947408908241));
#2155 = CARTESIAN_POINT('',(4.109222633627,1.942554159034));
#2156 = CARTESIAN_POINT('',(4.167081462027,1.938014296205));
#2157 = CARTESIAN_POINT('',(4.22395281845,1.93386824233));
#2158 = CARTESIAN_POINT('',(4.280002772388,1.93017243325));
#2159 = CARTESIAN_POINT('',(4.399678882688,1.923249765936));
#2160 = CARTESIAN_POINT('',(4.463077839341,1.920193348196));
#2161 = CARTESIAN_POINT('',(4.525830539959,1.917863803158));
#2162 = CARTESIAN_POINT('',(4.588156046991,1.916299231338));
#2163 = CARTESIAN_POINT('',(4.650268507002,1.915516427453));
#2164 = CARTESIAN_POINT('',(4.77450945852,1.915516427453));
#2165 = CARTESIAN_POINT('',(4.836621906016,1.916299231137));
#2166 = CARTESIAN_POINT('',(4.898947420902,1.917863803291));
#2167 = CARTESIAN_POINT('',(4.961700129235,1.920193348459));
#2168 = CARTESIAN_POINT('',(5.025099073134,1.92324976565));
#2169 = CARTESIAN_POINT('',(5.144775188381,1.93017243325));
#2170 = CARTESIAN_POINT('',(5.20082514232,1.93386824233));
#2171 = CARTESIAN_POINT('',(5.257696498742,1.938014296205));
#2172 = CARTESIAN_POINT('',(5.315555327143,1.942554159034));
#2173 = CARTESIAN_POINT('',(5.374576887721,1.947408908241));
#2174 = CARTESIAN_POINT('',(5.477563992011,1.956041327517));
#2175 = CARTESIAN_POINT('',(5.520861923557,1.959716593492));
#2176 = CARTESIAN_POINT('',(5.564897960276,1.963455932733));
#2177 = CARTESIAN_POINT('',(5.609724494763,1.967211559941));
#2178 = CARTESIAN_POINT('',(5.655399845695,1.970927509941));
#2179 = CARTESIAN_POINT('',(5.790845187722,1.981428099229));
#2180 = CARTESIAN_POINT('',(5.884267868645,1.988034216396));
#2181 = CARTESIAN_POINT('',(5.980961355151,1.993746914242));
#2182 = CARTESIAN_POINT('',(6.080097875119,1.99788532255));
#2183 = CARTESIAN_POINT('',(6.181034299217,2.));
#2184 = CARTESIAN_POINT('',(6.28318530718,2.));
#2185 = ( GEOMETRIC_REPRESENTATION_CONTEXT(2) 
PARAMETRIC_REPRESENTATION_CONTEXT() REPRESENTATION_CONTEXT('2D SPACE',''
  ) );
#2186 = PCURVE('',#1916,#2187);
#2187 = DEFINITIONAL_REPRESENTATION('',(#2188),#2231);
#2188 = B_SPLINE_CURVE_WITH_KNOTS('',6,(#2189,#2190,#2191,#2192,#2193,
    #2194,#2195,#2196,#2197,#2198,#2199,#2200,#2201,#2202,#2203,#2204,
    #2205,#2206,#2207,#2208,#2209,#2210,#2211,#2212,#2213,#2214,#2215,
    #2216,#2217,#2218,#2219,#2220,#2221,#2222,#2223,#2224,#2225,#2226,
    #2227,#2228,#2229,#2230),.UNSPECIFIED.,.F.,.F.,(7,5,5,5,5,5,5,5,7),(
    0.,9.67121723949E-02,0.243782532127,0.3624539838,0.50016153343,
    0.637869093596,0.756540545217,0.84028632491,1.),.UNSPECIFIED.);
#2189 = CARTESIAN_POINT('',(6.28318530718,47.));
#2190 = CARTESIAN_POINT('',(6.281108018046,47.));
#2191 = CARTESIAN_POINT('',(6.279035270478,46.977315400876));
#2192 = CARTESIAN_POINT('',(6.276990477044,46.932133052864));
#2193 = CARTESIAN_POINT('',(6.274996583274,46.865569212505));
#2194 = CARTESIAN_POINT('',(6.273074794991,46.779638049595));
#2195 = CARTESIAN_POINT('',(6.268458156776,46.521473091984));
#2196 = CARTESIAN_POINT('',(6.265883116584,46.32767291939));
#2197 = CARTESIAN_POINT('',(6.263531505892,46.103190821224));
#2198 = CARTESIAN_POINT('',(6.261408488706,45.85446417004));
#2199 = CARTESIAN_POINT('',(6.259513305488,45.587203545428));
#2200 = CARTESIAN_POINT('',(6.256491619313,45.080106784374));
#2201 = CARTESIAN_POINT('',(6.255283405586,44.844279260974));
#2202 = CARTESIAN_POINT('',(6.254211521112,44.601047835926));
#2203 = CARTESIAN_POINT('',(6.253271168156,44.351940970133));
#2204 = CARTESIAN_POINT('',(6.252458040584,44.098148021982));
#2205 = CARTESIAN_POINT('',(6.250968937037,43.541787855586));
#2206 = CARTESIAN_POINT('',(6.250335884308,43.237927841345));
#2207 = CARTESIAN_POINT('',(6.249864617879,42.930633927675));
#2208 = CARTESIAN_POINT('',(6.249551627438,42.621165300326));
#2209 = CARTESIAN_POINT('',(6.249395093606,42.310602366912));
#2210 = CARTESIAN_POINT('',(6.249395093606,41.689397609321));
#2211 = CARTESIAN_POINT('',(6.249551627395,41.378834737394));
#2212 = CARTESIAN_POINT('',(6.249864617908,41.069366072675));
#2213 = CARTESIAN_POINT('',(6.250335884364,40.762072121096));
#2214 = CARTESIAN_POINT('',(6.250968936975,40.458212167416));
#2215 = CARTESIAN_POINT('',(6.252458040584,39.901851978018));
#2216 = CARTESIAN_POINT('',(6.253271168156,39.648059029866));
#2217 = CARTESIAN_POINT('',(6.254211521112,39.398952164075));
#2218 = CARTESIAN_POINT('',(6.255283405586,39.155720739026));
#2219 = CARTESIAN_POINT('',(6.256491619313,38.919893215625));
#2220 = CARTESIAN_POINT('',(6.258793256931,38.533634380841));
#2221 = CARTESIAN_POINT('',(6.259816114463,38.378446544026));
#2222 = CARTESIAN_POINT('',(6.260910893455,38.228654111665));
#2223 = CARTESIAN_POINT('',(6.26207871816,38.085129890562));
#2224 = CARTESIAN_POINT('',(6.263320376302,37.94886031117));
#2225 = CARTESIAN_POINT('',(6.267145568605,37.577047394348));
#2226 = CARTESIAN_POINT('',(6.269959590237,37.360183933241));
#2227 = CARTESIAN_POINT('',(6.273039804025,37.185036818179));
#2228 = CARTESIAN_POINT('',(6.276324241271,37.062608761979));
#2229 = CARTESIAN_POINT('',(6.279734259613,37.));
#2230 = CARTESIAN_POINT('',(6.28318530718,37.));
#2231 = ( GEOMETRIC_REPRESENTATION_CONTEXT(2) 
PARAMETRIC_REPRESENTATION_CONTEXT() REPRESENTATION_CONTEXT('2D SPACE',''
  ) );
#2232 = ORIENTED_EDGE('',*,*,#1932,.T.);
#2233 = ORIENTED_EDGE('',*,*,#96,.F.);
#2234 = ADVANCED_FACE('',(#2235,#2238),#279,.T.);
#2235 = FACE_BOUND('',#2236,.T.);
#2236 = EDGE_LOOP('',(#2237));
#2237 = ORIENTED_EDGE('',*,*,#264,.T.);
#2238 = FACE_BOUND('',#2239,.T.);
#2239 = EDGE_LOOP('',(#2240));
#2240 = ORIENTED_EDGE('',*,*,#2241,.F.);
#2241 = EDGE_CURVE('',#2242,#2242,#2244,.T.);
#2242 = VERTEX_POINT('',#2243);
#2243 = CARTESIAN_POINT('',(148.,-3.624954525476E-14,0.));
#2244 = SURFACE_CURVE('',#2245,(#2250,#2257),.PCURVE_S1.);
#2245 = CIRCLE('',#2246,148.);
#2246 = AXIS2_PLACEMENT_3D('',#2247,#2248,#2249);
#2247 = CARTESIAN_POINT('',(0.,0.,0.));
#2248 = DIRECTION('',(0.,0.,1.));
#2249 = DIRECTION('',(1.,0.,-0.));
#2250 = PCURVE('',#279,#2251);
#2251 = DEFINITIONAL_REPRESENTATION('',(#2252),#2256);
#2252 = CIRCLE('',#2253,148.);
#2253 = AXIS2_PLACEMENT_2D('',#2254,#2255);
#2254 = CARTESIAN_POINT('',(0.,0.));
#2255 = DIRECTION('',(1.,0.));
#2256 = ( GEOMETRIC_REPRESENTATION_CONTEXT(2) 
PARAMETRIC_REPRESENTATION_CONTEXT() REPRESENTATION_CONTEXT('2D SPACE',''
  ) );
#2257 = PCURVE('',#1916,#2258);
#2258 = DEFINITIONAL_REPRESENTATION('',(#2259),#2263);
#2259 = LINE('',#2260,#2261);
#2260 = CARTESIAN_POINT('',(0.,82.));
#2261 = VECTOR('',#2262,1.);
#2262 = DIRECTION('',(1.,0.));
#2263 = ( GEOMETRIC_REPRESENTATION_CONTEXT(2) 
PARAMETRIC_REPRESENTATION_CONTEXT() REPRESENTATION_CONTEXT('2D SPACE',''
  ) );
#2264 = ADVANCED_FACE('',(#2265,#2913),#601,.F.);
#2265 = FACE_BOUND('',#2266,.F.);
#2266 = EDGE_LOOP('',(#2267,#2292,#2541,#2542,#2717,#2738,#2739,#2740));
#2267 = ORIENTED_EDGE('',*,*,#2268,.T.);
#2268 = EDGE_CURVE('',#2269,#2271,#2273,.T.);
#2269 = VERTEX_POINT('',#2270);
#2270 = CARTESIAN_POINT('',(8.,149.,-40.));
#2271 = VERTEX_POINT('',#2272);
#2272 = CARTESIAN_POINT('',(8.,147.78362561528,-40.));
#2273 = SEAM_CURVE('',#2274,(#2278,#2285),.PCURVE_S1.);
#2274 = LINE('',#2275,#2276);
#2275 = CARTESIAN_POINT('',(8.,163.,-40.));
#2276 = VECTOR('',#2277,1.);
#2277 = DIRECTION('',(0.,-1.,2.22044604925E-16));
#2278 = PCURVE('',#601,#2279);
#2279 = DEFINITIONAL_REPRESENTATION('',(#2280),#2284);
#2280 = LINE('',#2281,#2282);
#2281 = CARTESIAN_POINT('',(6.28318530718,-0.));
#2282 = VECTOR('',#2283,1.);
#2283 = DIRECTION('',(0.,1.));
#2284 = ( GEOMETRIC_REPRESENTATION_CONTEXT(2) 
PARAMETRIC_REPRESENTATION_CONTEXT() REPRESENTATION_CONTEXT('2D SPACE',''
  ) );
#2285 = PCURVE('',#601,#2286);
#2286 = DEFINITIONAL_REPRESENTATION('',(#2287),#2291);
#2287 = LINE('',#2288,#2289);
#2288 = CARTESIAN_POINT('',(0.,-0.));
#2289 = VECTOR('',#2290,1.);
#2290 = DIRECTION('',(0.,1.));
#2291 = ( GEOMETRIC_REPRESENTATION_CONTEXT(2) 
PARAMETRIC_REPRESENTATION_CONTEXT() REPRESENTATION_CONTEXT('2D SPACE',''
  ) );
#2292 = ORIENTED_EDGE('',*,*,#2293,.F.);
#2293 = EDGE_CURVE('',#2271,#2271,#2294,.T.);
#2294 = SURFACE_CURVE('',#2295,(#2375,#2458),.PCURVE_S1.);
#2295 = B_SPLINE_CURVE_WITH_KNOTS('',8,(#2296,#2297,#2298,#2299,#2300,
    #2301,#2302,#2303,#2304,#2305,#2306,#2307,#2308,#2309,#2310,#2311,
    #2312,#2313,#2314,#2315,#2316,#2317,#2318,#2319,#2320,#2321,#2322,
    #2323,#2324,#2325,#2326,#2327,#2328,#2329,#2330,#2331,#2332,#2333,
    #2334,#2335,#2336,#2337,#2338,#2339,#2340,#2341,#2342,#2343,#2344,
    #2345,#2346,#2347,#2348,#2349,#2350,#2351,#2352,#2353,#2354,#2355,
    #2356,#2357,#2358,#2359,#2360,#2361,#2362,#2363,#2364,#2365,#2366,
    #2367,#2368,#2369,#2370,#2371,#2372,#2373,#2374),.UNSPECIFIED.,.T.,
  .F.,(9,7,7,7,7,7,7,7,7,7,7,9),(0.,0.129916234453,0.200177156552,
    0.250518831258,0.32689566674,0.429990478649,0.499434651172,
    0.596390352076,0.67200904642,0.751284971556,0.827611505396,1.),
  .UNSPECIFIED.);
#2296 = CARTESIAN_POINT('',(8.,147.78362561528,-40.));
#2297 = CARTESIAN_POINT('',(8.,147.78362561528,-39.29469397478));
#2298 = CARTESIAN_POINT('',(7.928934560741,147.78747255247,
    -38.59027451579));
#2299 = CARTESIAN_POINT('',(7.787117882379,147.79514977568,
    -37.89019760542));
#2300 = CARTESIAN_POINT('',(7.573271584265,147.80653371518,
    -37.19817503656));
#2301 = CARTESIAN_POINT('',(7.284840766309,147.82138386671,
    -36.51893106082));
#2302 = CARTESIAN_POINT('',(6.918237695069,147.83927877423,
    -35.85876738381));
#2303 = CARTESIAN_POINT('',(6.469170822481,147.85951960535,
    -35.22629884993));
#2304 = CARTESIAN_POINT('',(5.643363765573,147.89265227001,
    -34.31324654702));
#2305 = CARTESIAN_POINT('',(5.327364355858,147.90468039805,
    -34.00362784963));
#2306 = CARTESIAN_POINT('',(4.98482034422,147.91691784217,
    -33.70748187191));
#2307 = CARTESIAN_POINT('',(4.615529159459,147.92913734112,-33.427612941
    ));
#2308 = CARTESIAN_POINT('',(4.219503740054,147.9410733339,
    -33.16702575088));
#2309 = CARTESIAN_POINT('',(3.797008846387,147.95242603964,
    -32.9289478966));
#2310 = CARTESIAN_POINT('',(3.348613876114,147.96287011116,
    -32.7168630978));
#2311 = CARTESIAN_POINT('',(2.53610755365,147.97865801448,
    -32.40393215569));
#2312 = CARTESIAN_POINT('',(2.184036759702,147.9846103742,
    -32.28855535699));
#2313 = CARTESIAN_POINT('',(1.820827227679,147.98977226288,
    -32.19039015087));
#2314 = CARTESIAN_POINT('',(1.448445783803,147.99400666027,
    -32.11103527867));
#2315 = CARTESIAN_POINT('',(1.069008171234,147.99720257715,
    -32.05171643798));
#2316 = CARTESIAN_POINT('',(0.684737827329,147.99928240383,
    -32.01327965966));
#2317 = CARTESIAN_POINT('',(0.297923920639,148.00020623443,
    -31.99618441152));
#2318 = CARTESIAN_POINT('',(-0.676334497601,147.99961956387,
    -32.00703848853));
#2319 = CARTESIAN_POINT('',(-1.257829624039,147.99660721339,
    -32.06278578403));
#2320 = CARTESIAN_POINT('',(-1.827297856378,147.99102831937,
    -32.16615082415));
#2321 = CARTESIAN_POINT('',(-2.378709548625,147.98313976532,
    -32.31429203768));
#2322 = CARTESIAN_POINT('',(-2.90653700622,147.97333343289,
    -32.50317086525));
#2323 = CARTESIAN_POINT('',(-3.405949185432,147.96209426558,
    -32.727600647));
#2324 = CARTESIAN_POINT('',(-3.872978370042,147.94994607751,
    -32.9812873062));
#2325 = CARTESIAN_POINT('',(-4.887348786994,147.92043008624,
    -33.62883722383));
#2326 = CARTESIAN_POINT('',(-5.411890825093,147.90254182572,
    -34.04468669875));
#2327 = CARTESIAN_POINT('',(-5.879437145915,147.88460282579,
    -34.49473560813));
#2328 = CARTESIAN_POINT('',(-6.291865408203,147.86731680614,
    -34.97136995327));
#2329 = CARTESIAN_POINT('',(-6.651365731155,147.85120843574,
    -35.46859424592));
#2330 = CARTESIAN_POINT('',(-6.96013082767,147.83665609146,
    -35.98169799844));
#2331 = CARTESIAN_POINT('',(-7.2201303736,147.82393285398,
    -36.50701379764));
#2332 = CARTESIAN_POINT('',(-7.576305494395,147.8060221967,
    -37.40194561543));
#2333 = CARTESIAN_POINT('',(-7.698280196786,147.79972945864,
    -37.76648305309));
#2334 = CARTESIAN_POINT('',(-7.799315283178,147.79441310591,
    -38.13444052301));
#2335 = CARTESIAN_POINT('',(-7.879772474413,147.79011846172,
    -38.50501425822));
#2336 = CARTESIAN_POINT('',(-7.93992938305,147.78687738809,
    -38.87749121105));
#2337 = CARTESIAN_POINT('',(-7.979974136472,147.78470987261,
    -39.25122182991));
#2338 = CARTESIAN_POINT('',(-8.,147.78362561528,-39.62559283598));
#2339 = CARTESIAN_POINT('',(-8.,147.78362561528,-40.52273513661));
#2340 = CARTESIAN_POINT('',(-7.960964236858,147.78573879173,
    -41.04526944104));
#2341 = CARTESIAN_POINT('',(-7.882943757216,147.78996217064,
    -41.56605087041));
#2342 = CARTESIAN_POINT('',(-7.765577218926,147.79625776038,
    -42.08345752847));
#2343 = CARTESIAN_POINT('',(-7.608127781675,147.80454980434,
    -42.59567390368));
#2344 = CARTESIAN_POINT('',(-7.409525595119,147.81471587401,
    -43.10054604131));
#2345 = CARTESIAN_POINT('',(-7.168415884551,147.82657180264,
    -43.59541564973));
#2346 = CARTESIAN_POINT('',(-6.660773961345,147.85020688674,
    -44.45248324902));
#2347 = CARTESIAN_POINT('',(-6.411352096684,147.86143639439,
    -44.82018392278));
#2348 = CARTESIAN_POINT('',(-6.13415949515,147.8734125541,-45.1783669389
    ));
#2349 = CARTESIAN_POINT('',(-5.828377633294,147.88597643692,
    -45.52504449509));
#2350 = CARTESIAN_POINT('',(-5.493197486751,147.89892804797,
    -45.85787089739));
#2351 = CARTESIAN_POINT('',(-5.127877479769,147.91202032065,
    -46.17408727861));
#2352 = CARTESIAN_POINT('',(-4.731818906678,147.9249556703,
    -46.47044934791));
#2353 = CARTESIAN_POINT('',(-3.856839527109,147.95041568303,
    -47.02901534679));
#2354 = CARTESIAN_POINT('',(-3.370574817736,147.96301436312,
    -47.29159547984));
#2355 = CARTESIAN_POINT('',(-2.849306069027,147.97461576455,
    -47.52241736373));
#2356 = CARTESIAN_POINT('',(-2.297665504239,147.98463050423,
    -47.71434892354));
#2357 = CARTESIAN_POINT('',(-1.721304973477,147.99251218678,
    -47.86162525154));
#2358 = CARTESIAN_POINT('',(-1.126677814671,147.99783280251,
    -47.95989845797));
#2359 = CARTESIAN_POINT('',(-0.520782734991,148.00034043364,
    -48.00629842741));
#2360 = CARTESIAN_POINT('',(0.676334492837,147.99961956387,
    -47.99296151152));
#2361 = CARTESIAN_POINT('',(1.257829631769,147.99660721332,
    -47.93721421442));
#2362 = CARTESIAN_POINT('',(1.827297856909,147.99102831942,
    -47.83384917684));
#2363 = CARTESIAN_POINT('',(2.378709541636,147.98313976541,
    -47.68570796426));
#2364 = CARTESIAN_POINT('',(2.906537005528,147.97333343285,
    -47.4968291338));
#2365 = CARTESIAN_POINT('',(3.405949192509,147.96209426546,
    -47.27239935042));
#2366 = CARTESIAN_POINT('',(3.872978366607,147.94994607761,
    -47.01871269599));
#2367 = CARTESIAN_POINT('',(5.279637521201,147.90901533019,
    -46.12073499033));
#2368 = CARTESIAN_POINT('',(6.091601159841,147.87803880737,
    -45.37563310472));
#2369 = CARTESIAN_POINT('',(6.746582273358,147.84857862954,
    -44.55294602618));
#2370 = CARTESIAN_POINT('',(7.25565044606,147.82333933504,
    -43.68116674503));
#2371 = CARTESIAN_POINT('',(7.629308169038,147.80369057087,
    -42.77962624378));
#2372 = CARTESIAN_POINT('',(7.875944793856,147.79034148813,
    -41.86056888799));
#2373 = CARTESIAN_POINT('',(8.,147.78362561528,-40.93187647794));
#2374 = CARTESIAN_POINT('',(8.,147.78362561528,-40.));
#2375 = PCURVE('',#601,#2376);
#2376 = DEFINITIONAL_REPRESENTATION('',(#2377),#2457);
#2377 = B_SPLINE_CURVE_WITH_KNOTS('',8,(#2378,#2379,#2380,#2381,#2382,
    #2383,#2384,#2385,#2386,#2387,#2388,#2389,#2390,#2391,#2392,#2393,
    #2394,#2395,#2396,#2397,#2398,#2399,#2400,#2401,#2402,#2403,#2404,
    #2405,#2406,#2407,#2408,#2409,#2410,#2411,#2412,#2413,#2414,#2415,
    #2416,#2417,#2418,#2419,#2420,#2421,#2422,#2423,#2424,#2425,#2426,
    #2427,#2428,#2429,#2430,#2431,#2432,#2433,#2434,#2435,#2436,#2437,
    #2438,#2439,#2440,#2441,#2442,#2443,#2444,#2445,#2446,#2447,#2448,
    #2449,#2450,#2451,#2452,#2453,#2454,#2455,#2456),.UNSPECIFIED.,.F.,
  .F.,(9,7,7,7,7,7,7,7,7,7,7,9),(0.,0.129916234453,0.200177156552,
    0.250518831258,0.32689566674,0.429990478649,0.499434651172,
    0.596390352076,0.67200904642,0.751284971556,0.827611505396,1.),
  .UNSPECIFIED.);
#2378 = CARTESIAN_POINT('',(0.,15.216374384711));
#2379 = CARTESIAN_POINT('',(8.816325315193E-02,15.216374384711));
#2380 = CARTESIAN_POINT('',(0.176215544154,15.212527447528));
#2381 = CARTESIAN_POINT('',(0.264769910219,15.204850224311));
#2382 = CARTESIAN_POINT('',(0.354393651959,15.193466284811));
#2383 = CARTESIAN_POINT('',(0.445646837559,15.178616133289));
#2384 = CARTESIAN_POINT('',(0.539104360456,15.160721225765));
#2385 = CARTESIAN_POINT('',(0.635391928896,15.140480394641));
#2386 = CARTESIAN_POINT('',(0.789280169751,15.107347729987));
#2387 = CARTESIAN_POINT('',(0.844479860379,15.095319601945));
#2388 = CARTESIAN_POINT('',(0.900896133154,15.083082157826));
#2389 = CARTESIAN_POINT('',(0.958570917842,15.070862658874));
#2390 = CARTESIAN_POINT('',(1.017557986226,15.058926666097));
#2391 = CARTESIAN_POINT('',(1.077925064847,15.047573960354));
#2392 = CARTESIAN_POINT('',(1.139757452707,15.037129888837));
#2393 = CARTESIAN_POINT('',(1.248593072636,15.021341985512));
#2394 = CARTESIAN_POINT('',(1.294844687893,15.015389625792));
#2395 = CARTESIAN_POINT('',(1.341765248783,15.010227737119));
#2396 = CARTESIAN_POINT('',(1.389218080201,15.005993339723));
#2397 = CARTESIAN_POINT('',(1.437078241078,15.002797422841));
#2398 = CARTESIAN_POINT('',(1.485228135221,15.000717596162));
#2399 = CARTESIAN_POINT('',(1.533553064769,14.999793765565));
#2400 = CARTESIAN_POINT('',(1.655342924549,15.00038043613));
#2401 = CARTESIAN_POINT('',(1.728102891551,15.003392786603));
#2402 = CARTESIAN_POINT('',(1.800028820975,15.008971680623));
#2403 = CARTESIAN_POINT('',(1.870920772922,15.016860234676));
#2404 = CARTESIAN_POINT('',(1.940555210884,15.026666567107));
#2405 = CARTESIAN_POINT('',(2.008669013626,15.03790573442));
#2406 = CARTESIAN_POINT('',(2.074938961944,15.050053922488));
#2407 = CARTESIAN_POINT('',(2.225368982978,15.079569913759));
#2408 = CARTESIAN_POINT('',(2.308605774439,15.097458174277));
#2409 = CARTESIAN_POINT('',(2.389120440993,15.115397174204));
#2410 = CARTESIAN_POINT('',(2.46728022234,15.132683193852));
#2411 = CARTESIAN_POINT('',(2.543418420577,15.148791564259));
#2412 = CARTESIAN_POINT('',(2.617849902827,15.163343908531));
#2413 = CARTESIAN_POINT('',(2.690877773383,15.176067146012));
#2414 = CARTESIAN_POINT('',(2.81127838561,15.193977803298));
#2415 = CARTESIAN_POINT('',(2.859253814816,15.200270541351));
#2416 = CARTESIAN_POINT('',(2.906831698086,15.205586894083));
#2417 = CARTESIAN_POINT('',(2.954094646765,15.209881538273));
#2418 = CARTESIAN_POINT('',(3.001122862294,15.213122611909));
#2419 = CARTESIAN_POINT('',(3.047995454204,15.215290127385));
#2420 = CARTESIAN_POINT('',(3.094791758088,15.216374384711));
#2421 = CARTESIAN_POINT('',(3.206934545667,15.216374384711));
#2422 = CARTESIAN_POINT('',(3.272251549279,15.214261208265));
#2423 = CARTESIAN_POINT('',(3.337773797159,15.21003782936));
#2424 = CARTESIAN_POINT('',(3.403723909695,15.203742239615));
#2425 = CARTESIAN_POINT('',(3.470322237287,15.195450195655));
#2426 = CARTESIAN_POINT('',(3.53779373751,15.185284125981));
#2427 = CARTESIAN_POINT('',(3.606376487086,15.173428197354));
#2428 = CARTESIAN_POINT('',(3.730892123149,15.149793113251));
#2429 = CARTESIAN_POINT('',(3.786327201008,15.138563605604));
#2430 = CARTESIAN_POINT('',(3.842754832089,15.126587445899));
#2431 = CARTESIAN_POINT('',(3.900294937432,15.114023563074));
#2432 = CARTESIAN_POINT('',(3.95907186919,15.101071952022));
#2433 = CARTESIAN_POINT('',(4.01921837331,15.087979679348));
#2434 = CARTESIAN_POINT('',(4.080881234984,15.075044329699));
#2435 = CARTESIAN_POINT('',(4.210639717954,15.049584316968));
#2436 = CARTESIAN_POINT('',(4.279534560024,15.036985636879));
#2437 = CARTESIAN_POINT('',(4.350427575789,15.025384235449));
#2438 = CARTESIAN_POINT('',(4.422938133567,15.01536949577));
#2439 = CARTESIAN_POINT('',(4.496756690502,15.007487813218));
#2440 = CARTESIAN_POINT('',(4.571619097905,15.002167197486));
#2441 = CARTESIAN_POINT('',(4.647286637808,14.999659566359));
#2442 = CARTESIAN_POINT('',(4.796935577544,15.000380436127));
#2443 = CARTESIAN_POINT('',(4.869695546153,15.003392786677));
#2444 = CARTESIAN_POINT('',(4.941621474596,15.008971680577));
#2445 = CARTESIAN_POINT('',(5.012513425578,15.016860234584));
#2446 = CARTESIAN_POINT('',(5.082147864425,15.026666567149));
#2447 = CARTESIAN_POINT('',(5.150261668185,15.03790573454));
#2448 = CARTESIAN_POINT('',(5.216531615024,15.050053922388));
#2449 = CARTESIAN_POINT('',(5.425137625883,15.09098466981));
#2450 = CARTESIAN_POINT('',(5.560803845083,15.121961192627));
#2451 = CARTESIAN_POINT('',(5.689749321975,15.151421370459));
#2452 = CARTESIAN_POINT('',(5.813468306447,15.176660664956));
#2453 = CARTESIAN_POINT('',(5.933326176616,15.196309429121));
#2454 = CARTESIAN_POINT('',(6.050613646181,15.209658511864));
#2455 = CARTESIAN_POINT('',(6.166700747437,15.216374384711));
#2456 = CARTESIAN_POINT('',(6.28318530718,15.216374384711));
#2457 = ( GEOMETRIC_REPRESENTATION_CONTEXT(2) 
PARAMETRIC_REPRESENTATION_CONTEXT() REPRESENTATION_CONTEXT('2D SPACE',''
  ) );
#2458 = PCURVE('',#1916,#2459);
#2459 = DEFINITIONAL_REPRESENTATION('',(#2460),#2540);
#2460 = B_SPLINE_CURVE_WITH_KNOTS('',8,(#2461,#2462,#2463,#2464,#2465,
    #2466,#2467,#2468,#2469,#2470,#2471,#2472,#2473,#2474,#2475,#2476,
    #2477,#2478,#2479,#2480,#2481,#2482,#2483,#2484,#2485,#2486,#2487,
    #2488,#2489,#2490,#2491,#2492,#2493,#2494,#2495,#2496,#2497,#2498,
    #2499,#2500,#2501,#2502,#2503,#2504,#2505,#2506,#2507,#2508,#2509,
    #2510,#2511,#2512,#2513,#2514,#2515,#2516,#2517,#2518,#2519,#2520,
    #2521,#2522,#2523,#2524,#2525,#2526,#2527,#2528,#2529,#2530,#2531,
    #2532,#2533,#2534,#2535,#2536,#2537,#2538,#2539),.UNSPECIFIED.,.F.,
  .F.,(9,7,7,7,7,7,7,7,7,7,7,9),(0.,0.129916234453,0.200177156552,
    0.250518831258,0.32689566674,0.429990478649,0.499434651172,
    0.596390352076,0.67200904642,0.751284971556,0.827611505396,1.),
  .UNSPECIFIED.);
#2461 = CARTESIAN_POINT('',(1.516715915181,42.));
#2462 = CARTESIAN_POINT('',(1.516715915181,42.705306025215));
#2463 = CARTESIAN_POINT('',(1.517196790028,43.409725484205));
#2464 = CARTESIAN_POINT('',(1.518156414094,44.109802394575));
#2465 = CARTESIAN_POINT('',(1.519603366396,44.801824963431));
#2466 = CARTESIAN_POINT('',(1.521554798317,45.481068939176));
#2467 = CARTESIAN_POINT('',(1.524034774416,46.141232616186));
#2468 = CARTESIAN_POINT('',(1.527072053576,46.773701150063));
#2469 = CARTESIAN_POINT('',(1.532656320175,47.68675345298));
#2470 = CARTESIAN_POINT('',(1.534792992936,47.99637215037));
#2471 = CARTESIAN_POINT('',(1.537108945308,48.292518128088));
#2472 = CARTESIAN_POINT('',(1.539605503103,48.572387058993));
#2473 = CARTESIAN_POINT('',(1.54228253977,48.832974249111));
#2474 = CARTESIAN_POINT('',(1.545138236501,49.0710521034));
#2475 = CARTESIAN_POINT('',(1.548168731349,49.283136902198));
#2476 = CARTESIAN_POINT('',(1.553659675243,49.59606784431));
#2477 = CARTESIAN_POINT('',(1.556038864367,49.711444643007));
#2478 = CARTESIAN_POINT('',(1.558493215526,49.809609849125));
#2479 = CARTESIAN_POINT('',(1.561009448267,49.888964721327));
#2480 = CARTESIAN_POINT('',(1.56357328413,49.948283562014));
#2481 = CARTESIAN_POINT('',(1.566169723622,49.98672034034));
#2482 = CARTESIAN_POINT('',(1.568783326893,50.003815588478));
#2483 = CARTESIAN_POINT('',(1.575366155237,49.99296151147));
#2484 = CARTESIAN_POINT('',(1.579295187978,49.937214215961));
#2485 = CARTESIAN_POINT('',(1.583143063222,49.833849175841));
#2486 = CARTESIAN_POINT('',(1.586869127459,49.685707962312));
#2487 = CARTESIAN_POINT('',(1.590436087002,49.496829134747));
#2488 = CARTESIAN_POINT('',(1.593811312464,49.272399352993));
#2489 = CARTESIAN_POINT('',(1.596967967507,49.018712693798));
#2490 = CARTESIAN_POINT('',(1.603824722588,48.371162776161));
#2491 = CARTESIAN_POINT('',(1.607370941525,47.955313301246));
#2492 = CARTESIAN_POINT('',(1.610532320468,47.505264391866));
#2493 = CARTESIAN_POINT('',(1.613321417112,47.028630046722));
#2494 = CARTESIAN_POINT('',(1.615752896546,46.531405754072));
#2495 = CARTESIAN_POINT('',(1.617841457094,46.018302001553));
#2496 = CARTESIAN_POINT('',(1.619600311406,45.492986202353));
#2497 = CARTESIAN_POINT('',(1.622009940899,44.598054384561));
#2498 = CARTESIAN_POINT('',(1.622835189735,44.23351694691));
#2499 = CARTESIAN_POINT('',(1.623518803074,43.865559476987));
#2500 = CARTESIAN_POINT('',(1.624063206422,43.494985741778));
#2501 = CARTESIAN_POINT('',(1.6244702616,43.122508788945));
#2502 = CARTESIAN_POINT('',(1.624741230428,42.74877817009));
#2503 = CARTESIAN_POINT('',(1.624876738409,42.374407164018));
#2504 = CARTESIAN_POINT('',(1.624876738409,41.477264863386));
#2505 = CARTESIAN_POINT('',(1.624612597007,40.954730558958));
#2506 = CARTESIAN_POINT('',(1.624084659947,40.433949129589));
#2507 = CARTESIAN_POINT('',(1.623290502787,39.916542471523));
#2508 = CARTESIAN_POINT('',(1.622225181918,39.404326096317));
#2509 = CARTESIAN_POINT('',(1.620881521939,38.899453958688));
#2510 = CARTESIAN_POINT('',(1.619250439398,38.404584350269));
#2511 = CARTESIAN_POINT('',(1.615816710795,37.547516750977));
#2512 = CARTESIAN_POINT('',(1.614129722755,37.179816077213));
#2513 = CARTESIAN_POINT('',(1.612255057792,36.821633061096));
#2514 = CARTESIAN_POINT('',(1.610187230838,36.474955504902));
#2515 = CARTESIAN_POINT('',(1.607920825369,36.142129102605));
#2516 = CARTESIAN_POINT('',(1.605450881593,35.825912721383));
#2517 = CARTESIAN_POINT('',(1.602773400231,35.529550652084));
#2518 = CARTESIAN_POINT('',(1.596858875117,34.97098465321));
#2519 = CARTESIAN_POINT('',(1.593572216916,34.708404520156));
#2520 = CARTESIAN_POINT('',(1.5900492984,34.477582636263));
#2521 = CARTESIAN_POINT('',(1.586321449288,34.285651076459));
#2522 = CARTESIAN_POINT('',(1.582426839632,34.13837474846));
#2523 = CARTESIAN_POINT('',(1.578409004562,34.04010154203));
#2524 = CARTESIAN_POINT('',(1.574315129769,33.993701572588));
#2525 = CARTESIAN_POINT('',(1.566226498385,34.007038488477));
#2526 = CARTESIAN_POINT('',(1.562297465559,34.06278578558));
#2527 = CARTESIAN_POINT('',(1.558449590364,34.166150823155));
#2528 = CARTESIAN_POINT('',(1.554723526178,34.314292035737));
#2529 = CARTESIAN_POINT('',(1.551156566592,34.503170866197));
#2530 = CARTESIAN_POINT('',(1.547781341078,34.727600649579));
#2531 = CARTESIAN_POINT('',(1.544624686106,34.981287304009));
#2532 = CARTESIAN_POINT('',(1.535116209573,35.879265009666));
#2533 = CARTESIAN_POINT('',(1.529626202461,36.624366895277));
#2534 = CARTESIAN_POINT('',(1.525196299392,37.44705397382));
#2535 = CARTESIAN_POINT('',(1.521752453293,38.318833254962));
#2536 = CARTESIAN_POINT('',(1.519224257267,39.220373756219));
#2537 = CARTESIAN_POINT('',(1.517555353195,40.139431112008));
#2538 = CARTESIAN_POINT('',(1.516715915181,41.068123522055));
#2539 = CARTESIAN_POINT('',(1.516715915181,42.));
#2540 = ( GEOMETRIC_REPRESENTATION_CONTEXT(2) 
PARAMETRIC_REPRESENTATION_CONTEXT() REPRESENTATION_CONTEXT('2D SPACE',''
  ) );
#2541 = ORIENTED_EDGE('',*,*,#2268,.F.);
#2542 = ORIENTED_EDGE('',*,*,#2543,.F.);
#2543 = EDGE_CURVE('',#2544,#2269,#2546,.T.);
#2544 = VERTEX_POINT('',#2545);
#2545 = CARTESIAN_POINT('',(8.,159.,-40.));
#2546 = SURFACE_CURVE('',#2547,(#2600,#2656),.PCURVE_S1.);
#2547 = B_SPLINE_CURVE_WITH_KNOTS('',6,(#2548,#2549,#2550,#2551,#2552,
    #2553,#2554,#2555,#2556,#2557,#2558,#2559,#2560,#2561,#2562,#2563,
    #2564,#2565,#2566,#2567,#2568,#2569,#2570,#2571,#2572,#2573,#2574,
    #2575,#2576,#2577,#2578,#2579,#2580,#2581,#2582,#2583,#2584,#2585,
    #2586,#2587,#2588,#2589,#2590,#2591,#2592,#2593,#2594,#2595,#2596,
    #2597,#2598,#2599),.UNSPECIFIED.,.F.,.F.,(7,5,5,5,5,5,5,5,5,5,7),(0.
    ,0.106316963902,0.157817452368,0.295574656311,0.399180875382,
    0.499902762426,0.600335207109,0.703346567241,0.843995489365,
    0.933527957909,1.),.UNSPECIFIED.);
#2548 = CARTESIAN_POINT('',(8.,159.,-40.));
#2549 = CARTESIAN_POINT('',(8.,159.,-39.64936499188));
#2550 = CARTESIAN_POINT('',(7.981557809444,158.97049287062,
    -39.30184122098));
#2551 = CARTESIAN_POINT('',(7.945290126718,158.91246272917,
    -38.96256894765));
#2552 = CARTESIAN_POINT('',(7.893274913175,158.82844744266,
    -38.63653036373));
#2553 = CARTESIAN_POINT('',(7.828965794752,158.72253508509,
    -38.32830839062));
#2554 = CARTESIAN_POINT('',(7.721640777805,158.54158523921,
    -37.90315982815));
#2555 = CARTESIAN_POINT('',(7.684562257707,158.47848142908,
    -37.76882781567));
#2556 = CARTESIAN_POINT('',(7.645736950382,158.41167899819,
    -37.63888478363));
#2557 = CARTESIAN_POINT('',(7.605455465955,158.3415025835,
    -37.51329809494));
#2558 = CARTESIAN_POINT('',(7.563989451977,158.26824621333,
    -37.39202045986));
#2559 = CARTESIAN_POINT('',(7.408178503086,157.98869051063,
    -36.96194999582));
#2560 = CARTESIAN_POINT('',(7.287951269199,157.76480965206,
    -36.67891609288));
#2561 = CARTESIAN_POINT('',(7.165433258063,157.52501636378,
    -36.42413722285));
#2562 = CARTESIAN_POINT('',(7.044095331637,157.27204004691,
    -36.19568179517));
#2563 = CARTESIAN_POINT('',(6.92675565057,157.00730524614,
    -35.99192260574));
#2564 = CARTESIAN_POINT('',(6.732985902808,156.52374067535,
    -35.67655871795));
#2565 = CARTESIAN_POINT('',(6.653633697447,156.30982195282,-35.554644539
    ));
#2566 = CARTESIAN_POINT('',(6.579469620318,156.09026568745,
    -35.44610805673));
#2567 = CARTESIAN_POINT('',(6.511791024798,155.86564342845,
    -35.35091568597));
#2568 = CARTESIAN_POINT('',(6.451815349794,155.63640616844,
    -35.26910608954));
#2569 = CARTESIAN_POINT('',(6.350881290711,155.17590275765,
    -35.13449018966));
#2570 = CARTESIAN_POINT('',(6.309426584908,154.94480925392,
    -35.08092199391));
#2571 = CARTESIAN_POINT('',(6.277456771331,154.71072887844,
    -35.04054094817));
#2572 = CARTESIAN_POINT('',(6.255830942561,154.47463892887,
    -35.01353035607));
#2573 = CARTESIAN_POINT('',(6.244997998398,154.23743808373,-35.));
#2574 = CARTESIAN_POINT('',(6.244997998398,153.76324423707,-35.));
#2575 = CARTESIAN_POINT('',(6.255768772423,153.52672260202,
    -35.01345270531));
#2576 = CARTESIAN_POINT('',(6.277270897085,153.29130237957,
    -35.04030879235));
#2577 = CARTESIAN_POINT('',(6.309060463704,153.05787548753,
    -35.08045954922));
#2578 = CARTESIAN_POINT('',(6.350287712939,152.82741142975,
    -35.13372326493));
#2579 = CARTESIAN_POINT('',(6.450543168116,152.36878696725,
    -35.26738444269));
#2580 = CARTESIAN_POINT('',(6.510015094804,152.14077400413,
    -35.34846196506));
#2581 = CARTESIAN_POINT('',(6.577122438561,151.91731382556,
    -35.44277278561));
#2582 = CARTESIAN_POINT('',(6.65066920844,151.69885168625,
    -35.55027655634));
#2583 = CARTESIAN_POINT('',(6.729380060877,151.48595027875,
    -35.67100270223));
#2584 = CARTESIAN_POINT('',(6.924604302233,150.99715927386,
    -35.98801304987));
#2585 = CARTESIAN_POINT('',(7.044398826452,150.72673684857,
    -36.19574916832));
#2586 = CARTESIAN_POINT('',(7.168376705439,150.46854651048,
    -36.42921037935));
#2587 = CARTESIAN_POINT('',(7.293548576998,150.22409992547,
    -36.69013864861));
#2588 = CARTESIAN_POINT('',(7.416206235118,149.99633205601,
    -36.98060236778));
#2589 = CARTESIAN_POINT('',(7.60486511492,149.65882241515,
    -37.50733331657));
#2590 = CARTESIAN_POINT('',(7.675468684334,149.53589007734,
    -37.72552587181));
#2591 = CARTESIAN_POINT('',(7.74178409456,149.42305525603,
    -37.95702110826));
#2592 = CARTESIAN_POINT('',(7.802181545955,149.32216114169,
    -38.2016654227));
#2593 = CARTESIAN_POINT('',(7.854953853143,149.23518708064,
    -38.45911819814));
#2594 = CARTESIAN_POINT('',(7.930584156923,149.11165702531,
    -38.92903575222));
#2595 = CARTESIAN_POINT('',(7.957643075874,149.06789039212,
    -39.13598820186));
#2596 = CARTESIAN_POINT('',(7.97862046586,149.0342072796,-39.34815841261
    ));
#2597 = CARTESIAN_POINT('',(7.992857771292,149.01142755933,
    -39.56396706656));
#2598 = CARTESIAN_POINT('',(8.,149.,-39.78179203559));
#2599 = CARTESIAN_POINT('',(8.,149.,-40.));
#2600 = PCURVE('',#601,#2601);
#2601 = DEFINITIONAL_REPRESENTATION('',(#2602),#2655);
#2602 = B_SPLINE_CURVE_WITH_KNOTS('',6,(#2603,#2604,#2605,#2606,#2607,
    #2608,#2609,#2610,#2611,#2612,#2613,#2614,#2615,#2616,#2617,#2618,
    #2619,#2620,#2621,#2622,#2623,#2624,#2625,#2626,#2627,#2628,#2629,
    #2630,#2631,#2632,#2633,#2634,#2635,#2636,#2637,#2638,#2639,#2640,
    #2641,#2642,#2643,#2644,#2645,#2646,#2647,#2648,#2649,#2650,#2651,
    #2652,#2653,#2654),.UNSPECIFIED.,.F.,.F.,(7,5,5,5,5,5,5,5,5,5,7),(0.
    ,0.106316963902,0.157817452368,0.295574656311,0.399180875382,
    0.499902762426,0.600335207109,0.703346567241,0.843995489365,
    0.933527957909,1.),.UNSPECIFIED.);
#2603 = CARTESIAN_POINT('',(0.,4.));
#2604 = CARTESIAN_POINT('',(4.382937601488E-02,4.));
#2605 = CARTESIAN_POINT('',(8.72699174366E-02,4.029507129372));
#2606 = CARTESIAN_POINT('',(0.129830167251,4.087537270827));
#2607 = CARTESIAN_POINT('',(0.171027095704,4.171552557338));
#2608 = CARTESIAN_POINT('',(0.210350563416,4.277464914905));
#2609 = CARTESIAN_POINT('',(0.265161311598,4.458414760788));
#2610 = CARTESIAN_POINT('',(0.282576497014,4.521518570916));
#2611 = CARTESIAN_POINT('',(0.29952348743,4.588321001809));
#2612 = CARTESIAN_POINT('',(0.316004942943,4.658497416498));
#2613 = CARTESIAN_POINT('',(0.332023629314,4.731753786666));
#2614 = CARTESIAN_POINT('',(0.389201757758,5.011309489365));
#2615 = CARTESIAN_POINT('',(0.427584372662,5.235190347939));
#2616 = CARTESIAN_POINT('',(0.46287344764,5.474983636214));
#2617 = CARTESIAN_POINT('',(0.495177744422,5.72795995309));
#2618 = CARTESIAN_POINT('',(0.524557181436,5.992694753856));
#2619 = CARTESIAN_POINT('',(0.570824255459,6.476259324645));
#2620 = CARTESIAN_POINT('',(0.589001121113,6.690178047178));
#2621 = CARTESIAN_POINT('',(0.605427826858,6.909734312548));
#2622 = CARTESIAN_POINT('',(0.620025195981,7.134356571541));
#2623 = CARTESIAN_POINT('',(0.63270434851,7.363593831552));
#2624 = CARTESIAN_POINT('',(0.653735993114,7.824097242341));
#2625 = CARTESIAN_POINT('',(0.662201890156,8.055190746078));
#2626 = CARTESIAN_POINT('',(0.668639756919,8.289271121551));
#2627 = CARTESIAN_POINT('',(0.672964949875,8.525361071123));
#2628 = CARTESIAN_POINT('',(0.675131532937,8.762561916269));
#2629 = CARTESIAN_POINT('',(0.675131532937,9.236755762921));
#2630 = CARTESIAN_POINT('',(0.672977383784,9.473277397978));
#2631 = CARTESIAN_POINT('',(0.668676932214,9.70869762043));
#2632 = CARTESIAN_POINT('',(0.662275616686,9.942124512469));
#2633 = CARTESIAN_POINT('',(0.65385720384,10.172588570242));
#2634 = CARTESIAN_POINT('',(0.632971926904,10.63121303275));
#2635 = CARTESIAN_POINT('',(0.620403787277,10.859225995863));
#2636 = CARTESIAN_POINT('',(0.605937536972,11.082686174433));
#2637 = CARTESIAN_POINT('',(0.589660804569,11.301148313743));
#2638 = CARTESIAN_POINT('',(0.571651956733,11.514049721246));
#2639 = CARTESIAN_POINT('',(0.525114326643,12.002840726139));
#2640 = CARTESIAN_POINT('',(0.495151554273,12.273263151426));
#2641 = CARTESIAN_POINT('',(0.462141759592,12.531453489513));
#2642 = CARTESIAN_POINT('',(0.426019665894,12.775900074527));
#2643 = CARTESIAN_POINT('',(0.386668109932,13.003667943985));
#2644 = CARTESIAN_POINT('',(0.316730898657,13.34117758485));
#2645 = CARTESIAN_POINT('',(0.288078207355,13.464109922651));
#2646 = CARTESIAN_POINT('',(0.258004701254,13.576944743966));
#2647 = CARTESIAN_POINT('',(0.226541300973,13.677838858304));
#2648 = CARTESIAN_POINT('',(0.193720427357,13.764812919355));
#2649 = CARTESIAN_POINT('',(0.134224832656,13.888342974685));
#2650 = CARTESIAN_POINT('',(0.108146987701,13.932109607875));
#2651 = CARTESIAN_POINT('',(8.151670609619E-02,13.965792720395));
#2652 = CARTESIAN_POINT('',(5.450412166629E-02,13.988572440664));
#2653 = CARTESIAN_POINT('',(2.727599555024E-02,14.));
#2654 = CARTESIAN_POINT('',(0.,14.));
#2655 = ( GEOMETRIC_REPRESENTATION_CONTEXT(2) 
PARAMETRIC_REPRESENTATION_CONTEXT() REPRESENTATION_CONTEXT('2D SPACE',''
  ) );
#2656 = PCURVE('',#2657,#2662);
#2657 = CYLINDRICAL_SURFACE('',#2658,5.);
#2658 = AXIS2_PLACEMENT_3D('',#2659,#2660,#2661);
#2659 = CARTESIAN_POINT('',(-8.,154.,-40.));
#2660 = DIRECTION('',(1.,4.930380657631E-32,2.22044604925E-16));
#2661 = DIRECTION('',(0.,1.,-2.22044604925E-16));
#2662 = DEFINITIONAL_REPRESENTATION('',(#2663),#2716);
#2663 = B_SPLINE_CURVE_WITH_KNOTS('',6,(#2664,#2665,#2666,#2667,#2668,
    #2669,#2670,#2671,#2672,#2673,#2674,#2675,#2676,#2677,#2678,#2679,
    #2680,#2681,#2682,#2683,#2684,#2685,#2686,#2687,#2688,#2689,#2690,
    #2691,#2692,#2693,#2694,#2695,#2696,#2697,#2698,#2699,#2700,#2701,
    #2702,#2703,#2704,#2705,#2706,#2707,#2708,#2709,#2710,#2711,#2712,
    #2713,#2714,#2715),.UNSPECIFIED.,.F.,.F.,(7,5,5,5,5,5,5,5,5,5,7),(0.
    ,0.106316963902,0.157817452368,0.295574656311,0.399180875382,
    0.499902762426,0.600335207109,0.703346567241,0.843995489365,
    0.933527957909,1.),.UNSPECIFIED.);
#2664 = CARTESIAN_POINT('',(0.,16.));
#2665 = CARTESIAN_POINT('',(7.012700162381E-02,16.));
#2666 = CARTESIAN_POINT('',(0.139631723558,15.981557809444));
#2667 = CARTESIAN_POINT('',(0.208107142943,15.945290126718));
#2668 = CARTESIAN_POINT('',(0.275121332678,15.893274913175));
#2669 = CARTESIAN_POINT('',(0.340137454405,15.828965794752));
#2670 = CARTESIAN_POINT('',(0.432548308075,15.721640777805));
#2671 = CARTESIAN_POINT('',(0.462211363649,15.684562257707));
#2672 = CARTESIAN_POINT('',(0.491405755103,15.645736950382));
#2673 = CARTESIAN_POINT('',(0.520153446199,15.605455465955));
#2674 = CARTESIAN_POINT('',(0.548475087213,15.563989451977));
#2675 = CARTESIAN_POINT('',(0.651063974516,15.408178503086));
#2676 = CARTESIAN_POINT('',(0.722928357958,15.287951269199));
#2677 = CARTESIAN_POINT('',(0.792537524082,15.165433258063));
#2678 = CARTESIAN_POINT('',(0.86039045683,15.044095331637));
#2679 = CARTESIAN_POINT('',(0.927000949896,14.92675565057));
#2680 = CARTESIAN_POINT('',(1.042463337857,14.732985902808));
#2681 = CARTESIAN_POINT('',(1.091619043146,14.653633697447));
#2682 = CARTESIAN_POINT('',(1.140476699045,14.579469620318));
#2683 = CARTESIAN_POINT('',(1.189145652795,14.511791024798));
#2684 = CARTESIAN_POINT('',(1.237742283286,14.451815349794));
#2685 = CARTESIAN_POINT('',(1.333697446117,14.350881290711));
#2686 = CARTESIAN_POINT('',(1.38106557986,14.309426584908));
#2687 = CARTESIAN_POINT('',(1.428457698991,14.277456771331));
#2688 = CARTESIAN_POINT('',(1.475868565738,14.255830942561));
#2689 = CARTESIAN_POINT('',(1.523308710049,14.244997998398));
#2690 = CARTESIAN_POINT('',(1.618147479379,14.244997998398));
#2691 = CARTESIAN_POINT('',(1.665451782111,14.255768772423));
#2692 = CARTESIAN_POINT('',(1.712727044328,14.277270897085));
#2693 = CARTESIAN_POINT('',(1.759983537268,14.309060463704));
#2694 = CARTESIAN_POINT('',(1.807215943289,14.350287712939));
#2695 = CARTESIAN_POINT('',(1.902756868143,14.450543168116));
#2696 = CARTESIAN_POINT('',(1.95107512159,14.510015094804));
#2697 = CARTESIAN_POINT('',(1.999463435469,14.577122438561));
#2698 = CARTESIAN_POINT('',(2.048035671282,14.65066920844));
#2699 = CARTESIAN_POINT('',(2.096898690504,14.729380060877));
#2700 = CARTESIAN_POINT('',(2.213416879123,14.924604302233));
#2701 = CARTESIAN_POINT('',(2.281401162736,15.044398826452));
#2702 = CARTESIAN_POINT('',(2.350679003546,15.168376705439));
#2703 = CARTESIAN_POINT('',(2.421797693173,15.293548576998));
#2704 = CARTESIAN_POINT('',(2.495287397598,15.416206235118));
#2705 = CARTESIAN_POINT('',(2.620404662608,15.60486511492));
#2706 = CARTESIAN_POINT('',(2.670411784474,15.675468684334));
#2707 = CARTESIAN_POINT('',(2.721777866103,15.74178409456));
#2708 = CARTESIAN_POINT('',(2.774540640914,15.802181545955));
#2709 = CARTESIAN_POINT('',(2.828762017642,15.854953853143));
#2710 = CARTESIAN_POINT('',(2.92593859552,15.930584156923));
#2711 = CARTESIAN_POINT('',(2.968194489143,15.957643075874));
#2712 = CARTESIAN_POINT('',(3.011074712665,15.97862046586));
#2713 = CARTESIAN_POINT('',(3.054386068744,15.992857771292));
#2714 = CARTESIAN_POINT('',(3.097951060709,16.));
#2715 = CARTESIAN_POINT('',(3.14159265359,16.));
#2716 = ( GEOMETRIC_REPRESENTATION_CONTEXT(2) 
PARAMETRIC_REPRESENTATION_CONTEXT() REPRESENTATION_CONTEXT('2D SPACE',''
  ) );
#2717 = ORIENTED_EDGE('',*,*,#2718,.F.);
#2718 = EDGE_CURVE('',#434,#2544,#2719,.T.);
#2719 = SEAM_CURVE('',#2720,(#2724,#2731),.PCURVE_S1.);
#2720 = LINE('',#2721,#2722);
#2721 = CARTESIAN_POINT('',(8.,163.,-40.));
#2722 = VECTOR('',#2723,1.);
#2723 = DIRECTION('',(0.,-1.,2.22044604925E-16));
#2724 = PCURVE('',#601,#2725);
#2725 = DEFINITIONAL_REPRESENTATION('',(#2726),#2730);
#2726 = LINE('',#2727,#2728);
#2727 = CARTESIAN_POINT('',(6.28318530718,-0.));
#2728 = VECTOR('',#2729,1.);
#2729 = DIRECTION('',(0.,1.));
#2730 = ( GEOMETRIC_REPRESENTATION_CONTEXT(2) 
PARAMETRIC_REPRESENTATION_CONTEXT() REPRESENTATION_CONTEXT('2D SPACE',''
  ) );
#2731 = PCURVE('',#601,#2732);
#2732 = DEFINITIONAL_REPRESENTATION('',(#2733),#2737);
#2733 = LINE('',#2734,#2735);
#2734 = CARTESIAN_POINT('',(0.,-0.));
#2735 = VECTOR('',#2736,1.);
#2736 = DIRECTION('',(0.,1.));
#2737 = ( GEOMETRIC_REPRESENTATION_CONTEXT(2) 
PARAMETRIC_REPRESENTATION_CONTEXT() REPRESENTATION_CONTEXT('2D SPACE',''
  ) );
#2738 = ORIENTED_EDGE('',*,*,#433,.T.);
#2739 = ORIENTED_EDGE('',*,*,#2718,.T.);
#2740 = ORIENTED_EDGE('',*,*,#2741,.F.);
#2741 = EDGE_CURVE('',#2269,#2544,#2742,.T.);
#2742 = SURFACE_CURVE('',#2743,(#2796,#2852),.PCURVE_S1.);
#2743 = B_SPLINE_CURVE_WITH_KNOTS('',6,(#2744,#2745,#2746,#2747,#2748,
    #2749,#2750,#2751,#2752,#2753,#2754,#2755,#2756,#2757,#2758,#2759,
    #2760,#2761,#2762,#2763,#2764,#2765,#2766,#2767,#2768,#2769,#2770,
    #2771,#2772,#2773,#2774,#2775,#2776,#2777,#2778,#2779,#2780,#2781,
    #2782,#2783,#2784,#2785,#2786,#2787,#2788,#2789,#2790,#2791,#2792,
    #2793,#2794,#2795),.UNSPECIFIED.,.F.,.F.,(7,5,5,5,5,5,5,5,5,5,7),(0.
    ,0.10631696392,0.157817452393,0.295574656338,0.399180875412,
    0.499902762458,0.600335207143,0.703346567277,0.843995489405,
    0.933527957933,1.),.UNSPECIFIED.);
#2744 = CARTESIAN_POINT('',(8.,149.,-40.));
#2745 = CARTESIAN_POINT('',(8.,149.,-40.35063500813));
#2746 = CARTESIAN_POINT('',(7.981557809442,149.02950712937,
    -40.69815877901));
#2747 = CARTESIAN_POINT('',(7.94529012672,149.08753727082,
    -41.03743105232));
#2748 = CARTESIAN_POINT('',(7.893274913178,149.17155255733,
    -41.36346963625));
#2749 = CARTESIAN_POINT('',(7.828965794748,149.27746491491,
    -41.67169160938));
#2750 = CARTESIAN_POINT('',(7.721640777809,149.45841476078,
    -42.09684017183));
#2751 = CARTESIAN_POINT('',(7.684562257707,149.52151857091,
    -42.23117218432));
#2752 = CARTESIAN_POINT('',(7.645736950378,149.58832100181,
    -42.36111521637));
#2753 = CARTESIAN_POINT('',(7.605455465954,149.6584974165,
    -42.48670190505));
#2754 = CARTESIAN_POINT('',(7.563989451981,149.73175378665,
    -42.60797954012));
#2755 = CARTESIAN_POINT('',(7.408178503086,150.01130948936,
    -43.03805000417));
#2756 = CARTESIAN_POINT('',(7.287951269199,150.23519034793,
    -43.32108390711));
#2757 = CARTESIAN_POINT('',(7.165433258063,150.47498363621,
    -43.57586277714));
#2758 = CARTESIAN_POINT('',(7.044095331637,150.72795995309,
    -43.80431820482));
#2759 = CARTESIAN_POINT('',(6.92675565057,150.99269475385,
    -44.00807739425));
#2760 = CARTESIAN_POINT('',(6.732985902808,151.47625932464,
    -44.32344128204));
#2761 = CARTESIAN_POINT('',(6.653633697447,151.69017804717,-44.445355461
    ));
#2762 = CARTESIAN_POINT('',(6.579469620318,151.90973431254,
    -44.55389194327));
#2763 = CARTESIAN_POINT('',(6.511791024798,152.13435657154,
    -44.64908431402));
#2764 = CARTESIAN_POINT('',(6.451815349794,152.36359383155,
    -44.73089391045));
#2765 = CARTESIAN_POINT('',(6.350881290711,152.82409724234,
    -44.86550981033));
#2766 = CARTESIAN_POINT('',(6.309426584908,153.05519074607,
    -44.91907800608));
#2767 = CARTESIAN_POINT('',(6.277456771331,153.28927112155,
    -44.95945905182));
#2768 = CARTESIAN_POINT('',(6.255830942561,153.52536107112,
    -44.98646964392));
#2769 = CARTESIAN_POINT('',(6.244997998398,153.76256191626,-45.));
#2770 = CARTESIAN_POINT('',(6.244997998398,154.23675576292,-45.));
#2771 = CARTESIAN_POINT('',(6.255768772423,154.47327739797,
    -44.98654729469));
#2772 = CARTESIAN_POINT('',(6.277270897085,154.70869762043,
    -44.95969120765));
#2773 = CARTESIAN_POINT('',(6.309060463704,154.94212451246,
    -44.91954045078));
#2774 = CARTESIAN_POINT('',(6.350287712939,155.17258857024,
    -44.86627673506));
#2775 = CARTESIAN_POINT('',(6.450543168116,155.63121303275,
    -44.7326155573));
#2776 = CARTESIAN_POINT('',(6.510015094804,155.85922599586,
    -44.65153803494));
#2777 = CARTESIAN_POINT('',(6.577122438561,156.08268617443,
    -44.55722721438));
#2778 = CARTESIAN_POINT('',(6.650669208439,156.30114831374,
    -44.44972344366));
#2779 = CARTESIAN_POINT('',(6.729380060878,156.51404972124,
    -44.32899729776));
#2780 = CARTESIAN_POINT('',(6.924604302233,157.00284072613,
    -44.01198695012));
#2781 = CARTESIAN_POINT('',(7.044398826452,157.27326315142,
    -43.80425083167));
#2782 = CARTESIAN_POINT('',(7.168376705439,157.53145348951,
    -43.57078962064));
#2783 = CARTESIAN_POINT('',(7.293548576998,157.77590007452,
    -43.30986135138));
#2784 = CARTESIAN_POINT('',(7.416206235118,158.00366794398,
    -43.01939763221));
#2785 = CARTESIAN_POINT('',(7.604865114905,158.34117758482,
    -42.49266668346));
#2786 = CARTESIAN_POINT('',(7.675468684343,158.46410992266,
    -42.27447412816));
#2787 = CARTESIAN_POINT('',(7.741784094571,158.57694474398,
    -42.04297889169));
#2788 = CARTESIAN_POINT('',(7.802181545952,158.67783885829,
    -41.79833457729));
#2789 = CARTESIAN_POINT('',(7.854953853134,158.76481291934,
    -41.5408818019));
#2790 = CARTESIAN_POINT('',(7.930584156923,158.88834297468,
    -41.07096424777));
#2791 = CARTESIAN_POINT('',(7.957643075874,158.93210960787,
    -40.86401179813));
#2792 = CARTESIAN_POINT('',(7.97862046586,158.96579272039,
    -40.65184158738));
#2793 = CARTESIAN_POINT('',(7.992857771292,158.98857244066,
    -40.43603293344));
#2794 = CARTESIAN_POINT('',(8.,159.,-40.2182079644));
#2795 = CARTESIAN_POINT('',(8.,159.,-40.));
#2796 = PCURVE('',#601,#2797);
#2797 = DEFINITIONAL_REPRESENTATION('',(#2798),#2851);
#2798 = B_SPLINE_CURVE_WITH_KNOTS('',6,(#2799,#2800,#2801,#2802,#2803,
    #2804,#2805,#2806,#2807,#2808,#2809,#2810,#2811,#2812,#2813,#2814,
    #2815,#2816,#2817,#2818,#2819,#2820,#2821,#2822,#2823,#2824,#2825,
    #2826,#2827,#2828,#2829,#2830,#2831,#2832,#2833,#2834,#2835,#2836,
    #2837,#2838,#2839,#2840,#2841,#2842,#2843,#2844,#2845,#2846,#2847,
    #2848,#2849,#2850),.UNSPECIFIED.,.F.,.F.,(7,5,5,5,5,5,5,5,5,5,7),(0.
    ,0.10631696392,0.157817452393,0.295574656338,0.399180875412,
    0.499902762458,0.600335207143,0.703346567277,0.843995489405,
    0.933527957933,1.),.UNSPECIFIED.);
#2799 = CARTESIAN_POINT('',(6.28318530718,14.));
#2800 = CARTESIAN_POINT('',(6.239355931163,14.));
#2801 = CARTESIAN_POINT('',(6.195915389744,13.970492870626));
#2802 = CARTESIAN_POINT('',(6.153355139931,13.912462729176));
#2803 = CARTESIAN_POINT('',(6.112158211476,13.828447442667));
#2804 = CARTESIAN_POINT('',(6.072834743761,13.722535085089));
#2805 = CARTESIAN_POINT('',(6.018023995584,13.541585239218));
#2806 = CARTESIAN_POINT('',(6.000608810165,13.478481429083));
#2807 = CARTESIAN_POINT('',(5.983661819748,13.411678998184));
#2808 = CARTESIAN_POINT('',(5.967180364237,13.341502583499));
#2809 = CARTESIAN_POINT('',(5.951161677867,13.268246213342));
#2810 = CARTESIAN_POINT('',(5.893983549421,12.988690510635));
#2811 = CARTESIAN_POINT('',(5.855600934517,12.764809652061));
#2812 = CARTESIAN_POINT('',(5.82031185954,12.525016363786));
#2813 = CARTESIAN_POINT('',(5.788007562757,12.27204004691));
#2814 = CARTESIAN_POINT('',(5.758628125743,12.007305246144));
#2815 = CARTESIAN_POINT('',(5.712361051721,11.523740675355));
#2816 = CARTESIAN_POINT('',(5.694184186066,11.309821952822));
#2817 = CARTESIAN_POINT('',(5.677757480322,11.090265687452));
#2818 = CARTESIAN_POINT('',(5.663160111199,10.86564342846));
#2819 = CARTESIAN_POINT('',(5.65048095867,10.636406168448));
#2820 = CARTESIAN_POINT('',(5.629449314066,10.175902757659));
#2821 = CARTESIAN_POINT('',(5.620983417024,9.944809253922));
#2822 = CARTESIAN_POINT('',(5.61454555026,9.710728878448));
#2823 = CARTESIAN_POINT('',(5.610220357304,9.474638928878));
#2824 = CARTESIAN_POINT('',(5.608053774243,9.237438083731));
#2825 = CARTESIAN_POINT('',(5.608053774243,8.763244237079));
#2826 = CARTESIAN_POINT('',(5.610207923396,8.526722602022));
#2827 = CARTESIAN_POINT('',(5.614508374965,8.29130237957));
#2828 = CARTESIAN_POINT('',(5.620909690494,8.057875487532));
#2829 = CARTESIAN_POINT('',(5.629328103339,7.827411429758));
#2830 = CARTESIAN_POINT('',(5.650213380276,7.36878696725));
#2831 = CARTESIAN_POINT('',(5.662781519903,7.140774004137));
#2832 = CARTESIAN_POINT('',(5.677247770208,6.917313825568));
#2833 = CARTESIAN_POINT('',(5.69352450261,6.698851686257));
#2834 = CARTESIAN_POINT('',(5.711533350447,6.485950278754));
#2835 = CARTESIAN_POINT('',(5.758070980537,5.997159273861));
#2836 = CARTESIAN_POINT('',(5.788033752907,5.726736848574));
#2837 = CARTESIAN_POINT('',(5.821043547587,5.468546510487));
#2838 = CARTESIAN_POINT('',(5.857165641286,5.224099925473));
#2839 = CARTESIAN_POINT('',(5.896517197247,4.996332056015));
#2840 = CARTESIAN_POINT('',(5.966454408518,4.658822415176));
#2841 = CARTESIAN_POINT('',(5.995107099826,4.535890077333));
#2842 = CARTESIAN_POINT('',(6.025180605931,4.423055256014));
#2843 = CARTESIAN_POINT('',(6.056644006208,4.322161141701));
#2844 = CARTESIAN_POINT('',(6.089464879816,4.235187080658));
#2845 = CARTESIAN_POINT('',(6.148960474524,4.111657025315));
#2846 = CARTESIAN_POINT('',(6.175038319478,4.067890392125));
#2847 = CARTESIAN_POINT('',(6.201668601083,4.034207279605));
#2848 = CARTESIAN_POINT('',(6.228681185513,4.011427559336));
#2849 = CARTESIAN_POINT('',(6.255909311629,4.));
#2850 = CARTESIAN_POINT('',(6.28318530718,4.));
#2851 = ( GEOMETRIC_REPRESENTATION_CONTEXT(2) 
PARAMETRIC_REPRESENTATION_CONTEXT() REPRESENTATION_CONTEXT('2D SPACE',''
  ) );
#2852 = PCURVE('',#2853,#2858);
#2853 = CYLINDRICAL_SURFACE('',#2854,5.);
#2854 = AXIS2_PLACEMENT_3D('',#2855,#2856,#2857);
#2855 = CARTESIAN_POINT('',(-8.,154.,-40.));
#2856 = DIRECTION('',(1.,4.930380657631E-32,2.22044604925E-16));
#2857 = DIRECTION('',(0.,1.,-2.22044604925E-16));
#2858 = DEFINITIONAL_REPRESENTATION('',(#2859),#2912);
#2859 = B_SPLINE_CURVE_WITH_KNOTS('',6,(#2860,#2861,#2862,#2863,#2864,
    #2865,#2866,#2867,#2868,#2869,#2870,#2871,#2872,#2873,#2874,#2875,
    #2876,#2877,#2878,#2879,#2880,#2881,#2882,#2883,#2884,#2885,#2886,
    #2887,#2888,#2889,#2890,#2891,#2892,#2893,#2894,#2895,#2896,#2897,
    #2898,#2899,#2900,#2901,#2902,#2903,#2904,#2905,#2906,#2907,#2908,
    #2909,#2910,#2911),.UNSPECIFIED.,.F.,.F.,(7,5,5,5,5,5,5,5,5,5,7),(0.
    ,0.10631696392,0.157817452393,0.295574656338,0.399180875412,
    0.499902762458,0.600335207143,0.703346567277,0.843995489405,
    0.933527957933,1.),.UNSPECIFIED.);
#2860 = CARTESIAN_POINT('',(3.14159265359,16.));
#2861 = CARTESIAN_POINT('',(3.211719655217,16.));
#2862 = CARTESIAN_POINT('',(3.281224377147,15.981557809442));
#2863 = CARTESIAN_POINT('',(3.349699796529,15.94529012672));
#2864 = CARTESIAN_POINT('',(3.416713986266,15.893274913178));
#2865 = CARTESIAN_POINT('',(3.481730107998,15.828965794748));
#2866 = CARTESIAN_POINT('',(3.574140961662,15.721640777809));
#2867 = CARTESIAN_POINT('',(3.60380401724,15.684562257707));
#2868 = CARTESIAN_POINT('',(3.632998408696,15.645736950378));
#2869 = CARTESIAN_POINT('',(3.66174609979,15.605455465954));
#2870 = CARTESIAN_POINT('',(3.6900677408,15.563989451981));
#2871 = CARTESIAN_POINT('',(3.792656628106,15.408178503086));
#2872 = CARTESIAN_POINT('',(3.864521011547,15.287951269199));
#2873 = CARTESIAN_POINT('',(3.934130177672,15.165433258063));
#2874 = CARTESIAN_POINT('',(4.00198311042,15.044095331637));
#2875 = CARTESIAN_POINT('',(4.068593603486,14.92675565057));
#2876 = CARTESIAN_POINT('',(4.184055991447,14.732985902808));
#2877 = CARTESIAN_POINT('',(4.233211696736,14.653633697447));
#2878 = CARTESIAN_POINT('',(4.282069352635,14.579469620318));
#2879 = CARTESIAN_POINT('',(4.330738306385,14.511791024798));
#2880 = CARTESIAN_POINT('',(4.379334936876,14.451815349794));
#2881 = CARTESIAN_POINT('',(4.475290099707,14.350881290711));
#2882 = CARTESIAN_POINT('',(4.52265823345,14.309426584908));
#2883 = CARTESIAN_POINT('',(4.570050352581,14.277456771331));
#2884 = CARTESIAN_POINT('',(4.617461219327,14.255830942561));
#2885 = CARTESIAN_POINT('',(4.664901363638,14.244997998398));
#2886 = CARTESIAN_POINT('',(4.759740132969,14.244997998398));
#2887 = CARTESIAN_POINT('',(4.807044435701,14.255768772423));
#2888 = CARTESIAN_POINT('',(4.854319697918,14.277270897085));
#2889 = CARTESIAN_POINT('',(4.901576190858,14.309060463704));
#2890 = CARTESIAN_POINT('',(4.948808596878,14.350287712939));
#2891 = CARTESIAN_POINT('',(5.044349521733,14.450543168116));
#2892 = CARTESIAN_POINT('',(5.092667775179,14.510015094804));
#2893 = CARTESIAN_POINT('',(5.141056089059,14.577122438561));
#2894 = CARTESIAN_POINT('',(5.189628324871,14.650669208439));
#2895 = CARTESIAN_POINT('',(5.238491344094,14.729380060878));
#2896 = CARTESIAN_POINT('',(5.355009532712,14.924604302233));
#2897 = CARTESIAN_POINT('',(5.422993816326,15.044398826452));
#2898 = CARTESIAN_POINT('',(5.492271657136,15.168376705439));
#2899 = CARTESIAN_POINT('',(5.563390346763,15.293548576998));
#2900 = CARTESIAN_POINT('',(5.636880051187,15.416206235118));
#2901 = CARTESIAN_POINT('',(5.761997316188,15.604865114905));
#2902 = CARTESIAN_POINT('',(5.812004438068,15.675468684343));
#2903 = CARTESIAN_POINT('',(5.863370519703,15.741784094571));
#2904 = CARTESIAN_POINT('',(5.916133294505,15.802181545952));
#2905 = CARTESIAN_POINT('',(5.970354671221,15.854953853134));
#2906 = CARTESIAN_POINT('',(6.06753124911,15.930584156923));
#2907 = CARTESIAN_POINT('',(6.109787142733,15.957643075874));
#2908 = CARTESIAN_POINT('',(6.152667366255,15.97862046586));
#2909 = CARTESIAN_POINT('',(6.195978722334,15.992857771292));
#2910 = CARTESIAN_POINT('',(6.239543714299,16.));
#2911 = CARTESIAN_POINT('',(6.28318530718,16.));
#2912 = ( GEOMETRIC_REPRESENTATION_CONTEXT(2) 
PARAMETRIC_REPRESENTATION_CONTEXT() REPRESENTATION_CONTEXT('2D SPACE',''
  ) );
#2913 = FACE_BOUND('',#2914,.F.);
#2914 = EDGE_LOOP('',(#2915,#3242));
#2915 = ORIENTED_EDGE('',*,*,#2916,.T.);
#2916 = EDGE_CURVE('',#2917,#2919,#2921,.T.);
#2917 = VERTEX_POINT('',#2918);
#2918 = CARTESIAN_POINT('',(-8.,149.,-40.));
#2919 = VERTEX_POINT('',#2920);
#2920 = CARTESIAN_POINT('',(-8.,159.,-40.));
#2921 = SURFACE_CURVE('',#2922,(#3025,#3131),.PCURVE_S1.);
#2922 = B_SPLINE_CURVE_WITH_KNOTS('',6,(#2923,#2924,#2925,#2926,#2927,
    #2928,#2929,#2930,#2931,#2932,#2933,#2934,#2935,#2936,#2937,#2938,
    #2939,#2940,#2941,#2942,#2943,#2944,#2945,#2946,#2947,#2948,#2949,
    #2950,#2951,#2952,#2953,#2954,#2955,#2956,#2957,#2958,#2959,#2960,
    #2961,#2962,#2963,#2964,#2965,#2966,#2967,#2968,#2969,#2970,#2971,
    #2972,#2973,#2974,#2975,#2976,#2977,#2978,#2979,#2980,#2981,#2982,
    #2983,#2984,#2985,#2986,#2987,#2988,#2989,#2990,#2991,#2992,#2993,
    #2994,#2995,#2996,#2997,#2998,#2999,#3000,#3001,#3002,#3003,#3004,
    #3005,#3006,#3007,#3008,#3009,#3010,#3011,#3012,#3013,#3014,#3015,
    #3016,#3017,#3018,#3019,#3020,#3021,#3022,#3023,#3024),
  .UNSPECIFIED.,.T.,.F.,(7,5,5,5,5,5,5,5,5,5,5,5,5,5,5,5,5,5,5,5,7),(0.,
    5.325722533389E-02,7.905530133718E-02,0.148061847161,0.199961182364,
    0.250415672691,0.300725173013,0.352326526263,0.4227816169,
    0.467631005654,0.523000838564,0.554114657993,0.579809800443,
    0.6485410122,0.700233270598,0.750486449008,0.80059521592,
    0.851990681304,0.922164658224,0.966835099237,1.),.UNSPECIFIED.);
#2923 = CARTESIAN_POINT('',(-8.,159.,-40.));
#2924 = CARTESIAN_POINT('',(-8.,159.,-39.64936499232));
#2925 = CARTESIAN_POINT('',(-7.981557809491,158.9704928707,
    -39.30184122087));
#2926 = CARTESIAN_POINT('',(-7.94529012666,158.91246272908,
    -38.96256894722));
#2927 = CARTESIAN_POINT('',(-7.893274913105,158.82844744253,
    -38.63653036361));
#2928 = CARTESIAN_POINT('',(-7.828965794854,158.72253508526,
    -38.32830839103));
#2929 = CARTESIAN_POINT('',(-7.721640777805,158.54158523921,
    -37.90315982815));
#2930 = CARTESIAN_POINT('',(-7.684562257707,158.47848142908,
    -37.76882781567));
#2931 = CARTESIAN_POINT('',(-7.645736950382,158.41167899819,
    -37.63888478363));
#2932 = CARTESIAN_POINT('',(-7.605455465955,158.3415025835,
    -37.51329809494));
#2933 = CARTESIAN_POINT('',(-7.563989451977,158.26824621333,
    -37.39202045986));
#2934 = CARTESIAN_POINT('',(-7.408178503086,157.98869051063,
    -36.96194999582));
#2935 = CARTESIAN_POINT('',(-7.287951269199,157.76480965206,
    -36.67891609288));
#2936 = CARTESIAN_POINT('',(-7.165433258063,157.52501636378,
    -36.42413722285));
#2937 = CARTESIAN_POINT('',(-7.044095331637,157.27204004691,
    -36.19568179517));
#2938 = CARTESIAN_POINT('',(-6.92675565057,157.00730524614,
    -35.99192260574));
#2939 = CARTESIAN_POINT('',(-6.732985902808,156.52374067535,
    -35.67655871795));
#2940 = CARTESIAN_POINT('',(-6.653633697447,156.30982195282,
    -35.554644539));
#2941 = CARTESIAN_POINT('',(-6.579469620318,156.09026568745,
    -35.44610805673));
#2942 = CARTESIAN_POINT('',(-6.511791024798,155.86564342845,
    -35.35091568597));
#2943 = CARTESIAN_POINT('',(-6.451815349794,155.63640616844,
    -35.26910608954));
#2944 = CARTESIAN_POINT('',(-6.350881290711,155.17590275765,
    -35.13449018966));
#2945 = CARTESIAN_POINT('',(-6.309426584908,154.94480925392,
    -35.08092199391));
#2946 = CARTESIAN_POINT('',(-6.277456771331,154.71072887844,
    -35.04054094817));
#2947 = CARTESIAN_POINT('',(-6.25583094256,154.47463892887,
    -35.01353035607));
#2948 = CARTESIAN_POINT('',(-6.244997998398,154.23743808373,-35.));
#2949 = CARTESIAN_POINT('',(-6.244997998398,153.76324423707,-35.));
#2950 = CARTESIAN_POINT('',(-6.255768772423,153.52672260202,
    -35.01345270531));
#2951 = CARTESIAN_POINT('',(-6.277270897085,153.29130237957,
    -35.04030879235));
#2952 = CARTESIAN_POINT('',(-6.309060463704,153.05787548753,
    -35.08045954922));
#2953 = CARTESIAN_POINT('',(-6.350287712939,152.82741142975,
    -35.13372326493));
#2954 = CARTESIAN_POINT('',(-6.450543168116,152.36878696724,
    -35.26738444269));
#2955 = CARTESIAN_POINT('',(-6.510015094804,152.14077400413,
    -35.34846196505));
#2956 = CARTESIAN_POINT('',(-6.577122438561,151.91731382556,
    -35.44277278561));
#2957 = CARTESIAN_POINT('',(-6.650669208439,151.69885168625,
    -35.55027655634));
#2958 = CARTESIAN_POINT('',(-6.729380060878,151.48595027875,
    -35.67100270223));
#2959 = CARTESIAN_POINT('',(-6.924604302233,150.99715927386,
    -35.98801304987));
#2960 = CARTESIAN_POINT('',(-7.044398826452,150.72673684857,
    -36.19574916832));
#2961 = CARTESIAN_POINT('',(-7.168376705439,150.46854651048,
    -36.42921037935));
#2962 = CARTESIAN_POINT('',(-7.293548576998,150.22409992547,
    -36.69013864861));
#2963 = CARTESIAN_POINT('',(-7.416206235118,149.99633205601,
    -36.98060236778));
#2964 = CARTESIAN_POINT('',(-7.60486511492,149.65882241515,
    -37.50733331657));
#2965 = CARTESIAN_POINT('',(-7.675468684334,149.53589007734,
    -37.72552587181));
#2966 = CARTESIAN_POINT('',(-7.74178409456,149.42305525603,
    -37.95702110826));
#2967 = CARTESIAN_POINT('',(-7.802181545955,149.32216114169,
    -38.2016654227));
#2968 = CARTESIAN_POINT('',(-7.854953853143,149.23518708064,
    -38.45911819814));
#2969 = CARTESIAN_POINT('',(-7.95194536862,149.07676688828,
    -39.06176043864));
#2970 = CARTESIAN_POINT('',(-7.991446536518,149.01343655159,
    -39.41455122775));
#2971 = CARTESIAN_POINT('',(-8.012248068216,148.98056879024,
    -39.77924632414));
#2972 = CARTESIAN_POINT('',(-8.012029830902,148.98078809539,
    -40.14734724502));
#2973 = CARTESIAN_POINT('',(-7.991444169376,149.01347088979,
    -40.51023164928));
#2974 = CARTESIAN_POINT('',(-7.932457718942,149.10872108783,
    -41.05599067582));
#2975 = CARTESIAN_POINT('',(-7.905841779886,149.15187659602,
    -41.24780571052));
#2976 = CARTESIAN_POINT('',(-7.874336729338,149.20327614647,
    -41.43446780316));
#2977 = CARTESIAN_POINT('',(-7.838530039369,149.26220426243,
    -41.6154066898));
#2978 = CARTESIAN_POINT('',(-7.799073247101,149.32786371328,
    -41.79010550786));
#2979 = CARTESIAN_POINT('',(-7.721640777809,149.45841476078,
    -42.09684017183));
#2980 = CARTESIAN_POINT('',(-7.684562257707,149.52151857091,
    -42.23117218432));
#2981 = CARTESIAN_POINT('',(-7.645736950378,149.58832100181,
    -42.36111521637));
#2982 = CARTESIAN_POINT('',(-7.605455465954,149.6584974165,
    -42.48670190505));
#2983 = CARTESIAN_POINT('',(-7.563989451981,149.73175378665,
    -42.60797954012));
#2984 = CARTESIAN_POINT('',(-7.408178503086,150.01130948936,
    -43.03805000417));
#2985 = CARTESIAN_POINT('',(-7.287951269198,150.23519034793,
    -43.32108390711));
#2986 = CARTESIAN_POINT('',(-7.165433258064,150.47498363621,
    -43.57586277714));
#2987 = CARTESIAN_POINT('',(-7.044095331637,150.72795995309,
    -43.80431820482));
#2988 = CARTESIAN_POINT('',(-6.92675565057,150.99269475385,
    -44.00807739425));
#2989 = CARTESIAN_POINT('',(-6.732985902808,151.47625932464,
    -44.32344128204));
#2990 = CARTESIAN_POINT('',(-6.653633697447,151.69017804717,
    -44.445355461));
#2991 = CARTESIAN_POINT('',(-6.579469620318,151.90973431254,
    -44.55389194327));
#2992 = CARTESIAN_POINT('',(-6.511791024798,152.13435657154,
    -44.64908431402));
#2993 = CARTESIAN_POINT('',(-6.451815349794,152.36359383155,
    -44.73089391045));
#2994 = CARTESIAN_POINT('',(-6.350881290711,152.82409724234,
    -44.86550981033));
#2995 = CARTESIAN_POINT('',(-6.309426584908,153.05519074607,
    -44.91907800608));
#2996 = CARTESIAN_POINT('',(-6.277456771331,153.28927112155,
    -44.95945905182));
#2997 = CARTESIAN_POINT('',(-6.255830942561,153.52536107112,
    -44.98646964392));
#2998 = CARTESIAN_POINT('',(-6.244997998398,153.76256191626,-45.));
#2999 = CARTESIAN_POINT('',(-6.244997998398,154.23675576292,-45.));
#3000 = CARTESIAN_POINT('',(-6.255768772424,154.47327739797,
    -44.98654729469));
#3001 = CARTESIAN_POINT('',(-6.277270897085,154.70869762043,
    -44.95969120765));
#3002 = CARTESIAN_POINT('',(-6.309060463704,154.94212451246,
    -44.91954045078));
#3003 = CARTESIAN_POINT('',(-6.350287712939,155.17258857024,
    -44.86627673506));
#3004 = CARTESIAN_POINT('',(-6.450543168116,155.63121303275,
    -44.7326155573));
#3005 = CARTESIAN_POINT('',(-6.510015094804,155.85922599586,
    -44.65153803494));
#3006 = CARTESIAN_POINT('',(-6.577122438561,156.08268617443,
    -44.55722721438));
#3007 = CARTESIAN_POINT('',(-6.650669208439,156.30114831374,
    -44.44972344366));
#3008 = CARTESIAN_POINT('',(-6.729380060878,156.51404972124,
    -44.32899729776));
#3009 = CARTESIAN_POINT('',(-6.924604302233,157.00284072613,
    -44.01198695012));
#3010 = CARTESIAN_POINT('',(-7.044398826452,157.27326315142,
    -43.80425083167));
#3011 = CARTESIAN_POINT('',(-7.168376705439,157.53145348951,
    -43.57078962064));
#3012 = CARTESIAN_POINT('',(-7.293548576998,157.77590007452,
    -43.30986135138));
#3013 = CARTESIAN_POINT('',(-7.416206235118,158.00366794398,
    -43.01939763221));
#3014 = CARTESIAN_POINT('',(-7.604865114897,158.34117758481,
    -42.49266668348));
#3015 = CARTESIAN_POINT('',(-7.675468684348,158.46410992267,
    -42.27447412815));
#3016 = CARTESIAN_POINT('',(-7.741784094578,158.57694474399,
    -42.04297889166));
#3017 = CARTESIAN_POINT('',(-7.802181545951,158.67783885829,
    -41.79833457728));
#3018 = CARTESIAN_POINT('',(-7.85495385313,158.76481291933,
    -41.54088180193));
#3019 = CARTESIAN_POINT('',(-7.930584156923,158.88834297468,
    -41.07096424777));
#3020 = CARTESIAN_POINT('',(-7.957643075874,158.93210960787,
    -40.86401179813));
#3021 = CARTESIAN_POINT('',(-7.97862046586,158.96579272039,
    -40.65184158738));
#3022 = CARTESIAN_POINT('',(-7.992857771292,158.98857244066,
    -40.43603293343));
#3023 = CARTESIAN_POINT('',(-8.,159.,-40.2182079644));
#3024 = CARTESIAN_POINT('',(-8.,159.,-40.));
#3025 = PCURVE('',#601,#3026);
#3026 = DEFINITIONAL_REPRESENTATION('',(#3027),#3130);
#3027 = B_SPLINE_CURVE_WITH_KNOTS('',6,(#3028,#3029,#3030,#3031,#3032,
    #3033,#3034,#3035,#3036,#3037,#3038,#3039,#3040,#3041,#3042,#3043,
    #3044,#3045,#3046,#3047,#3048,#3049,#3050,#3051,#3052,#3053,#3054,
    #3055,#3056,#3057,#3058,#3059,#3060,#3061,#3062,#3063,#3064,#3065,
    #3066,#3067,#3068,#3069,#3070,#3071,#3072,#3073,#3074,#3075,#3076,
    #3077,#3078,#3079,#3080,#3081,#3082,#3083,#3084,#3085,#3086,#3087,
    #3088,#3089,#3090,#3091,#3092,#3093,#3094,#3095,#3096,#3097,#3098,
    #3099,#3100,#3101,#3102,#3103,#3104,#3105,#3106,#3107,#3108,#3109,
    #3110,#3111,#3112,#3113,#3114,#3115,#3116,#3117,#3118,#3119,#3120,
    #3121,#3122,#3123,#3124,#3125,#3126,#3127,#3128,#3129),
  .UNSPECIFIED.,.T.,.F.,(7,5,5,5,5,5,5,5,5,5,5,5,5,5,5,5,5,5,5,5,7),(0.,
    5.325722533389E-02,7.905530133718E-02,0.148061847161,0.199961182364,
    0.250415672691,0.300725173013,0.352326526263,0.4227816169,
    0.467631005654,0.523000838564,0.554114657993,0.579809800443,
    0.6485410122,0.700233270598,0.750486449008,0.80059521592,
    0.851990681304,0.922164658224,0.966835099237,1.),.UNSPECIFIED.);
#3028 = CARTESIAN_POINT('',(3.14159265359,4.));
#3029 = CARTESIAN_POINT('',(3.09776327763,4.));
#3030 = CARTESIAN_POINT('',(3.054322736141,4.029507129298));
#3031 = CARTESIAN_POINT('',(3.011762486286,4.087537270913));
#3032 = CARTESIAN_POINT('',(2.970565557868,4.171552557462));
#3033 = CARTESIAN_POINT('',(2.931242090226,4.277464914732));
#3034 = CARTESIAN_POINT('',(2.876431341992,4.458414760788));
#3035 = CARTESIAN_POINT('',(2.859016156575,4.521518570916));
#3036 = CARTESIAN_POINT('',(2.84206916616,4.588321001809));
#3037 = CARTESIAN_POINT('',(2.825587710647,4.658497416498));
#3038 = CARTESIAN_POINT('',(2.809569024276,4.731753786666));
#3039 = CARTESIAN_POINT('',(2.752390895832,5.011309489365));
#3040 = CARTESIAN_POINT('',(2.714008280928,5.235190347939));
#3041 = CARTESIAN_POINT('',(2.67871920595,5.474983636214));
#3042 = CARTESIAN_POINT('',(2.646414909167,5.72795995309));
#3043 = CARTESIAN_POINT('',(2.617035472154,5.992694753856));
#3044 = CARTESIAN_POINT('',(2.570768398131,6.476259324645));
#3045 = CARTESIAN_POINT('',(2.552591532476,6.690178047178));
#3046 = CARTESIAN_POINT('',(2.536164826732,6.909734312547));
#3047 = CARTESIAN_POINT('',(2.521567457609,7.134356571541));
#3048 = CARTESIAN_POINT('',(2.50888830508,7.363593831552));
#3049 = CARTESIAN_POINT('',(2.487856660476,7.824097242341));
#3050 = CARTESIAN_POINT('',(2.479390763434,8.055190746079));
#3051 = CARTESIAN_POINT('',(2.47295289667,8.289271121551));
#3052 = CARTESIAN_POINT('',(2.468627703714,8.525361071123));
#3053 = CARTESIAN_POINT('',(2.466461120653,8.762561916268));
#3054 = CARTESIAN_POINT('',(2.466461120653,9.236755762921));
#3055 = CARTESIAN_POINT('',(2.468615269806,9.473277397978));
#3056 = CARTESIAN_POINT('',(2.472915721375,9.70869762043));
#3057 = CARTESIAN_POINT('',(2.479317036904,9.942124512469));
#3058 = CARTESIAN_POINT('',(2.48773544975,10.172588570242));
#3059 = CARTESIAN_POINT('',(2.508620726686,10.631213032751));
#3060 = CARTESIAN_POINT('',(2.521188866313,10.859225995862));
#3061 = CARTESIAN_POINT('',(2.535655116618,11.082686174433));
#3062 = CARTESIAN_POINT('',(2.551931849021,11.301148313743));
#3063 = CARTESIAN_POINT('',(2.569940696857,11.514049721246));
#3064 = CARTESIAN_POINT('',(2.616478326947,12.002840726139));
#3065 = CARTESIAN_POINT('',(2.646441099317,12.273263151426));
#3066 = CARTESIAN_POINT('',(2.679450893998,12.531453489513));
#3067 = CARTESIAN_POINT('',(2.715572987696,12.775900074527));
#3068 = CARTESIAN_POINT('',(2.754924543658,13.003667943985));
#3069 = CARTESIAN_POINT('',(2.824861754933,13.34117758485));
#3070 = CARTESIAN_POINT('',(2.853514446234,13.464109922651));
#3071 = CARTESIAN_POINT('',(2.883587952335,13.576944743966));
#3072 = CARTESIAN_POINT('',(2.915051352617,13.677838858304));
#3073 = CARTESIAN_POINT('',(2.947872226233,13.764812919355));
#3074 = CARTESIAN_POINT('',(3.024171905142,13.923233111719));
#3075 = CARTESIAN_POINT('',(3.068495288519,13.986563448405));
#3076 = CARTESIAN_POINT('',(3.114049868478,14.019431209751));
#3077 = CARTESIAN_POINT('',(3.159950472825,14.019211904605));
#3078 = CARTESIAN_POINT('',(3.205325118684,13.986529110205));
#3079 = CARTESIAN_POINT('',(3.273942299065,13.89127891217));
#3080 = CARTESIAN_POINT('',(3.298137832362,13.848123403977));
#3081 = CARTESIAN_POINT('',(3.32178580655,13.796723853522));
#3082 = CARTESIAN_POINT('',(3.344828962492,13.737795737566));
#3083 = CARTESIAN_POINT('',(3.367209302662,13.672136286713));
#3084 = CARTESIAN_POINT('',(3.406753965186,13.541585239218));
#3085 = CARTESIAN_POINT('',(3.424169150605,13.478481429083));
#3086 = CARTESIAN_POINT('',(3.441116141022,13.411678998184));
#3087 = CARTESIAN_POINT('',(3.457597596533,13.341502583499));
#3088 = CARTESIAN_POINT('',(3.473616282902,13.268246213342));
#3089 = CARTESIAN_POINT('',(3.530794411348,12.988690510635));
#3090 = CARTESIAN_POINT('',(3.569177026252,12.764809652061));
#3091 = CARTESIAN_POINT('',(3.604466101229,12.525016363786));
#3092 = CARTESIAN_POINT('',(3.636770398012,12.27204004691));
#3093 = CARTESIAN_POINT('',(3.666149835026,12.007305246144));
#3094 = CARTESIAN_POINT('',(3.712416909048,11.523740675355));
#3095 = CARTESIAN_POINT('',(3.730593774703,11.309821952822));
#3096 = CARTESIAN_POINT('',(3.747020480448,11.090265687452));
#3097 = CARTESIAN_POINT('',(3.761617849571,10.86564342846));
#3098 = CARTESIAN_POINT('',(3.7742970021,10.636406168448));
#3099 = CARTESIAN_POINT('',(3.795328646704,10.175902757659));
#3100 = CARTESIAN_POINT('',(3.803794543746,9.944809253921));
#3101 = CARTESIAN_POINT('',(3.810232410509,9.710728878449));
#3102 = CARTESIAN_POINT('',(3.814557603465,9.474638928877));
#3103 = CARTESIAN_POINT('',(3.816724186527,9.237438083731));
#3104 = CARTESIAN_POINT('',(3.816724186527,8.763244237079));
#3105 = CARTESIAN_POINT('',(3.814570037373,8.526722602022));
#3106 = CARTESIAN_POINT('',(3.810269585804,8.29130237957));
#3107 = CARTESIAN_POINT('',(3.803868270276,8.057875487531));
#3108 = CARTESIAN_POINT('',(3.79544985743,7.827411429758));
#3109 = CARTESIAN_POINT('',(3.774564580494,7.36878696725));
#3110 = CARTESIAN_POINT('',(3.761996440867,7.140774004137));
#3111 = CARTESIAN_POINT('',(3.747530190561,6.917313825567));
#3112 = CARTESIAN_POINT('',(3.731253458159,6.698851686257));
#3113 = CARTESIAN_POINT('',(3.713244610323,6.485950278754));
#3114 = CARTESIAN_POINT('',(3.666706980233,5.997159273861));
#3115 = CARTESIAN_POINT('',(3.636744207863,5.726736848574));
#3116 = CARTESIAN_POINT('',(3.603734413182,5.468546510487));
#3117 = CARTESIAN_POINT('',(3.567612319484,5.224099925473));
#3118 = CARTESIAN_POINT('',(3.528260763522,4.996332056015));
#3119 = CARTESIAN_POINT('',(3.458323552255,4.65882241519));
#3120 = CARTESIAN_POINT('',(3.429670860942,4.535890077324));
#3121 = CARTESIAN_POINT('',(3.399597354835,4.423055256003));
#3122 = CARTESIAN_POINT('',(3.368133954561,4.322161141704));
#3123 = CARTESIAN_POINT('',(3.335313080957,4.235187080666));
#3124 = CARTESIAN_POINT('',(3.275817486246,4.111657025315));
#3125 = CARTESIAN_POINT('',(3.249739641291,4.067890392125));
#3126 = CARTESIAN_POINT('',(3.223109359686,4.034207279605));
#3127 = CARTESIAN_POINT('',(3.196096775256,4.011427559336));
#3128 = CARTESIAN_POINT('',(3.16886864914,4.));
#3129 = CARTESIAN_POINT('',(3.14159265359,4.));
#3130 = ( GEOMETRIC_REPRESENTATION_CONTEXT(2) 
PARAMETRIC_REPRESENTATION_CONTEXT() REPRESENTATION_CONTEXT('2D SPACE',''
  ) );
#3131 = PCURVE('',#3132,#3137);
#3132 = CYLINDRICAL_SURFACE('',#3133,5.);
#3133 = AXIS2_PLACEMENT_3D('',#3134,#3135,#3136);
#3134 = CARTESIAN_POINT('',(-8.,154.,-40.));
#3135 = DIRECTION('',(1.,4.930380657631E-32,2.22044604925E-16));
#3136 = DIRECTION('',(0.,1.,-2.22044604925E-16));
#3137 = DEFINITIONAL_REPRESENTATION('',(#3138),#3241);
#3138 = B_SPLINE_CURVE_WITH_KNOTS('',6,(#3139,#3140,#3141,#3142,#3143,
    #3144,#3145,#3146,#3147,#3148,#3149,#3150,#3151,#3152,#3153,#3154,
    #3155,#3156,#3157,#3158,#3159,#3160,#3161,#3162,#3163,#3164,#3165,
    #3166,#3167,#3168,#3169,#3170,#3171,#3172,#3173,#3174,#3175,#3176,
    #3177,#3178,#3179,#3180,#3181,#3182,#3183,#3184,#3185,#3186,#3187,
    #3188,#3189,#3190,#3191,#3192,#3193,#3194,#3195,#3196,#3197,#3198,
    #3199,#3200,#3201,#3202,#3203,#3204,#3205,#3206,#3207,#3208,#3209,
    #3210,#3211,#3212,#3213,#3214,#3215,#3216,#3217,#3218,#3219,#3220,
    #3221,#3222,#3223,#3224,#3225,#3226,#3227,#3228,#3229,#3230,#3231,
    #3232,#3233,#3234,#3235,#3236,#3237,#3238,#3239,#3240),
  .UNSPECIFIED.,.F.,.F.,(7,5,5,5,5,5,5,5,5,5,5,5,5,5,5,5,5,5,5,5,7),(0.,
    5.325722533389E-02,7.905530133718E-02,0.148061847161,0.199961182364,
    0.250415672691,0.300725173013,0.352326526263,0.4227816169,
    0.467631005654,0.523000838564,0.554114657993,0.579809800443,
    0.6485410122,0.700233270598,0.750486449008,0.80059521592,
    0.851990681304,0.922164658224,0.966835099237,1.),.UNSPECIFIED.);
#3139 = CARTESIAN_POINT('',(0.,-9.769962616701E-15));
#3140 = CARTESIAN_POINT('',(7.01270015359E-02,-9.731034310825E-15));
#3141 = CARTESIAN_POINT('',(0.139631723578,1.844219050914E-02));
#3142 = CARTESIAN_POINT('',(0.208107143026,5.470987333955E-02));
#3143 = CARTESIAN_POINT('',(0.275121332711,0.106725086895));
#3144 = CARTESIAN_POINT('',(0.340137454317,0.171034205146));
#3145 = CARTESIAN_POINT('',(0.432548308075,0.278359222195));
#3146 = CARTESIAN_POINT('',(0.462211363649,0.315437742293));
#3147 = CARTESIAN_POINT('',(0.491405755103,0.354263049618));
#3148 = CARTESIAN_POINT('',(0.520153446199,0.394544534045));
#3149 = CARTESIAN_POINT('',(0.548475087213,0.436010548023));
#3150 = CARTESIAN_POINT('',(0.651063974516,0.591821496914));
#3151 = CARTESIAN_POINT('',(0.722928357958,0.712048730801));
#3152 = CARTESIAN_POINT('',(0.792537524082,0.834566741937));
#3153 = CARTESIAN_POINT('',(0.86039045683,0.955904668363));
#3154 = CARTESIAN_POINT('',(0.927000949896,1.07324434943));
#3155 = CARTESIAN_POINT('',(1.042463337857,1.267014097192));
#3156 = CARTESIAN_POINT('',(1.091619043146,1.346366302553));
#3157 = CARTESIAN_POINT('',(1.140476699045,1.420530379682));
#3158 = CARTESIAN_POINT('',(1.189145652795,1.488208975202));
#3159 = CARTESIAN_POINT('',(1.237742283286,1.548184650206));
#3160 = CARTESIAN_POINT('',(1.333697446117,1.649118709289));
#3161 = CARTESIAN_POINT('',(1.38106557986,1.690573415092));
#3162 = CARTESIAN_POINT('',(1.428457698991,1.722543228669));
#3163 = CARTESIAN_POINT('',(1.475868565738,1.744169057439));
#3164 = CARTESIAN_POINT('',(1.523308710049,1.755002001602));
#3165 = CARTESIAN_POINT('',(1.618147479379,1.755002001602));
#3166 = CARTESIAN_POINT('',(1.665451782111,1.744231227577));
#3167 = CARTESIAN_POINT('',(1.712727044328,1.722729102915));
#3168 = CARTESIAN_POINT('',(1.759983537268,1.690939536296));
#3169 = CARTESIAN_POINT('',(1.807215943289,1.649712287061));
#3170 = CARTESIAN_POINT('',(1.902756868143,1.549456831884));
#3171 = CARTESIAN_POINT('',(1.951075121589,1.489984905196));
#3172 = CARTESIAN_POINT('',(1.999463435469,1.422877561439));
#3173 = CARTESIAN_POINT('',(2.048035671281,1.349330791561));
#3174 = CARTESIAN_POINT('',(2.096898690504,1.270619939122));
#3175 = CARTESIAN_POINT('',(2.213416879123,1.075395697767));
#3176 = CARTESIAN_POINT('',(2.281401162736,0.955601173548));
#3177 = CARTESIAN_POINT('',(2.350679003546,0.831623294561));
#3178 = CARTESIAN_POINT('',(2.421797693173,0.706451423002));
#3179 = CARTESIAN_POINT('',(2.495287397598,0.583793764882));
#3180 = CARTESIAN_POINT('',(2.620404662608,0.39513488508));
#3181 = CARTESIAN_POINT('',(2.670411784474,0.324531315666));
#3182 = CARTESIAN_POINT('',(2.721777866103,0.25821590544));
#3183 = CARTESIAN_POINT('',(2.774540640914,0.197818454045));
#3184 = CARTESIAN_POINT('',(2.828762017643,0.145046146857));
#3185 = CARTESIAN_POINT('',(2.953385390632,4.80546313799E-02));
#3186 = CARTESIAN_POINT('',(3.02484523085,8.553463482261E-03));
#3187 = CARTESIAN_POINT('',(3.097646755684,-1.224806821649E-02));
#3188 = CARTESIAN_POINT('',(3.170821246035,-1.202983090217E-02));
#3189 = CARTESIAN_POINT('',(3.243441148092,8.555830624269E-03));
#3190 = CARTESIAN_POINT('',(3.354242865637,6.754228105771E-02));
#3191 = CARTESIAN_POINT('',(3.393518586133,9.415822011412E-02));
#3192 = CARTESIAN_POINT('',(3.432176457961,0.125663270662));
#3193 = CARTESIAN_POINT('',(3.470176999577,0.161469960631));
#3194 = CARTESIAN_POINT('',(3.507468709538,0.200926752899));
#3195 = CARTESIAN_POINT('',(3.574140961662,0.278359222191));
#3196 = CARTESIAN_POINT('',(3.60380401724,0.315437742293));
#3197 = CARTESIAN_POINT('',(3.632998408696,0.354263049622));
#3198 = CARTESIAN_POINT('',(3.66174609979,0.394544534046));
#3199 = CARTESIAN_POINT('',(3.6900677408,0.436010548019));
#3200 = CARTESIAN_POINT('',(3.792656628106,0.591821496914));
#3201 = CARTESIAN_POINT('',(3.864521011548,0.712048730801));
#3202 = CARTESIAN_POINT('',(3.934130177672,0.834566741936));
#3203 = CARTESIAN_POINT('',(4.00198311042,0.955904668363));
#3204 = CARTESIAN_POINT('',(4.068593603486,1.07324434943));
#3205 = CARTESIAN_POINT('',(4.184055991447,1.267014097192));
#3206 = CARTESIAN_POINT('',(4.233211696736,1.346366302553));
#3207 = CARTESIAN_POINT('',(4.282069352635,1.420530379682));
#3208 = CARTESIAN_POINT('',(4.330738306385,1.488208975202));
#3209 = CARTESIAN_POINT('',(4.379334936876,1.548184650206));
#3210 = CARTESIAN_POINT('',(4.475290099707,1.649118709289));
#3211 = CARTESIAN_POINT('',(4.52265823345,1.690573415092));
#3212 = CARTESIAN_POINT('',(4.570050352581,1.722543228669));
#3213 = CARTESIAN_POINT('',(4.617461219327,1.744169057439));
#3214 = CARTESIAN_POINT('',(4.664901363638,1.755002001602));
#3215 = CARTESIAN_POINT('',(4.759740132969,1.755002001602));
#3216 = CARTESIAN_POINT('',(4.807044435701,1.744231227576));
#3217 = CARTESIAN_POINT('',(4.854319697918,1.722729102915));
#3218 = CARTESIAN_POINT('',(4.901576190858,1.690939536296));
#3219 = CARTESIAN_POINT('',(4.948808596878,1.649712287061));
#3220 = CARTESIAN_POINT('',(5.044349521733,1.549456831884));
#3221 = CARTESIAN_POINT('',(5.092667775179,1.489984905196));
#3222 = CARTESIAN_POINT('',(5.141056089059,1.422877561439));
#3223 = CARTESIAN_POINT('',(5.189628324871,1.349330791561));
#3224 = CARTESIAN_POINT('',(5.238491344094,1.270619939122));
#3225 = CARTESIAN_POINT('',(5.355009532712,1.075395697767));
#3226 = CARTESIAN_POINT('',(5.422993816325,0.955601173548));
#3227 = CARTESIAN_POINT('',(5.492271657136,0.831623294561));
#3228 = CARTESIAN_POINT('',(5.563390346763,0.706451423002));
#3229 = CARTESIAN_POINT('',(5.636880051187,0.583793764882));
#3230 = CARTESIAN_POINT('',(5.761997316183,0.395134885103));
#3231 = CARTESIAN_POINT('',(5.81200443807,0.324531315652));
#3232 = CARTESIAN_POINT('',(5.863370519709,0.258215905422));
#3233 = CARTESIAN_POINT('',(5.916133294505,0.197818454049));
#3234 = CARTESIAN_POINT('',(5.970354671215,0.14504614687));
#3235 = CARTESIAN_POINT('',(6.06753124911,6.941584307707E-02));
#3236 = CARTESIAN_POINT('',(6.109787142733,4.235692412556E-02));
#3237 = CARTESIAN_POINT('',(6.152667366255,2.137953413982E-02));
#3238 = CARTESIAN_POINT('',(6.195978722334,7.142228708368E-03));
#3239 = CARTESIAN_POINT('',(6.239543714299,-9.794188567325E-15));
#3240 = CARTESIAN_POINT('',(6.28318530718,-9.769962616701E-15));
#3241 = ( GEOMETRIC_REPRESENTATION_CONTEXT(2) 
PARAMETRIC_REPRESENTATION_CONTEXT() REPRESENTATION_CONTEXT('2D SPACE',''
  ) );
#3242 = ORIENTED_EDGE('',*,*,#3243,.T.);
#3243 = EDGE_CURVE('',#2919,#2917,#3244,.T.);
#3244 = SURFACE_CURVE('',#3245,(#3348,#3454),.PCURVE_S1.);
#3245 = B_SPLINE_CURVE_WITH_KNOTS('',6,(#3246,#3247,#3248,#3249,#3250,
    #3251,#3252,#3253,#3254,#3255,#3256,#3257,#3258,#3259,#3260,#3261,
    #3262,#3263,#3264,#3265,#3266,#3267,#3268,#3269,#3270,#3271,#3272,
    #3273,#3274,#3275,#3276,#3277,#3278,#3279,#3280,#3281,#3282,#3283,
    #3284,#3285,#3286,#3287,#3288,#3289,#3290,#3291,#3292,#3293,#3294,
    #3295,#3296,#3297,#3298,#3299,#3300,#3301,#3302,#3303,#3304,#3305,
    #3306,#3307,#3308,#3309,#3310,#3311,#3312,#3313,#3314,#3315,#3316,
    #3317,#3318,#3319,#3320,#3321,#3322,#3323,#3324,#3325,#3326,#3327,
    #3328,#3329,#3330,#3331,#3332,#3333,#3334,#3335,#3336,#3337,#3338,
    #3339,#3340,#3341,#3342,#3343,#3344,#3345,#3346,#3347),
  .UNSPECIFIED.,.T.,.F.,(7,5,5,5,5,5,5,5,5,5,5,5,5,5,5,5,5,5,5,5,7),(0.,
    5.325722533389E-02,7.905530133718E-02,0.148061847161,0.199961182364,
    0.250415672691,0.300725173013,0.352326526263,0.4227816169,
    0.467631005654,0.523000838564,0.554114657993,0.579809800443,
    0.6485410122,0.700233270598,0.750486449008,0.80059521592,
    0.851990681304,0.922164658224,0.966835099237,1.),.UNSPECIFIED.);
#3246 = CARTESIAN_POINT('',(-8.,159.,-40.));
#3247 = CARTESIAN_POINT('',(-8.,159.,-39.64936499232));
#3248 = CARTESIAN_POINT('',(-7.981557809491,158.9704928707,
    -39.30184122087));
#3249 = CARTESIAN_POINT('',(-7.94529012666,158.91246272908,
    -38.96256894722));
#3250 = CARTESIAN_POINT('',(-7.893274913105,158.82844744253,
    -38.63653036361));
#3251 = CARTESIAN_POINT('',(-7.828965794854,158.72253508526,
    -38.32830839103));
#3252 = CARTESIAN_POINT('',(-7.721640777805,158.54158523921,
    -37.90315982815));
#3253 = CARTESIAN_POINT('',(-7.684562257707,158.47848142908,
    -37.76882781567));
#3254 = CARTESIAN_POINT('',(-7.645736950382,158.41167899819,
    -37.63888478363));
#3255 = CARTESIAN_POINT('',(-7.605455465955,158.3415025835,
    -37.51329809494));
#3256 = CARTESIAN_POINT('',(-7.563989451977,158.26824621333,
    -37.39202045986));
#3257 = CARTESIAN_POINT('',(-7.408178503086,157.98869051063,
    -36.96194999582));
#3258 = CARTESIAN_POINT('',(-7.287951269199,157.76480965206,
    -36.67891609288));
#3259 = CARTESIAN_POINT('',(-7.165433258063,157.52501636378,
    -36.42413722285));
#3260 = CARTESIAN_POINT('',(-7.044095331637,157.27204004691,
    -36.19568179517));
#3261 = CARTESIAN_POINT('',(-6.92675565057,157.00730524614,
    -35.99192260574));
#3262 = CARTESIAN_POINT('',(-6.732985902808,156.52374067535,
    -35.67655871795));
#3263 = CARTESIAN_POINT('',(-6.653633697447,156.30982195282,
    -35.554644539));
#3264 = CARTESIAN_POINT('',(-6.579469620318,156.09026568745,
    -35.44610805673));
#3265 = CARTESIAN_POINT('',(-6.511791024798,155.86564342845,
    -35.35091568597));
#3266 = CARTESIAN_POINT('',(-6.451815349794,155.63640616844,
    -35.26910608954));
#3267 = CARTESIAN_POINT('',(-6.350881290711,155.17590275765,
    -35.13449018966));
#3268 = CARTESIAN_POINT('',(-6.309426584908,154.94480925392,
    -35.08092199391));
#3269 = CARTESIAN_POINT('',(-6.277456771331,154.71072887844,
    -35.04054094817));
#3270 = CARTESIAN_POINT('',(-6.25583094256,154.47463892887,
    -35.01353035607));
#3271 = CARTESIAN_POINT('',(-6.244997998398,154.23743808373,-35.));
#3272 = CARTESIAN_POINT('',(-6.244997998398,153.76324423707,-35.));
#3273 = CARTESIAN_POINT('',(-6.255768772423,153.52672260202,
    -35.01345270531));
#3274 = CARTESIAN_POINT('',(-6.277270897085,153.29130237957,
    -35.04030879235));
#3275 = CARTESIAN_POINT('',(-6.309060463704,153.05787548753,
    -35.08045954922));
#3276 = CARTESIAN_POINT('',(-6.350287712939,152.82741142975,
    -35.13372326493));
#3277 = CARTESIAN_POINT('',(-6.450543168116,152.36878696724,
    -35.26738444269));
#3278 = CARTESIAN_POINT('',(-6.510015094804,152.14077400413,
    -35.34846196505));
#3279 = CARTESIAN_POINT('',(-6.577122438561,151.91731382556,
    -35.44277278561));
#3280 = CARTESIAN_POINT('',(-6.650669208439,151.69885168625,
    -35.55027655634));
#3281 = CARTESIAN_POINT('',(-6.729380060878,151.48595027875,
    -35.67100270223));
#3282 = CARTESIAN_POINT('',(-6.924604302233,150.99715927386,
    -35.98801304987));
#3283 = CARTESIAN_POINT('',(-7.044398826452,150.72673684857,
    -36.19574916832));
#3284 = CARTESIAN_POINT('',(-7.168376705439,150.46854651048,
    -36.42921037935));
#3285 = CARTESIAN_POINT('',(-7.293548576998,150.22409992547,
    -36.69013864861));
#3286 = CARTESIAN_POINT('',(-7.416206235118,149.99633205601,
    -36.98060236778));
#3287 = CARTESIAN_POINT('',(-7.60486511492,149.65882241515,
    -37.50733331657));
#3288 = CARTESIAN_POINT('',(-7.675468684334,149.53589007734,
    -37.72552587181));
#3289 = CARTESIAN_POINT('',(-7.74178409456,149.42305525603,
    -37.95702110826));
#3290 = CARTESIAN_POINT('',(-7.802181545955,149.32216114169,
    -38.2016654227));
#3291 = CARTESIAN_POINT('',(-7.854953853143,149.23518708064,
    -38.45911819814));
#3292 = CARTESIAN_POINT('',(-7.95194536862,149.07676688828,
    -39.06176043864));
#3293 = CARTESIAN_POINT('',(-7.991446536518,149.01343655159,
    -39.41455122775));
#3294 = CARTESIAN_POINT('',(-8.012248068216,148.98056879024,
    -39.77924632414));
#3295 = CARTESIAN_POINT('',(-8.012029830902,148.98078809539,
    -40.14734724502));
#3296 = CARTESIAN_POINT('',(-7.991444169376,149.01347088979,
    -40.51023164928));
#3297 = CARTESIAN_POINT('',(-7.932457718942,149.10872108783,
    -41.05599067582));
#3298 = CARTESIAN_POINT('',(-7.905841779886,149.15187659602,
    -41.24780571052));
#3299 = CARTESIAN_POINT('',(-7.874336729338,149.20327614647,
    -41.43446780316));
#3300 = CARTESIAN_POINT('',(-7.838530039369,149.26220426243,
    -41.6154066898));
#3301 = CARTESIAN_POINT('',(-7.799073247101,149.32786371328,
    -41.79010550786));
#3302 = CARTESIAN_POINT('',(-7.721640777809,149.45841476078,
    -42.09684017183));
#3303 = CARTESIAN_POINT('',(-7.684562257707,149.52151857091,
    -42.23117218432));
#3304 = CARTESIAN_POINT('',(-7.645736950378,149.58832100181,
    -42.36111521637));
#3305 = CARTESIAN_POINT('',(-7.605455465954,149.6584974165,
    -42.48670190505));
#3306 = CARTESIAN_POINT('',(-7.563989451981,149.73175378665,
    -42.60797954012));
#3307 = CARTESIAN_POINT('',(-7.408178503086,150.01130948936,
    -43.03805000417));
#3308 = CARTESIAN_POINT('',(-7.287951269198,150.23519034793,
    -43.32108390711));
#3309 = CARTESIAN_POINT('',(-7.165433258064,150.47498363621,
    -43.57586277714));
#3310 = CARTESIAN_POINT('',(-7.044095331637,150.72795995309,
    -43.80431820482));
#3311 = CARTESIAN_POINT('',(-6.92675565057,150.99269475385,
    -44.00807739425));
#3312 = CARTESIAN_POINT('',(-6.732985902808,151.47625932464,
    -44.32344128204));
#3313 = CARTESIAN_POINT('',(-6.653633697447,151.69017804717,
    -44.445355461));
#3314 = CARTESIAN_POINT('',(-6.579469620318,151.90973431254,
    -44.55389194327));
#3315 = CARTESIAN_POINT('',(-6.511791024798,152.13435657154,
    -44.64908431402));
#3316 = CARTESIAN_POINT('',(-6.451815349794,152.36359383155,
    -44.73089391045));
#3317 = CARTESIAN_POINT('',(-6.350881290711,152.82409724234,
    -44.86550981033));
#3318 = CARTESIAN_POINT('',(-6.309426584908,153.05519074607,
    -44.91907800608));
#3319 = CARTESIAN_POINT('',(-6.277456771331,153.28927112155,
    -44.95945905182));
#3320 = CARTESIAN_POINT('',(-6.255830942561,153.52536107112,
    -44.98646964392));
#3321 = CARTESIAN_POINT('',(-6.244997998398,153.76256191626,-45.));
#3322 = CARTESIAN_POINT('',(-6.244997998398,154.23675576292,-45.));
#3323 = CARTESIAN_POINT('',(-6.255768772424,154.47327739797,
    -44.98654729469));
#3324 = CARTESIAN_POINT('',(-6.277270897085,154.70869762043,
    -44.95969120765));
#3325 = CARTESIAN_POINT('',(-6.309060463704,154.94212451246,
    -44.91954045078));
#3326 = CARTESIAN_POINT('',(-6.350287712939,155.17258857024,
    -44.86627673506));
#3327 = CARTESIAN_POINT('',(-6.450543168116,155.63121303275,
    -44.7326155573));
#3328 = CARTESIAN_POINT('',(-6.510015094804,155.85922599586,
    -44.65153803494));
#3329 = CARTESIAN_POINT('',(-6.577122438561,156.08268617443,
    -44.55722721438));
#3330 = CARTESIAN_POINT('',(-6.650669208439,156.30114831374,
    -44.44972344366));
#3331 = CARTESIAN_POINT('',(-6.729380060878,156.51404972124,
    -44.32899729776));
#3332 = CARTESIAN_POINT('',(-6.924604302233,157.00284072613,
    -44.01198695012));
#3333 = CARTESIAN_POINT('',(-7.044398826452,157.27326315142,
    -43.80425083167));
#3334 = CARTESIAN_POINT('',(-7.168376705439,157.53145348951,
    -43.57078962064));
#3335 = CARTESIAN_POINT('',(-7.293548576998,157.77590007452,
    -43.30986135138));
#3336 = CARTESIAN_POINT('',(-7.416206235118,158.00366794398,
    -43.01939763221));
#3337 = CARTESIAN_POINT('',(-7.604865114897,158.34117758481,
    -42.49266668348));
#3338 = CARTESIAN_POINT('',(-7.675468684348,158.46410992267,
    -42.27447412815));
#3339 = CARTESIAN_POINT('',(-7.741784094578,158.57694474399,
    -42.04297889166));
#3340 = CARTESIAN_POINT('',(-7.802181545951,158.67783885829,
    -41.79833457728));
#3341 = CARTESIAN_POINT('',(-7.85495385313,158.76481291933,
    -41.54088180193));
#3342 = CARTESIAN_POINT('',(-7.930584156923,158.88834297468,
    -41.07096424777));
#3343 = CARTESIAN_POINT('',(-7.957643075874,158.93210960787,
    -40.86401179813));
#3344 = CARTESIAN_POINT('',(-7.97862046586,158.96579272039,
    -40.65184158738));
#3345 = CARTESIAN_POINT('',(-7.992857771292,158.98857244066,
    -40.43603293343));
#3346 = CARTESIAN_POINT('',(-8.,159.,-40.2182079644));
#3347 = CARTESIAN_POINT('',(-8.,159.,-40.));
#3348 = PCURVE('',#601,#3349);
#3349 = DEFINITIONAL_REPRESENTATION('',(#3350),#3453);
#3350 = B_SPLINE_CURVE_WITH_KNOTS('',6,(#3351,#3352,#3353,#3354,#3355,
    #3356,#3357,#3358,#3359,#3360,#3361,#3362,#3363,#3364,#3365,#3366,
    #3367,#3368,#3369,#3370,#3371,#3372,#3373,#3374,#3375,#3376,#3377,
    #3378,#3379,#3380,#3381,#3382,#3383,#3384,#3385,#3386,#3387,#3388,
    #3389,#3390,#3391,#3392,#3393,#3394,#3395,#3396,#3397,#3398,#3399,
    #3400,#3401,#3402,#3403,#3404,#3405,#3406,#3407,#3408,#3409,#3410,
    #3411,#3412,#3413,#3414,#3415,#3416,#3417,#3418,#3419,#3420,#3421,
    #3422,#3423,#3424,#3425,#3426,#3427,#3428,#3429,#3430,#3431,#3432,
    #3433,#3434,#3435,#3436,#3437,#3438,#3439,#3440,#3441,#3442,#3443,
    #3444,#3445,#3446,#3447,#3448,#3449,#3450,#3451,#3452),
  .UNSPECIFIED.,.T.,.F.,(7,5,5,5,5,5,5,5,5,5,5,5,5,5,5,5,5,5,5,5,7),(0.,
    5.325722533389E-02,7.905530133718E-02,0.148061847161,0.199961182364,
    0.250415672691,0.300725173013,0.352326526263,0.4227816169,
    0.467631005654,0.523000838564,0.554114657993,0.579809800443,
    0.6485410122,0.700233270598,0.750486449008,0.80059521592,
    0.851990681304,0.922164658224,0.966835099237,1.),.UNSPECIFIED.);
#3351 = CARTESIAN_POINT('',(3.14159265359,4.));
#3352 = CARTESIAN_POINT('',(3.09776327763,4.));
#3353 = CARTESIAN_POINT('',(3.054322736141,4.029507129298));
#3354 = CARTESIAN_POINT('',(3.011762486286,4.087537270913));
#3355 = CARTESIAN_POINT('',(2.970565557868,4.171552557462));
#3356 = CARTESIAN_POINT('',(2.931242090226,4.277464914732));
#3357 = CARTESIAN_POINT('',(2.876431341992,4.458414760788));
#3358 = CARTESIAN_POINT('',(2.859016156575,4.521518570916));
#3359 = CARTESIAN_POINT('',(2.84206916616,4.588321001809));
#3360 = CARTESIAN_POINT('',(2.825587710647,4.658497416498));
#3361 = CARTESIAN_POINT('',(2.809569024276,4.731753786666));
#3362 = CARTESIAN_POINT('',(2.752390895832,5.011309489365));
#3363 = CARTESIAN_POINT('',(2.714008280928,5.235190347939));
#3364 = CARTESIAN_POINT('',(2.67871920595,5.474983636214));
#3365 = CARTESIAN_POINT('',(2.646414909167,5.72795995309));
#3366 = CARTESIAN_POINT('',(2.617035472154,5.992694753856));
#3367 = CARTESIAN_POINT('',(2.570768398131,6.476259324645));
#3368 = CARTESIAN_POINT('',(2.552591532476,6.690178047178));
#3369 = CARTESIAN_POINT('',(2.536164826732,6.909734312547));
#3370 = CARTESIAN_POINT('',(2.521567457609,7.134356571541));
#3371 = CARTESIAN_POINT('',(2.50888830508,7.363593831552));
#3372 = CARTESIAN_POINT('',(2.487856660476,7.824097242341));
#3373 = CARTESIAN_POINT('',(2.479390763434,8.055190746079));
#3374 = CARTESIAN_POINT('',(2.47295289667,8.289271121551));
#3375 = CARTESIAN_POINT('',(2.468627703714,8.525361071123));
#3376 = CARTESIAN_POINT('',(2.466461120653,8.762561916268));
#3377 = CARTESIAN_POINT('',(2.466461120653,9.236755762921));
#3378 = CARTESIAN_POINT('',(2.468615269806,9.473277397978));
#3379 = CARTESIAN_POINT('',(2.472915721375,9.70869762043));
#3380 = CARTESIAN_POINT('',(2.479317036904,9.942124512469));
#3381 = CARTESIAN_POINT('',(2.48773544975,10.172588570242));
#3382 = CARTESIAN_POINT('',(2.508620726686,10.631213032751));
#3383 = CARTESIAN_POINT('',(2.521188866313,10.859225995862));
#3384 = CARTESIAN_POINT('',(2.535655116618,11.082686174433));
#3385 = CARTESIAN_POINT('',(2.551931849021,11.301148313743));
#3386 = CARTESIAN_POINT('',(2.569940696857,11.514049721246));
#3387 = CARTESIAN_POINT('',(2.616478326947,12.002840726139));
#3388 = CARTESIAN_POINT('',(2.646441099317,12.273263151426));
#3389 = CARTESIAN_POINT('',(2.679450893998,12.531453489513));
#3390 = CARTESIAN_POINT('',(2.715572987696,12.775900074527));
#3391 = CARTESIAN_POINT('',(2.754924543658,13.003667943985));
#3392 = CARTESIAN_POINT('',(2.824861754933,13.34117758485));
#3393 = CARTESIAN_POINT('',(2.853514446234,13.464109922651));
#3394 = CARTESIAN_POINT('',(2.883587952335,13.576944743966));
#3395 = CARTESIAN_POINT('',(2.915051352617,13.677838858304));
#3396 = CARTESIAN_POINT('',(2.947872226233,13.764812919355));
#3397 = CARTESIAN_POINT('',(3.024171905142,13.923233111719));
#3398 = CARTESIAN_POINT('',(3.068495288519,13.986563448405));
#3399 = CARTESIAN_POINT('',(3.114049868478,14.019431209751));
#3400 = CARTESIAN_POINT('',(3.159950472825,14.019211904605));
#3401 = CARTESIAN_POINT('',(3.205325118684,13.986529110205));
#3402 = CARTESIAN_POINT('',(3.273942299065,13.89127891217));
#3403 = CARTESIAN_POINT('',(3.298137832362,13.848123403977));
#3404 = CARTESIAN_POINT('',(3.32178580655,13.796723853522));
#3405 = CARTESIAN_POINT('',(3.344828962492,13.737795737566));
#3406 = CARTESIAN_POINT('',(3.367209302662,13.672136286713));
#3407 = CARTESIAN_POINT('',(3.406753965186,13.541585239218));
#3408 = CARTESIAN_POINT('',(3.424169150605,13.478481429083));
#3409 = CARTESIAN_POINT('',(3.441116141022,13.411678998184));
#3410 = CARTESIAN_POINT('',(3.457597596533,13.341502583499));
#3411 = CARTESIAN_POINT('',(3.473616282902,13.268246213342));
#3412 = CARTESIAN_POINT('',(3.530794411348,12.988690510635));
#3413 = CARTESIAN_POINT('',(3.569177026252,12.764809652061));
#3414 = CARTESIAN_POINT('',(3.604466101229,12.525016363786));
#3415 = CARTESIAN_POINT('',(3.636770398012,12.27204004691));
#3416 = CARTESIAN_POINT('',(3.666149835026,12.007305246144));
#3417 = CARTESIAN_POINT('',(3.712416909048,11.523740675355));
#3418 = CARTESIAN_POINT('',(3.730593774703,11.309821952822));
#3419 = CARTESIAN_POINT('',(3.747020480448,11.090265687452));
#3420 = CARTESIAN_POINT('',(3.761617849571,10.86564342846));
#3421 = CARTESIAN_POINT('',(3.7742970021,10.636406168448));
#3422 = CARTESIAN_POINT('',(3.795328646704,10.175902757659));
#3423 = CARTESIAN_POINT('',(3.803794543746,9.944809253921));
#3424 = CARTESIAN_POINT('',(3.810232410509,9.710728878449));
#3425 = CARTESIAN_POINT('',(3.814557603465,9.474638928877));
#3426 = CARTESIAN_POINT('',(3.816724186527,9.237438083731));
#3427 = CARTESIAN_POINT('',(3.816724186527,8.763244237079));
#3428 = CARTESIAN_POINT('',(3.814570037373,8.526722602022));
#3429 = CARTESIAN_POINT('',(3.810269585804,8.29130237957));
#3430 = CARTESIAN_POINT('',(3.803868270276,8.057875487531));
#3431 = CARTESIAN_POINT('',(3.79544985743,7.827411429758));
#3432 = CARTESIAN_POINT('',(3.774564580494,7.36878696725));
#3433 = CARTESIAN_POINT('',(3.761996440867,7.140774004137));
#3434 = CARTESIAN_POINT('',(3.747530190561,6.917313825567));
#3435 = CARTESIAN_POINT('',(3.731253458159,6.698851686257));
#3436 = CARTESIAN_POINT('',(3.713244610323,6.485950278754));
#3437 = CARTESIAN_POINT('',(3.666706980233,5.997159273861));
#3438 = CARTESIAN_POINT('',(3.636744207863,5.726736848574));
#3439 = CARTESIAN_POINT('',(3.603734413182,5.468546510487));
#3440 = CARTESIAN_POINT('',(3.567612319484,5.224099925473));
#3441 = CARTESIAN_POINT('',(3.528260763522,4.996332056015));
#3442 = CARTESIAN_POINT('',(3.458323552255,4.65882241519));
#3443 = CARTESIAN_POINT('',(3.429670860942,4.535890077324));
#3444 = CARTESIAN_POINT('',(3.399597354835,4.423055256003));
#3445 = CARTESIAN_POINT('',(3.368133954561,4.322161141704));
#3446 = CARTESIAN_POINT('',(3.335313080957,4.235187080666));
#3447 = CARTESIAN_POINT('',(3.275817486246,4.111657025315));
#3448 = CARTESIAN_POINT('',(3.249739641291,4.067890392125));
#3449 = CARTESIAN_POINT('',(3.223109359686,4.034207279605));
#3450 = CARTESIAN_POINT('',(3.196096775256,4.011427559336));
#3451 = CARTESIAN_POINT('',(3.16886864914,4.));
#3452 = CARTESIAN_POINT('',(3.14159265359,4.));
#3453 = ( GEOMETRIC_REPRESENTATION_CONTEXT(2) 
PARAMETRIC_REPRESENTATION_CONTEXT() REPRESENTATION_CONTEXT('2D SPACE',''
  ) );
#3454 = PCURVE('',#3455,#3460);
#3455 = CYLINDRICAL_SURFACE('',#3456,5.);
#3456 = AXIS2_PLACEMENT_3D('',#3457,#3458,#3459);
#3457 = CARTESIAN_POINT('',(-8.,154.,-40.));
#3458 = DIRECTION('',(1.,4.930380657631E-32,2.22044604925E-16));
#3459 = DIRECTION('',(0.,1.,-2.22044604925E-16));
#3460 = DEFINITIONAL_REPRESENTATION('',(#3461),#3564);
#3461 = B_SPLINE_CURVE_WITH_KNOTS('',6,(#3462,#3463,#3464,#3465,#3466,
    #3467,#3468,#3469,#3470,#3471,#3472,#3473,#3474,#3475,#3476,#3477,
    #3478,#3479,#3480,#3481,#3482,#3483,#3484,#3485,#3486,#3487,#3488,
    #3489,#3490,#3491,#3492,#3493,#3494,#3495,#3496,#3497,#3498,#3499,
    #3500,#3501,#3502,#3503,#3504,#3505,#3506,#3507,#3508,#3509,#3510,
    #3511,#3512,#3513,#3514,#3515,#3516,#3517,#3518,#3519,#3520,#3521,
    #3522,#3523,#3524,#3525,#3526,#3527,#3528,#3529,#3530,#3531,#3532,
    #3533,#3534,#3535,#3536,#3537,#3538,#3539,#3540,#3541,#3542,#3543,
    #3544,#3545,#3546,#3547,#3548,#3549,#3550,#3551,#3552,#3553,#3554,
    #3555,#3556,#3557,#3558,#3559,#3560,#3561,#3562,#3563),
  .UNSPECIFIED.,.F.,.F.,(7,5,5,5,5,5,5,5,5,5,5,5,5,5,5,5,5,5,5,5,7),(0.,
    5.325722533389E-02,7.905530133718E-02,0.148061847161,0.199961182364,
    0.250415672691,0.300725173013,0.352326526263,0.4227816169,
    0.467631005654,0.523000838564,0.554114657993,0.579809800443,
    0.6485410122,0.700233270598,0.750486449008,0.80059521592,
    0.851990681304,0.922164658224,0.966835099237,1.),.UNSPECIFIED.);
#3462 = CARTESIAN_POINT('',(0.,-9.769962616701E-15));
#3463 = CARTESIAN_POINT('',(7.01270015359E-02,-9.731034310825E-15));
#3464 = CARTESIAN_POINT('',(0.139631723578,1.844219050914E-02));
#3465 = CARTESIAN_POINT('',(0.208107143026,5.470987333955E-02));
#3466 = CARTESIAN_POINT('',(0.275121332711,0.106725086895));
#3467 = CARTESIAN_POINT('',(0.340137454317,0.171034205146));
#3468 = CARTESIAN_POINT('',(0.432548308075,0.278359222195));
#3469 = CARTESIAN_POINT('',(0.462211363649,0.315437742293));
#3470 = CARTESIAN_POINT('',(0.491405755103,0.354263049618));
#3471 = CARTESIAN_POINT('',(0.520153446199,0.394544534045));
#3472 = CARTESIAN_POINT('',(0.548475087213,0.436010548023));
#3473 = CARTESIAN_POINT('',(0.651063974516,0.591821496914));
#3474 = CARTESIAN_POINT('',(0.722928357958,0.712048730801));
#3475 = CARTESIAN_POINT('',(0.792537524082,0.834566741937));
#3476 = CARTESIAN_POINT('',(0.86039045683,0.955904668363));
#3477 = CARTESIAN_POINT('',(0.927000949896,1.07324434943));
#3478 = CARTESIAN_POINT('',(1.042463337857,1.267014097192));
#3479 = CARTESIAN_POINT('',(1.091619043146,1.346366302553));
#3480 = CARTESIAN_POINT('',(1.140476699045,1.420530379682));
#3481 = CARTESIAN_POINT('',(1.189145652795,1.488208975202));
#3482 = CARTESIAN_POINT('',(1.237742283286,1.548184650206));
#3483 = CARTESIAN_POINT('',(1.333697446117,1.649118709289));
#3484 = CARTESIAN_POINT('',(1.38106557986,1.690573415092));
#3485 = CARTESIAN_POINT('',(1.428457698991,1.722543228669));
#3486 = CARTESIAN_POINT('',(1.475868565738,1.744169057439));
#3487 = CARTESIAN_POINT('',(1.523308710049,1.755002001602));
#3488 = CARTESIAN_POINT('',(1.618147479379,1.755002001602));
#3489 = CARTESIAN_POINT('',(1.665451782111,1.744231227577));
#3490 = CARTESIAN_POINT('',(1.712727044328,1.722729102915));
#3491 = CARTESIAN_POINT('',(1.759983537268,1.690939536296));
#3492 = CARTESIAN_POINT('',(1.807215943289,1.649712287061));
#3493 = CARTESIAN_POINT('',(1.902756868143,1.549456831884));
#3494 = CARTESIAN_POINT('',(1.951075121589,1.489984905196));
#3495 = CARTESIAN_POINT('',(1.999463435469,1.422877561439));
#3496 = CARTESIAN_POINT('',(2.048035671281,1.349330791561));
#3497 = CARTESIAN_POINT('',(2.096898690504,1.270619939122));
#3498 = CARTESIAN_POINT('',(2.213416879123,1.075395697767));
#3499 = CARTESIAN_POINT('',(2.281401162736,0.955601173548));
#3500 = CARTESIAN_POINT('',(2.350679003546,0.831623294561));
#3501 = CARTESIAN_POINT('',(2.421797693173,0.706451423002));
#3502 = CARTESIAN_POINT('',(2.495287397598,0.583793764882));
#3503 = CARTESIAN_POINT('',(2.620404662608,0.39513488508));
#3504 = CARTESIAN_POINT('',(2.670411784474,0.324531315666));
#3505 = CARTESIAN_POINT('',(2.721777866103,0.25821590544));
#3506 = CARTESIAN_POINT('',(2.774540640914,0.197818454045));
#3507 = CARTESIAN_POINT('',(2.828762017643,0.145046146857));
#3508 = CARTESIAN_POINT('',(2.953385390632,4.80546313799E-02));
#3509 = CARTESIAN_POINT('',(3.02484523085,8.553463482261E-03));
#3510 = CARTESIAN_POINT('',(3.097646755684,-1.224806821649E-02));
#3511 = CARTESIAN_POINT('',(3.170821246035,-1.202983090217E-02));
#3512 = CARTESIAN_POINT('',(3.243441148092,8.555830624269E-03));
#3513 = CARTESIAN_POINT('',(3.354242865637,6.754228105771E-02));
#3514 = CARTESIAN_POINT('',(3.393518586133,9.415822011412E-02));
#3515 = CARTESIAN_POINT('',(3.432176457961,0.125663270662));
#3516 = CARTESIAN_POINT('',(3.470176999577,0.161469960631));
#3517 = CARTESIAN_POINT('',(3.507468709538,0.200926752899));
#3518 = CARTESIAN_POINT('',(3.574140961662,0.278359222191));
#3519 = CARTESIAN_POINT('',(3.60380401724,0.315437742293));
#3520 = CARTESIAN_POINT('',(3.632998408696,0.354263049622));
#3521 = CARTESIAN_POINT('',(3.66174609979,0.394544534046));
#3522 = CARTESIAN_POINT('',(3.6900677408,0.436010548019));
#3523 = CARTESIAN_POINT('',(3.792656628106,0.591821496914));
#3524 = CARTESIAN_POINT('',(3.864521011548,0.712048730801));
#3525 = CARTESIAN_POINT('',(3.934130177672,0.834566741936));
#3526 = CARTESIAN_POINT('',(4.00198311042,0.955904668363));
#3527 = CARTESIAN_POINT('',(4.068593603486,1.07324434943));
#3528 = CARTESIAN_POINT('',(4.184055991447,1.267014097192));
#3529 = CARTESIAN_POINT('',(4.233211696736,1.346366302553));
#3530 = CARTESIAN_POINT('',(4.282069352635,1.420530379682));
#3531 = CARTESIAN_POINT('',(4.330738306385,1.488208975202));
#3532 = CARTESIAN_POINT('',(4.379334936876,1.548184650206));
#3533 = CARTESIAN_POINT('',(4.475290099707,1.649118709289));
#3534 = CARTESIAN_POINT('',(4.52265823345,1.690573415092));
#3535 = CARTESIAN_POINT('',(4.570050352581,1.722543228669));
#3536 = CARTESIAN_POINT('',(4.617461219327,1.744169057439));
#3537 = CARTESIAN_POINT('',(4.664901363638,1.755002001602));
#3538 = CARTESIAN_POINT('',(4.759740132969,1.755002001602));
#3539 = CARTESIAN_POINT('',(4.807044435701,1.744231227576));
#3540 = CARTESIAN_POINT('',(4.854319697918,1.722729102915));
#3541 = CARTESIAN_POINT('',(4.901576190858,1.690939536296));
#3542 = CARTESIAN_POINT('',(4.948808596878,1.649712287061));
#3543 = CARTESIAN_POINT('',(5.044349521733,1.549456831884));
#3544 = CARTESIAN_POINT('',(5.092667775179,1.489984905196));
#3545 = CARTESIAN_POINT('',(5.141056089059,1.422877561439));
#3546 = CARTESIAN_POINT('',(5.189628324871,1.349330791561));
#3547 = CARTESIAN_POINT('',(5.238491344094,1.270619939122));
#3548 = CARTESIAN_POINT('',(5.355009532712,1.075395697767));
#3549 = CARTESIAN_POINT('',(5.422993816325,0.955601173548));
#3550 = CARTESIAN_POINT('',(5.492271657136,0.831623294561));
#3551 = CARTESIAN_POINT('',(5.563390346763,0.706451423002));
#3552 = CARTESIAN_POINT('',(5.636880051187,0.583793764882));
#3553 = CARTESIAN_POINT('',(5.761997316183,0.395134885103));
#3554 = CARTESIAN_POINT('',(5.81200443807,0.324531315652));
#3555 = CARTESIAN_POINT('',(5.863370519709,0.258215905422));
#3556 = CARTESIAN_POINT('',(5.916133294505,0.197818454049));
#3557 = CARTESIAN_POINT('',(5.970354671215,0.14504614687));
#3558 = CARTESIAN_POINT('',(6.06753124911,6.941584307707E-02));
#3559 = CARTESIAN_POINT('',(6.109787142733,4.235692412556E-02));
#3560 = CARTESIAN_POINT('',(6.152667366255,2.137953413982E-02));
#3561 = CARTESIAN_POINT('',(6.195978722334,7.142228708368E-03));
#3562 = CARTESIAN_POINT('',(6.239543714299,-9.794188567325E-15));
#3563 = CARTESIAN_POINT('',(6.28318530718,-9.769962616701E-15));
#3564 = ( GEOMETRIC_REPRESENTATION_CONTEXT(2) 
PARAMETRIC_REPRESENTATION_CONTEXT() REPRESENTATION_CONTEXT('2D SPACE',''
  ) );
#3565 = ADVANCED_FACE('',(#3566),#875,.F.);
#3566 = FACE_BOUND('',#3567,.F.);
#3567 = EDGE_LOOP('',(#3568,#3843,#3864,#3865));
#3568 = ORIENTED_EDGE('',*,*,#3569,.F.);
#3569 = EDGE_CURVE('',#3570,#3570,#3572,.T.);
#3570 = VERTEX_POINT('',#3571);
#3571 = CARTESIAN_POINT('',(-148.,2.069653090559E-14,-35.));
#3572 = SURFACE_CURVE('',#3573,(#3661,#3752),.PCURVE_S1.);
#3573 = B_SPLINE_CURVE_WITH_KNOTS('',6,(#3574,#3575,#3576,#3577,#3578,
    #3579,#3580,#3581,#3582,#3583,#3584,#3585,#3586,#3587,#3588,#3589,
    #3590,#3591,#3592,#3593,#3594,#3595,#3596,#3597,#3598,#3599,#3600,
    #3601,#3602,#3603,#3604,#3605,#3606,#3607,#3608,#3609,#3610,#3611,
    #3612,#3613,#3614,#3615,#3616,#3617,#3618,#3619,#3620,#3621,#3622,
    #3623,#3624,#3625,#3626,#3627,#3628,#3629,#3630,#3631,#3632,#3633,
    #3634,#3635,#3636,#3637,#3638,#3639,#3640,#3641,#3642,#3643,#3644,
    #3645,#3646,#3647,#3648,#3649,#3650,#3651,#3652,#3653,#3654,#3655,
    #3656,#3657,#3658,#3659,#3660),.UNSPECIFIED.,.T.,.F.,(7,5,5,5,5,5,5,
    5,5,5,5,5,5,5,5,5,5,7),(0.,4.829776632259E-02,0.121744264243,
    0.181008432401,0.249779170963,0.318549914787,0.37781407908,
    0.419636471902,0.468543810958,0.520451858392,0.579900626336,
    0.621785256731,0.681137614395,0.750010698711,0.818883783027,
    0.878236144534,0.920120774099,1.),.UNSPECIFIED.);
#3574 = CARTESIAN_POINT('',(-148.,2.13162820728E-14,-35.));
#3575 = CARTESIAN_POINT('',(-148.,-0.307438769795,-35.));
#3576 = CARTESIAN_POINT('',(-147.9992340169,-0.614205479191,
    -35.02268460425));
#3577 = CARTESIAN_POINT('',(-147.9977064588,-0.916832451754,
    -35.06786694376));
#3578 = CARTESIAN_POINT('',(-147.9954849928,-1.211921606774,
    -35.13443078076));
#3579 = CARTESIAN_POINT('',(-147.9926838085,-1.496333142421,
    -35.22036195765));
#3580 = CARTESIAN_POINT('',(-147.9845244814,-2.179546859072,
    -35.47852690798));
#3581 = CARTESIAN_POINT('',(-147.9785958287,-2.560609186155,
    -35.67232708064));
#3582 = CARTESIAN_POINT('',(-147.9720745005,-2.908588723055,
    -35.89680917881));
#3583 = CARTESIAN_POINT('',(-147.9653534236,-3.222724558377,
    -36.14553582987));
#3584 = CARTESIAN_POINT('',(-147.9587419094,-3.503134187053,
    -36.41279645462));
#3585 = CARTESIAN_POINT('',(-147.9474089082,-3.950200119682,
    -36.91989321562));
#3586 = CARTESIAN_POINT('',(-147.942554159,-4.128950123952,
    -37.15572073902));
#3587 = CARTESIAN_POINT('',(-147.9380142962,-4.287524266952,
    -37.39895216407));
#3588 = CARTESIAN_POINT('',(-147.9338682423,-4.42663481466,
    -37.64805902986));
#3589 = CARTESIAN_POINT('',(-147.9301724332,-4.546920966605,
    -37.90185197801));
#3590 = CARTESIAN_POINT('',(-147.9232497659,-4.76719953946,
    -38.45821214441));
#3591 = CARTESIAN_POINT('',(-147.9201933481,-4.860841539524,
    -38.76207215865));
#3592 = CARTESIAN_POINT('',(-147.9178638031,-4.930550076393,
    -39.06936607232));
#3593 = CARTESIAN_POINT('',(-147.9162992313,-4.976846216154,
    -39.37883469967));
#3594 = CARTESIAN_POINT('',(-147.9155164274,-5.,-39.68939763308));
#3595 = CARTESIAN_POINT('',(-147.9155164274,-5.,-40.31060239067));
#3596 = CARTESIAN_POINT('',(-147.9162992311,-4.976846222475,
    -40.6211652626));
#3597 = CARTESIAN_POINT('',(-147.9178638032,-4.930550072164,
    -40.93063392732));
#3598 = CARTESIAN_POINT('',(-147.9201933484,-4.860841531208,
    -41.2379278789));
#3599 = CARTESIAN_POINT('',(-147.9232497656,-4.767199548567,
    -41.54178783258));
#3600 = CARTESIAN_POINT('',(-147.930172433,-4.546920973207,
    -42.0981480053));
#3601 = CARTESIAN_POINT('',(-147.9338682427,-4.426634799523,
    -42.35194099573));
#3602 = CARTESIAN_POINT('',(-147.9380142961,-4.28752426998,
    -42.60104783675));
#3603 = CARTESIAN_POINT('',(-147.9425541585,-4.128950140521,
    -42.84427923576));
#3604 = CARTESIAN_POINT('',(-147.9474089085,-3.95020010657,
    -43.08010679924));
#3605 = CARTESIAN_POINT('',(-147.9560413275,-3.609667146808,
    -43.46636562218));
#3606 = CARTESIAN_POINT('',(-147.9597165933,-3.458328773992,
    -43.62155345151));
#3607 = CARTESIAN_POINT('',(-147.9634559327,-3.296344448694,
    -43.77134588807));
#3608 = CARTESIAN_POINT('',(-147.96721156,-3.123546926211,
    -43.91487011377));
#3609 = CARTESIAN_POINT('',(-147.9709275098,-2.939818847744,
    -44.05113968638));
#3610 = CARTESIAN_POINT('',(-147.9787634429,-2.517425262054,
    -44.3286004117));
#3611 = CARTESIAN_POINT('',(-147.9828542405,-2.27423966045,
    -44.46703384162));
#3612 = CARTESIAN_POINT('',(-147.9866902931,-2.016342109212,
    -44.59181471028));
#3613 = CARTESIAN_POINT('',(-147.9901403851,-1.744862269182,
    -44.70060491139));
#3614 = CARTESIAN_POINT('',(-147.9930782595,-1.461246016198,
    -44.79126183804));
#3615 = CARTESIAN_POINT('',(-147.9978583434,-0.855168083003,
    -44.93676827615));
#3616 = CARTESIAN_POINT('',(-147.9996198022,-0.53170598528,
    -44.98900394361));
#3617 = CARTESIAN_POINT('',(-148.0005382012,-0.201313926839,
    -45.01576110605));
#3618 = CARTESIAN_POINT('',(-148.0005350757,0.131088481805,
    -45.01578844624));
#3619 = CARTESIAN_POINT('',(-147.9996331921,0.460494062663,
    -44.98939053455));
#3620 = CARTESIAN_POINT('',(-147.9959860674,1.150581027266,
    -44.88009149688));
#3621 = CARTESIAN_POINT('',(-147.993001958,1.506996518884,
    -44.78983340985));
#3622 = CARTESIAN_POINT('',(-147.9891350042,1.847565962793,
    -44.67060764696));
#3623 = CARTESIAN_POINT('',(-147.9846074573,2.1690090437,-44.52607496222
    ));
#3624 = CARTESIAN_POINT('',(-147.9796662311,2.468760739082,
    -44.36056702838));
#3625 = CARTESIAN_POINT('',(-147.9709275098,2.939818847746,
    -44.05113968637));
#3626 = CARTESIAN_POINT('',(-147.96721156,3.123546926211,-43.91487011377
    ));
#3627 = CARTESIAN_POINT('',(-147.9634559327,3.296344448692,
    -43.77134588807));
#3628 = CARTESIAN_POINT('',(-147.9597165933,3.458328773991,
    -43.62155345151));
#3629 = CARTESIAN_POINT('',(-147.9560413275,3.609667146811,
    -43.46636562217));
#3630 = CARTESIAN_POINT('',(-147.9474089085,3.95020010657,
    -43.08010679924));
#3631 = CARTESIAN_POINT('',(-147.9425541585,4.128950140521,
    -42.84427923576));
#3632 = CARTESIAN_POINT('',(-147.9380142961,4.28752426998,
    -42.60104783675));
#3633 = CARTESIAN_POINT('',(-147.9338682427,4.426634799523,
    -42.35194099573));
#3634 = CARTESIAN_POINT('',(-147.930172433,4.546920973207,-42.0981480053
    ));
#3635 = CARTESIAN_POINT('',(-147.9232497656,4.767199548567,
    -41.54178783258));
#3636 = CARTESIAN_POINT('',(-147.9201933484,4.860841531208,
    -41.2379278789));
#3637 = CARTESIAN_POINT('',(-147.9178638032,4.930550072164,
    -40.93063392732));
#3638 = CARTESIAN_POINT('',(-147.9162992311,4.976846222475,
    -40.6211652626));
#3639 = CARTESIAN_POINT('',(-147.9155164274,5.,-40.31060239067));
#3640 = CARTESIAN_POINT('',(-147.9155164274,5.,-39.68939760932));
#3641 = CARTESIAN_POINT('',(-147.9162992311,4.976846222475,
    -39.37883473739));
#3642 = CARTESIAN_POINT('',(-147.9178638032,4.930550072164,
    -39.06936607267));
#3643 = CARTESIAN_POINT('',(-147.9201933484,4.860841531208,
    -38.76207212109));
#3644 = CARTESIAN_POINT('',(-147.9232497656,4.767199548567,
    -38.45821216741));
#3645 = CARTESIAN_POINT('',(-147.9301724332,4.546920966605,
    -37.90185197801));
#3646 = CARTESIAN_POINT('',(-147.9338682423,4.42663481466,
    -37.64805902986));
#3647 = CARTESIAN_POINT('',(-147.9380142962,4.287524266953,
    -37.39895216407));
#3648 = CARTESIAN_POINT('',(-147.942554159,4.128950123952,
    -37.15572073902));
#3649 = CARTESIAN_POINT('',(-147.9474089082,3.950200119682,
    -36.91989321562));
#3650 = CARTESIAN_POINT('',(-147.9560413275,3.609667149474,
    -36.53363438084));
#3651 = CARTESIAN_POINT('',(-147.9597165934,3.458328768972,
    -36.37844654402));
#3652 = CARTESIAN_POINT('',(-147.9634559327,3.296344449188,
    -36.22865411166));
#3653 = CARTESIAN_POINT('',(-147.9672115599,3.123546931465,
    -36.08512989056));
#3654 = CARTESIAN_POINT('',(-147.9709275099,2.939818844017,
    -35.94886031117));
#3655 = CARTESIAN_POINT('',(-147.9814280991,2.37378777787,
    -35.57704739664));
#3656 = CARTESIAN_POINT('',(-147.9880342165,1.957363461481,
    -35.36018392776));
#3657 = CARTESIAN_POINT('',(-147.993746914,1.50152357361,-35.18503682355
    ));
#3658 = CARTESIAN_POINT('',(-147.9978853226,1.015437732956,
    -35.06260875987));
#3659 = CARTESIAN_POINT('',(-148.,0.510755044707,-35.));
#3660 = CARTESIAN_POINT('',(-148.,2.13162820728E-14,-35.));
#3661 = PCURVE('',#875,#3662);
#3662 = DEFINITIONAL_REPRESENTATION('',(#3663),#3751);
#3663 = B_SPLINE_CURVE_WITH_KNOTS('',6,(#3664,#3665,#3666,#3667,#3668,
    #3669,#3670,#3671,#3672,#3673,#3674,#3675,#3676,#3677,#3678,#3679,
    #3680,#3681,#3682,#3683,#3684,#3685,#3686,#3687,#3688,#3689,#3690,
    #3691,#3692,#3693,#3694,#3695,#3696,#3697,#3698,#3699,#3700,#3701,
    #3702,#3703,#3704,#3705,#3706,#3707,#3708,#3709,#3710,#3711,#3712,
    #3713,#3714,#3715,#3716,#3717,#3718,#3719,#3720,#3721,#3722,#3723,
    #3724,#3725,#3726,#3727,#3728,#3729,#3730,#3731,#3732,#3733,#3734,
    #3735,#3736,#3737,#3738,#3739,#3740,#3741,#3742,#3743,#3744,#3745,
    #3746,#3747,#3748,#3749,#3750),.UNSPECIFIED.,.F.,.F.,(7,5,5,5,5,5,5,
    5,5,5,5,5,5,5,5,5,5,7),(0.,4.829776632259E-02,0.121744264243,
    0.181008432401,0.249779170963,0.318549914787,0.37781407908,
    0.419636471902,0.468543810958,0.520451858392,0.579900626336,
    0.621785256731,0.681137614395,0.750010698711,0.818883783027,
    0.878236144534,0.920120774099,1.),.UNSPECIFIED.);
#3664 = CARTESIAN_POINT('',(-8.881784197001E-16,14.));
#3665 = CARTESIAN_POINT('',(6.14877539591E-02,14.));
#3666 = CARTESIAN_POINT('',(0.122841047534,14.000765983013));
#3667 = CARTESIAN_POINT('',(0.18378503858,14.002293541124));
#3668 = CARTESIAN_POINT('',(0.244048818214,14.004515007166));
#3669 = CARTESIAN_POINT('',(0.303333974337,14.007316191409));
#3670 = CARTESIAN_POINT('',(0.449406576039,14.015475518538));
#3671 = CARTESIAN_POINT('',(0.53439994062,14.02140417122));
#3672 = CARTESIAN_POINT('',(0.616603645085,14.027925499401));
#3673 = CARTESIAN_POINT('',(0.696219763733,14.034646576349));
#3674 = CARTESIAN_POINT('',(0.773402639532,14.041258090516));
#3675 = CARTESIAN_POINT('',(0.908608419458,14.052591091759));
#3676 = CARTESIAN_POINT('',(0.967629980037,14.057445840966));
#3677 = CARTESIAN_POINT('',(1.025488808437,14.061985703795));
#3678 = CARTESIAN_POINT('',(1.08236016486,14.06613175767));
#3679 = CARTESIAN_POINT('',(1.138410118799,14.06982756675));
#3680 = CARTESIAN_POINT('',(1.258086229098,14.076750234064));
#3681 = CARTESIAN_POINT('',(1.321485185751,14.079806651804));
#3682 = CARTESIAN_POINT('',(1.384237886369,14.082136196842));
#3683 = CARTESIAN_POINT('',(1.446563393401,14.083700768662));
#3684 = CARTESIAN_POINT('',(1.508675853413,14.084483572547));
#3685 = CARTESIAN_POINT('',(1.632916804931,14.084483572547));
#3686 = CARTESIAN_POINT('',(1.695029252426,14.083700768863));
#3687 = CARTESIAN_POINT('',(1.757354767312,14.082136196709));
#3688 = CARTESIAN_POINT('',(1.820107475645,14.079806651541));
#3689 = CARTESIAN_POINT('',(1.883506419544,14.07675023435));
#3690 = CARTESIAN_POINT('',(2.003182531204,14.069827566957));
#3691 = CARTESIAN_POINT('',(2.059232494752,14.066131757246));
#3692 = CARTESIAN_POINT('',(2.116103844975,14.061985703853));
#3693 = CARTESIAN_POINT('',(2.173962667445,14.057445841417));
#3694 = CARTESIAN_POINT('',(2.232984238097,14.052591091426));
#3695 = CARTESIAN_POINT('',(2.335971339227,14.043958672415));
#3696 = CARTESIAN_POINT('',(2.379269268614,14.040283406618));
#3697 = CARTESIAN_POINT('',(2.423305306727,14.036544067266));
#3698 = CARTESIAN_POINT('',(2.468131842546,14.032788439948));
#3699 = CARTESIAN_POINT('',(2.513807191213,14.029072490128));
#3700 = CARTESIAN_POINT('',(2.614881578737,14.021236557086));
#3701 = CARTESIAN_POINT('',(2.670733354489,14.017145759429));
#3702 = CARTESIAN_POINT('',(2.727836811539,14.013309706866));
#3703 = CARTESIAN_POINT('',(2.786109654989,14.009859614847));
#3704 = CARTESIAN_POINT('',(2.845498442702,14.006921740422));
#3705 = CARTESIAN_POINT('',(2.970158393711,14.002141656502));
#3706 = CARTESIAN_POINT('',(3.035502182074,14.000380197766));
#3707 = CARTESIAN_POINT('',(3.101480115536,13.999461798778));
#3708 = CARTESIAN_POINT('',(3.167638771073,13.99946492425));
#3709 = CARTESIAN_POINT('',(3.233534681761,14.000366807843));
#3710 = CARTESIAN_POINT('',(3.373272478845,14.004013932599));
#3711 = CARTESIAN_POINT('',(3.446502130649,14.006998041947));
#3712 = CARTESIAN_POINT('',(3.518254148704,14.010864995781));
#3713 = CARTESIAN_POINT('',(3.588378613005,14.015392542613));
#3714 = CARTESIAN_POINT('',(3.656658814741,14.02033376889));
#3715 = CARTESIAN_POINT('',(3.769378115967,14.029072490128));
#3716 = CARTESIAN_POINT('',(3.815053464634,14.032788439948));
#3717 = CARTESIAN_POINT('',(3.859880000452,14.036544067266));
#3718 = CARTESIAN_POINT('',(3.903916038566,14.040283406618));
#3719 = CARTESIAN_POINT('',(3.947213967954,14.043958672415));
#3720 = CARTESIAN_POINT('',(4.050201069082,14.052591091426));
#3721 = CARTESIAN_POINT('',(4.109222639735,14.057445841417));
#3722 = CARTESIAN_POINT('',(4.167081462205,14.061985703853));
#3723 = CARTESIAN_POINT('',(4.223952812427,14.066131757246));
#3724 = CARTESIAN_POINT('',(4.280002775975,14.069827566957));
#3725 = CARTESIAN_POINT('',(4.399678887636,14.07675023435));
#3726 = CARTESIAN_POINT('',(4.463077831534,14.079806651541));
#3727 = CARTESIAN_POINT('',(4.525830539867,14.082136196709));
#3728 = CARTESIAN_POINT('',(4.588156054754,14.083700768863));
#3729 = CARTESIAN_POINT('',(4.650268502249,14.084483572547));
#3730 = CARTESIAN_POINT('',(4.77450945852,14.084483572547));
#3731 = CARTESIAN_POINT('',(4.836621906016,14.083700768863));
#3732 = CARTESIAN_POINT('',(4.898947420902,14.082136196709));
#3733 = CARTESIAN_POINT('',(4.961700129235,14.079806651541));
#3734 = CARTESIAN_POINT('',(5.025099073134,14.07675023435));
#3735 = CARTESIAN_POINT('',(5.144775188381,14.06982756675));
#3736 = CARTESIAN_POINT('',(5.20082514232,14.06613175767));
#3737 = CARTESIAN_POINT('',(5.257696498742,14.061985703795));
#3738 = CARTESIAN_POINT('',(5.315555327142,14.057445840966));
#3739 = CARTESIAN_POINT('',(5.374576887721,14.052591091759));
#3740 = CARTESIAN_POINT('',(5.47756399201,14.043958672483));
#3741 = CARTESIAN_POINT('',(5.520861923557,14.040283406508));
#3742 = CARTESIAN_POINT('',(5.564897960277,14.036544067267));
#3743 = CARTESIAN_POINT('',(5.609724494763,14.032788440059));
#3744 = CARTESIAN_POINT('',(5.655399845695,14.029072490059));
#3745 = CARTESIAN_POINT('',(5.790845186884,14.018571900836));
#3746 = CARTESIAN_POINT('',(5.884267871489,14.011965783446));
#3747 = CARTESIAN_POINT('',(5.980961350992,14.006253085915));
#3748 = CARTESIAN_POINT('',(6.080097878171,14.002114677388));
#3749 = CARTESIAN_POINT('',(6.181034298238,14.));
#3750 = CARTESIAN_POINT('',(6.28318530718,14.));
#3751 = ( GEOMETRIC_REPRESENTATION_CONTEXT(2) 
PARAMETRIC_REPRESENTATION_CONTEXT() REPRESENTATION_CONTEXT('2D SPACE',''
  ) );
#3752 = PCURVE('',#1916,#3753);
#3753 = DEFINITIONAL_REPRESENTATION('',(#3754),#3842);
#3754 = B_SPLINE_CURVE_WITH_KNOTS('',6,(#3755,#3756,#3757,#3758,#3759,
    #3760,#3761,#3762,#3763,#3764,#3765,#3766,#3767,#3768,#3769,#3770,
    #3771,#3772,#3773,#3774,#3775,#3776,#3777,#3778,#3779,#3780,#3781,
    #3782,#3783,#3784,#3785,#3786,#3787,#3788,#3789,#3790,#3791,#3792,
    #3793,#3794,#3795,#3796,#3797,#3798,#3799,#3800,#3801,#3802,#3803,
    #3804,#3805,#3806,#3807,#3808,#3809,#3810,#3811,#3812,#3813,#3814,
    #3815,#3816,#3817,#3818,#3819,#3820,#3821,#3822,#3823,#3824,#3825,
    #3826,#3827,#3828,#3829,#3830,#3831,#3832,#3833,#3834,#3835,#3836,
    #3837,#3838,#3839,#3840,#3841),.UNSPECIFIED.,.T.,.F.,(7,5,5,5,5,5,5,
    5,5,5,5,5,5,5,5,5,5,7),(0.,4.829776632259E-02,0.121744264243,
    0.181008432401,0.249779170963,0.318549914787,0.37781407908,
    0.419636471902,0.468543810958,0.520451858392,0.579900626336,
    0.621785256731,0.681137614395,0.750010698711,0.818883783027,
    0.878236144534,0.920120774099,1.),.UNSPECIFIED.);
#3755 = CARTESIAN_POINT('',(3.14159265359,47.));
#3756 = CARTESIAN_POINT('',(3.143669942575,47.));
#3757 = CARTESIAN_POINT('',(3.14574269052,46.977315395742));
#3758 = CARTESIAN_POINT('',(3.147787483734,46.932133056236));
#3759 = CARTESIAN_POINT('',(3.149781377271,46.865569219235));
#3760 = CARTESIAN_POINT('',(3.151703165908,46.779638042347));
#3761 = CARTESIAN_POINT('',(3.156319803993,46.521473092011));
#3762 = CARTESIAN_POINT('',(3.158894844186,46.327672919355));
#3763 = CARTESIAN_POINT('',(3.161246454877,46.103190821189));
#3764 = CARTESIAN_POINT('',(3.163369472063,45.854464170129));
#3765 = CARTESIAN_POINT('',(3.165264655282,45.587203545379));
#3766 = CARTESIAN_POINT('',(3.168286341456,45.080106784374));
#3767 = CARTESIAN_POINT('',(3.169494555183,44.844279260973));
#3768 = CARTESIAN_POINT('',(3.170566439658,44.601047835926));
#3769 = CARTESIAN_POINT('',(3.171506792613,44.351940970134));
#3770 = CARTESIAN_POINT('',(3.172319920186,44.098148021982));
#3771 = CARTESIAN_POINT('',(3.173809023733,43.541787855586));
#3772 = CARTESIAN_POINT('',(3.174442076462,43.237927841345));
#3773 = CARTESIAN_POINT('',(3.17491334289,42.930633927675));
#3774 = CARTESIAN_POINT('',(3.175226333332,42.621165300326));
#3775 = CARTESIAN_POINT('',(3.175382867163,42.310602366912));
#3776 = CARTESIAN_POINT('',(3.175382867163,41.689397609322));
#3777 = CARTESIAN_POINT('',(3.175226333374,41.378834737394));
#3778 = CARTESIAN_POINT('',(3.174913342861,41.069366072675));
#3779 = CARTESIAN_POINT('',(3.174442076405,40.762072121096));
#3780 = CARTESIAN_POINT('',(3.173809023794,40.458212167415));
#3781 = CARTESIAN_POINT('',(3.17231992023,39.901851994694));
#3782 = CARTESIAN_POINT('',(3.171506792511,39.64805900427));
#3783 = CARTESIAN_POINT('',(3.170566439678,39.398952163246));
#3784 = CARTESIAN_POINT('',(3.169494555295,39.15572076424));
#3785 = CARTESIAN_POINT('',(3.168286341368,38.919893200752));
#3786 = CARTESIAN_POINT('',(3.165984703821,38.53363437782));
#3787 = CARTESIAN_POINT('',(3.16496184634,38.378446548488));
#3788 = CARTESIAN_POINT('',(3.163867067311,38.228654111929));
#3789 = CARTESIAN_POINT('',(3.162699242573,38.085129886223));
#3790 = CARTESIAN_POINT('',(3.161457584493,37.94886031362));
#3791 = CARTESIAN_POINT('',(3.158603082718,37.671399588292));
#3792 = CARTESIAN_POINT('',(3.156959706695,37.532966158371));
#3793 = CARTESIAN_POINT('',(3.155216968292,37.408185289718));
#3794 = CARTESIAN_POINT('',(3.153382503959,37.299395088607));
#3795 = CARTESIAN_POINT('',(3.151466081029,37.208738161954));
#3796 = CARTESIAN_POINT('',(3.147370832496,37.063231723846));
#3797 = CARTESIAN_POINT('',(3.145185251862,37.010996056382));
#3798 = CARTESIAN_POINT('',(3.142952876827,36.984238893948));
#3799 = CARTESIAN_POINT('',(3.140706927505,36.984211553755));
#3800 = CARTESIAN_POINT('',(3.138481212972,37.010609465448));
#3801 = CARTESIAN_POINT('',(3.133818398093,37.119908503111));
#3802 = CARTESIAN_POINT('',(3.131410112616,37.210166590144));
#3803 = CARTESIAN_POINT('',(3.129108833347,37.329392353034));
#3804 = CARTESIAN_POINT('',(3.126936715732,37.473925037778));
#3805 = CARTESIAN_POINT('',(3.124911095382,37.639432971612));
#3806 = CARTESIAN_POINT('',(3.121727722687,37.948860313622));
#3807 = CARTESIAN_POINT('',(3.120486064606,38.085129886223));
#3808 = CARTESIAN_POINT('',(3.119318239869,38.228654111926));
#3809 = CARTESIAN_POINT('',(3.118223460839,38.378446548487));
#3810 = CARTESIAN_POINT('',(3.117200603359,38.533634377823));
#3811 = CARTESIAN_POINT('',(3.114898965812,38.919893200752));
#3812 = CARTESIAN_POINT('',(3.113690751884,39.15572076424));
#3813 = CARTESIAN_POINT('',(3.112618867501,39.398952163247));
#3814 = CARTESIAN_POINT('',(3.111678514668,39.64805900427));
#3815 = CARTESIAN_POINT('',(3.110865386949,39.901851994694));
#3816 = CARTESIAN_POINT('',(3.109376283385,40.458212167415));
#3817 = CARTESIAN_POINT('',(3.108743230774,40.762072121097));
#3818 = CARTESIAN_POINT('',(3.108271964318,41.069366072676));
#3819 = CARTESIAN_POINT('',(3.107958973805,41.378834737394));
#3820 = CARTESIAN_POINT('',(3.107802440016,41.689397609322));
#3821 = CARTESIAN_POINT('',(3.107802440016,42.310602390679));
#3822 = CARTESIAN_POINT('',(3.107958973805,42.621165262606));
#3823 = CARTESIAN_POINT('',(3.108271964318,42.930633927324));
#3824 = CARTESIAN_POINT('',(3.108743230774,43.237927878903));
#3825 = CARTESIAN_POINT('',(3.109376283385,43.541787832585));
#3826 = CARTESIAN_POINT('',(3.110865386994,44.098148021982));
#3827 = CARTESIAN_POINT('',(3.111678514566,44.351940970134));
#3828 = CARTESIAN_POINT('',(3.112618867522,44.601047835925));
#3829 = CARTESIAN_POINT('',(3.113690751996,44.844279260973));
#3830 = CARTESIAN_POINT('',(3.114898965723,45.080106784375));
#3831 = CARTESIAN_POINT('',(3.117200603341,45.466365619157));
#3832 = CARTESIAN_POINT('',(3.118223460873,45.621553455975));
#3833 = CARTESIAN_POINT('',(3.119318239866,45.771345888337));
#3834 = CARTESIAN_POINT('',(3.120486064571,45.914870109438));
#3835 = CARTESIAN_POINT('',(3.121727722712,46.051139688828));
#3836 = CARTESIAN_POINT('',(3.125552914991,46.422952603352));
#3837 = CARTESIAN_POINT('',(3.128366936733,46.639816072238));
#3838 = CARTESIAN_POINT('',(3.131447150304,46.814963176445));
#3839 = CARTESIAN_POINT('',(3.134731587781,46.937391240126));
#3840 = CARTESIAN_POINT('',(3.13814160599,47.));
#3841 = CARTESIAN_POINT('',(3.14159265359,47.));
#3842 = ( GEOMETRIC_REPRESENTATION_CONTEXT(2) 
PARAMETRIC_REPRESENTATION_CONTEXT() REPRESENTATION_CONTEXT('2D SPACE',''
  ) );
#3843 = ORIENTED_EDGE('',*,*,#3844,.F.);
#3844 = EDGE_CURVE('',#692,#3570,#3845,.T.);
#3845 = SEAM_CURVE('',#3846,(#3850,#3857),.PCURVE_S1.);
#3846 = LINE('',#3847,#3848);
#3847 = CARTESIAN_POINT('',(-162.,2.069653090559E-14,-35.));
#3848 = VECTOR('',#3849,1.);
#3849 = DIRECTION('',(1.,2.540718180781E-33,2.22044604925E-16));
#3850 = PCURVE('',#875,#3851);
#3851 = DEFINITIONAL_REPRESENTATION('',(#3852),#3856);
#3852 = LINE('',#3853,#3854);
#3853 = CARTESIAN_POINT('',(6.28318530718,-0.));
#3854 = VECTOR('',#3855,1.);
#3855 = DIRECTION('',(0.,1.));
#3856 = ( GEOMETRIC_REPRESENTATION_CONTEXT(2) 
PARAMETRIC_REPRESENTATION_CONTEXT() REPRESENTATION_CONTEXT('2D SPACE',''
  ) );
#3857 = PCURVE('',#875,#3858);
#3858 = DEFINITIONAL_REPRESENTATION('',(#3859),#3863);
#3859 = LINE('',#3860,#3861);
#3860 = CARTESIAN_POINT('',(0.,-0.));
#3861 = VECTOR('',#3862,1.);
#3862 = DIRECTION('',(0.,1.));
#3863 = ( GEOMETRIC_REPRESENTATION_CONTEXT(2) 
PARAMETRIC_REPRESENTATION_CONTEXT() REPRESENTATION_CONTEXT('2D SPACE',''
  ) );
#3864 = ORIENTED_EDGE('',*,*,#691,.T.);
#3865 = ORIENTED_EDGE('',*,*,#3844,.T.);
#3866 = ADVANCED_FACE('',(#3867),#1009,.F.);
#3867 = FACE_BOUND('',#3868,.F.);
#3868 = EDGE_LOOP('',(#3869,#3891,#3892,#3915,#3944,#4162,#4184,#4185));
#3869 = ORIENTED_EDGE('',*,*,#3870,.F.);
#3870 = EDGE_CURVE('',#1031,#974,#3871,.T.);
#3871 = SURFACE_CURVE('',#3872,(#3877,#3884),.PCURVE_S1.);
#3872 = CIRCLE('',#3873,5.);
#3873 = AXIS2_PLACEMENT_3D('',#3874,#3875,#3876);
#3874 = CARTESIAN_POINT('',(116.89444430272,108.89444430272,-40.));
#3875 = DIRECTION('',(1.,7.850462293419E-17,7.850462293419E-17));
#3876 = DIRECTION('',(0.,0.707106781187,-0.707106781187));
#3877 = PCURVE('',#1009,#3878);
#3878 = DEFINITIONAL_REPRESENTATION('',(#3879),#3883);
#3879 = LINE('',#3880,#3881);
#3880 = CARTESIAN_POINT('',(0.,16.));
#3881 = VECTOR('',#3882,1.);
#3882 = DIRECTION('',(1.,0.));
#3883 = ( GEOMETRIC_REPRESENTATION_CONTEXT(2) 
PARAMETRIC_REPRESENTATION_CONTEXT() REPRESENTATION_CONTEXT('2D SPACE',''
  ) );
#3884 = PCURVE('',#1045,#3885);
#3885 = DEFINITIONAL_REPRESENTATION('',(#3886),#3890);
#3886 = CIRCLE('',#3887,5.);
#3887 = AXIS2_PLACEMENT_2D('',#3888,#3889);
#3888 = CARTESIAN_POINT('',(0.,0.));
#3889 = DIRECTION('',(1.,0.));
#3890 = ( GEOMETRIC_REPRESENTATION_CONTEXT(2) 
PARAMETRIC_REPRESENTATION_CONTEXT() REPRESENTATION_CONTEXT('2D SPACE',''
  ) );
#3891 = ORIENTED_EDGE('',*,*,#1056,.F.);
#3892 = ORIENTED_EDGE('',*,*,#3893,.F.);
#3893 = EDGE_CURVE('',#3894,#976,#3896,.T.);
#3894 = VERTEX_POINT('',#3895);
#3895 = CARTESIAN_POINT('',(100.89444430272,112.42997820866,
    -43.53553390593));
#3896 = SEAM_CURVE('',#3897,(#3901,#3908),.PCURVE_S1.);
#3897 = LINE('',#3898,#3899);
#3898 = CARTESIAN_POINT('',(100.89444430272,112.42997820866,
    -43.53553390593));
#3899 = VECTOR('',#3900,1.);
#3900 = DIRECTION('',(1.,7.850462293419E-17,7.850462293419E-17));
#3901 = PCURVE('',#1009,#3902);
#3902 = DEFINITIONAL_REPRESENTATION('',(#3903),#3907);
#3903 = LINE('',#3904,#3905);
#3904 = CARTESIAN_POINT('',(6.28318530718,-0.));
#3905 = VECTOR('',#3906,1.);
#3906 = DIRECTION('',(0.,1.));
#3907 = ( GEOMETRIC_REPRESENTATION_CONTEXT(2) 
PARAMETRIC_REPRESENTATION_CONTEXT() REPRESENTATION_CONTEXT('2D SPACE',''
  ) );
#3908 = PCURVE('',#1009,#3909);
#3909 = DEFINITIONAL_REPRESENTATION('',(#3910),#3914);
#3910 = LINE('',#3911,#3912);
#3911 = CARTESIAN_POINT('',(0.,-0.));
#3912 = VECTOR('',#3913,1.);
#3913 = DIRECTION('',(0.,1.));
#3914 = ( GEOMETRIC_REPRESENTATION_CONTEXT(2) 
PARAMETRIC_REPRESENTATION_CONTEXT() REPRESENTATION_CONTEXT('2D SPACE',''
  ) );
#3915 = ORIENTED_EDGE('',*,*,#3916,.T.);
#3916 = EDGE_CURVE('',#3894,#3917,#3919,.T.);
#3917 = VERTEX_POINT('',#3918);
#3918 = CARTESIAN_POINT('',(100.89444430272,108.27885808801,
    -35.03803933789));
#3919 = SURFACE_CURVE('',#3920,(#3925,#3932),.PCURVE_S1.);
#3920 = CIRCLE('',#3921,5.);
#3921 = AXIS2_PLACEMENT_3D('',#3922,#3923,#3924);
#3922 = CARTESIAN_POINT('',(100.89444430272,108.89444430272,-40.));
#3923 = DIRECTION('',(1.,7.850462293419E-17,7.850462293419E-17));
#3924 = DIRECTION('',(0.,0.707106781187,-0.707106781187));
#3925 = PCURVE('',#1009,#3926);
#3926 = DEFINITIONAL_REPRESENTATION('',(#3927),#3931);
#3927 = LINE('',#3928,#3929);
#3928 = CARTESIAN_POINT('',(0.,0.));
#3929 = VECTOR('',#3930,1.);
#3930 = DIRECTION('',(1.,0.));
#3931 = ( GEOMETRIC_REPRESENTATION_CONTEXT(2) 
PARAMETRIC_REPRESENTATION_CONTEXT() REPRESENTATION_CONTEXT('2D SPACE',''
  ) );
#3932 = PCURVE('',#3933,#3938);
#3933 = PLANE('',#3934);
#3934 = AXIS2_PLACEMENT_3D('',#3935,#3936,#3937);
#3935 = CARTESIAN_POINT('',(100.89444430272,108.89444430272,-40.));
#3936 = DIRECTION('',(1.,7.850462293419E-17,7.850462293419E-17));
#3937 = DIRECTION('',(0.,0.707106781187,-0.707106781187));
#3938 = DEFINITIONAL_REPRESENTATION('',(#3939),#3943);
#3939 = CIRCLE('',#3940,5.);
#3940 = AXIS2_PLACEMENT_2D('',#3941,#3942);
#3941 = CARTESIAN_POINT('',(0.,0.));
#3942 = DIRECTION('',(1.,0.));
#3943 = ( GEOMETRIC_REPRESENTATION_CONTEXT(2) 
PARAMETRIC_REPRESENTATION_CONTEXT() REPRESENTATION_CONTEXT('2D SPACE',''
  ) );
#3944 = ORIENTED_EDGE('',*,*,#3945,.T.);
#3945 = EDGE_CURVE('',#3917,#3946,#3948,.T.);
#3946 = VERTEX_POINT('',#3947);
#3947 = CARTESIAN_POINT('',(100.89444430272,108.27885808801,
    -44.9619606621));
#3948 = SURFACE_CURVE('',#3949,(#4018,#4090),.PCURVE_S1.);
#3949 = B_SPLINE_CURVE_WITH_KNOTS('',7,(#3950,#3951,#3952,#3953,#3954,
    #3955,#3956,#3957,#3958,#3959,#3960,#3961,#3962,#3963,#3964,#3965,
    #3966,#3967,#3968,#3969,#3970,#3971,#3972,#3973,#3974,#3975,#3976,
    #3977,#3978,#3979,#3980,#3981,#3982,#3983,#3984,#3985,#3986,#3987,
    #3988,#3989,#3990,#3991,#3992,#3993,#3994,#3995,#3996,#3997,#3998,
    #3999,#4000,#4001,#4002,#4003,#4004,#4005,#4006,#4007,#4008,#4009,
    #4010,#4011,#4012,#4013,#4014,#4015,#4016,#4017),.UNSPECIFIED.,.F.,
  .F.,(8,6,6,6,6,6,6,6,6,6,6,8),(0.,0.163025565212,0.262388883101,
    0.348463061382,0.397408085272,0.428537202528,0.499802416628,
    0.571724640068,0.602785719265,0.651546185713,0.739193494476,1.),
  .UNSPECIFIED.);
#3950 = CARTESIAN_POINT('',(100.89444370272,108.27885864709,
    -35.03803926853));
#3951 = CARTESIAN_POINT('',(101.20858672552,107.98613958887,
    -35.07435427849));
#3952 = CARTESIAN_POINT('',(101.52055056957,107.69346454193,
    -35.13112039629));
#3953 = CARTESIAN_POINT('',(101.82903947977,107.4020680901,
    -35.20880120304));
#3954 = CARTESIAN_POINT('',(102.13269729701,107.11329003751,
    -35.3078953111));
#3955 = CARTESIAN_POINT('',(102.43006445283,106.82862105578,
    -35.42892123309));
#3956 = CARTESIAN_POINT('',(102.71953338009,106.54975010683,
    -35.57240155396));
#3957 = CARTESIAN_POINT('',(103.16982020918,106.11335723662,
    -35.84029376321));
#3958 = CARTESIAN_POINT('',(103.336722669,105.95098576349,
    -35.95026479976));
#3959 = CARTESIAN_POINT('',(103.49950512348,105.79203125648,
    -36.06881607925));
#3960 = CARTESIAN_POINT('',(103.65764976516,105.63704916488,
    -36.19597288752));
#3961 = CARTESIAN_POINT('',(103.81062505471,105.48661779794,
    -36.3317290449));
#3962 = CARTESIAN_POINT('',(103.95788520094,105.34133777,-36.47604671854
    ));
#3963 = CARTESIAN_POINT('',(104.22099841104,105.08098310333,
    -36.76122856081));
#3964 = CARTESIAN_POINT('',(104.33842574635,104.96445955366,
    -36.89998201639));
#3965 = CARTESIAN_POINT('',(104.45070298547,104.85274847804,
    -37.04498332471));
#3966 = CARTESIAN_POINT('',(104.55739579196,104.74632865396,
    -37.1960616843));
#3967 = CARTESIAN_POINT('',(104.65808355104,104.64566859529,
    -37.35300882297));
#3968 = CARTESIAN_POINT('',(104.75235876638,104.55122519273,
    -37.51557905189));
#3969 = CARTESIAN_POINT('',(104.88956388444,104.41352572159,
    -37.77896943043));
#3970 = CARTESIAN_POINT('',(104.93709360802,104.36576920654,
    -37.87616381207));
#3971 = CARTESIAN_POINT('',(104.98233404559,104.32026364087,
    -37.97500015407));
#3972 = CARTESIAN_POINT('',(105.02520825288,104.27709494205,
    -38.07540155269));
#3973 = CARTESIAN_POINT('',(105.06564392348,104.23634411324,
    -38.17728651102));
#3974 = CARTESIAN_POINT('',(105.10357338881,104.19808724323,
    -38.28056893898));
#3975 = CARTESIAN_POINT('',(105.16142278325,104.13969550202,
    -38.45167706904));
#3976 = CARTESIAN_POINT('',(105.1828717278,104.11803402603,
    -38.51872158946));
#3977 = CARTESIAN_POINT('',(105.20326362501,104.09742997644,
    -38.58626634066));
#3978 = CARTESIAN_POINT('',(105.22258260625,104.07790118272,
    -38.6542847246));
#3979 = CARTESIAN_POINT('',(105.24081376099,104.05946440583,
    -38.72274891918));
#3980 = CARTESIAN_POINT('',(105.2579431368,104.04213533821,
    -38.79162987822));
#3981 = CARTESIAN_POINT('',(105.31062065124,103.9888258364,
    -39.01947426279));
#3982 = CARTESIAN_POINT('',(105.34144646132,103.95759964732,
    -39.18010071363));
#3983 = CARTESIAN_POINT('',(105.36627196805,103.93243278777,
    -39.34238658077));
#3984 = CARTESIAN_POINT('',(105.3849744641,103.91346340789,
    -39.50593233038));
#3985 = CARTESIAN_POINT('',(105.39747159221,103.90078466016,
    -39.67032937533));
#3986 = CARTESIAN_POINT('',(105.40372120104,103.89444430272,
    -39.83516045249));
#3987 = CARTESIAN_POINT('',(105.40372120104,103.89444430272,
    -40.16635923876));
#3988 = CARTESIAN_POINT('',(105.39735581946,103.90090211257,
    -40.33270958707));
#3989 = CARTESIAN_POINT('',(105.38462726474,103.91381565288,
    -40.49861366891));
#3990 = CARTESIAN_POINT('',(105.36557925563,103.93313538526,
    -40.6636427798));
#3991 = CARTESIAN_POINT('',(105.34029717267,103.95876473164,
    -40.82737728761));
#3992 = CARTESIAN_POINT('',(105.30890820966,103.9905604935,
    -40.98940703322));
#3993 = CARTESIAN_POINT('',(105.25546123518,104.04464621567,
    -41.21839847421));
#3994 = CARTESIAN_POINT('',(105.23823240467,104.06207505784,
    -41.28707724693));
#3995 = CARTESIAN_POINT('',(105.21990803682,104.08060516434,
    -41.35533807207));
#3996 = CARTESIAN_POINT('',(105.20050207741,104.10022085071,
    -41.42315219016));
#3997 = CARTESIAN_POINT('',(105.18002941495,104.12090538144,
    -41.49049205964));
#3998 = CARTESIAN_POINT('',(105.15850588059,104.14264096987,
    -41.55733135687));
#3999 = CARTESIAN_POINT('',(105.10053670729,104.20115025886,
    -41.72774577023));
#4000 = CARTESIAN_POINT('',(105.0625791691,104.23943318751,
    -41.83054381154));
#4001 = CARTESIAN_POINT('',(105.02213815711,104.28018696627,
    -41.93194982304));
#4002 = CARTESIAN_POINT('',(104.97928073897,104.32333618543,
    -42.03187904638));
#4003 = CARTESIAN_POINT('',(104.93407852656,104.36880062354,
    -42.13025124188));
#4004 = CARTESIAN_POINT('',(104.88660767594,104.4164952474,
    -42.22699068859));
#4005 = CARTESIAN_POINT('',(104.74768683781,104.55590893961,
    -42.49285320947));
#4006 = CARTESIAN_POINT('',(104.65137758615,104.65238129048,
    -42.65813258673));
#4007 = CARTESIAN_POINT('',(104.54843812003,104.75527861568,
    -42.81756825203));
#4008 = CARTESIAN_POINT('',(104.4392984138,104.86411881902,
    -42.97090407246));
#4009 = CARTESIAN_POINT('',(104.32440208272,104.97840782912,
    -43.1179239024));
#4010 = CARTESIAN_POINT('',(104.2042070371,105.09764107126,
    -43.25845163965));
#4011 = CARTESIAN_POINT('',(103.70716941804,105.58928362313,
    -43.7907879044));
#4012 = CARTESIAN_POINT('',(103.29351236109,105.99541492656,
    -44.12937148853));
#4013 = CARTESIAN_POINT('',(102.84800883144,106.42883147891,
    -44.40846854129));
#4014 = CARTESIAN_POINT('',(102.37864077425,106.88078095286,
    -44.62938068088));
#4015 = CARTESIAN_POINT('',(101.89240423152,107.34389953381,
    -44.7938871358));
#4016 = CARTESIAN_POINT('',(101.39569814511,107.81178881693,
    -44.90401559582));
#4017 = CARTESIAN_POINT('',(100.89444370272,108.27885864709,
    -44.96196073146));
#4018 = PCURVE('',#1009,#4019);
#4019 = DEFINITIONAL_REPRESENTATION('',(#4020),#4089);
#4020 = B_SPLINE_CURVE_WITH_KNOTS('',7,(#4021,#4022,#4023,#4024,#4025,
    #4026,#4027,#4028,#4029,#4030,#4031,#4032,#4033,#4034,#4035,#4036,
    #4037,#4038,#4039,#4040,#4041,#4042,#4043,#4044,#4045,#4046,#4047,
    #4048,#4049,#4050,#4051,#4052,#4053,#4054,#4055,#4056,#4057,#4058,
    #4059,#4060,#4061,#4062,#4063,#4064,#4065,#4066,#4067,#4068,#4069,
    #4070,#4071,#4072,#4073,#4074,#4075,#4076,#4077,#4078,#4079,#4080,
    #4081,#4082,#4083,#4084,#4085,#4086,#4087,#4088),.UNSPECIFIED.,.F.,
  .F.,(8,6,6,6,6,6,6,6,6,6,6,8),(0.,0.163025565212,0.262388883101,
    0.348463061382,0.397408085272,0.428537202528,0.499802416628,
    0.571724640068,0.602785719265,0.651546185713,0.739193494476,1.),
  .UNSPECIFIED.);
#4021 = CARTESIAN_POINT('',(2.479624793596,-6.E-07));
#4022 = CARTESIAN_POINT('',(2.538617412454,0.314142422798));
#4023 = CARTESIAN_POINT('',(2.598104913944,0.626106266844));
#4024 = CARTESIAN_POINT('',(2.658188781814,0.934595177041));
#4025 = CARTESIAN_POINT('',(2.71897648241,1.238252994282));
#4026 = CARTESIAN_POINT('',(2.780581182748,1.535620150108));
#4027 = CARTESIAN_POINT('',(2.84312650741,1.82508907737));
#4028 = CARTESIAN_POINT('',(2.945538415497,2.275375906461));
#4029 = CARTESIAN_POINT('',(2.984720597356,2.442278366274));
#4030 = CARTESIAN_POINT('',(3.024313509451,2.605060820756));
#4031 = CARTESIAN_POINT('',(3.064329119349,2.763205462436));
#4032 = CARTESIAN_POINT('',(3.104781639379,2.916180751982));
#4033 = CARTESIAN_POINT('',(3.145688433446,3.063440898215));
#4034 = CARTESIAN_POINT('',(3.222918799394,3.326554108313));
#4035 = CARTESIAN_POINT('',(3.259126010892,3.443981443622));
#4036 = CARTESIAN_POINT('',(3.295682376706,3.556258682743));
#4037 = CARTESIAN_POINT('',(3.332580107787,3.662951489234));
#4038 = CARTESIAN_POINT('',(3.369813501387,3.763639248314));
#4039 = CARTESIAN_POINT('',(3.407378634794,3.857914463659));
#4040 = CARTESIAN_POINT('',(3.466821257837,3.995119581714));
#4041 = CARTESIAN_POINT('',(3.488473083511,4.042649305299));
#4042 = CARTESIAN_POINT('',(3.510223772582,4.087889742864));
#4043 = CARTESIAN_POINT('',(3.532068751711,4.130763950155));
#4044 = CARTESIAN_POINT('',(3.554003637736,4.171199620755));
#4045 = CARTESIAN_POINT('',(3.576024237674,4.209129086083));
#4046 = CARTESIAN_POINT('',(3.612183655596,4.266978480528));
#4047 = CARTESIAN_POINT('',(3.626273159071,4.288427425074));
#4048 = CARTESIAN_POINT('',(3.640393592667,4.308819322287));
#4049 = CARTESIAN_POINT('',(3.654543397078,4.328138303526));
#4050 = CARTESIAN_POINT('',(3.668720920169,4.346369458262));
#4051 = CARTESIAN_POINT('',(3.682924416975,4.363498834078));
#4052 = CARTESIAN_POINT('',(3.729723975333,4.416176348519));
#4053 = CARTESIAN_POINT('',(3.762427268677,4.447002158593));
#4054 = CARTESIAN_POINT('',(3.795234064698,4.471827665323));
#4055 = CARTESIAN_POINT('',(3.828118753756,4.490530161373));
#4056 = CARTESIAN_POINT('',(3.861056691287,4.503027289482));
#4057 = CARTESIAN_POINT('',(3.894022907486,4.509276898315));
#4058 = CARTESIAN_POINT('',(3.960262664739,4.509276898315));
#4059 = CARTESIAN_POINT('',(3.993532735217,4.502911516736));
#4060 = CARTESIAN_POINT('',(4.02677371395,4.49018296202));
#4061 = CARTESIAN_POINT('',(4.059959973623,4.47113495291));
#4062 = CARTESIAN_POINT('',(4.093066226171,4.445852869942));
#4063 = CARTESIAN_POINT('',(4.126066174877,4.414463906937));
#4064 = CARTESIAN_POINT('',(4.173124583431,4.361016932452));
#4065 = CARTESIAN_POINT('',(4.187293777854,4.343788101949));
#4066 = CARTESIAN_POINT('',(4.201436931265,4.325463734095));
#4067 = CARTESIAN_POINT('',(4.215552317559,4.30605777469));
#4068 = CARTESIAN_POINT('',(4.229638302997,4.285585112222));
#4069 = CARTESIAN_POINT('',(4.243693346203,4.264061577866));
#4070 = CARTESIAN_POINT('',(4.279729111313,4.206092404564));
#4071 = CARTESIAN_POINT('',(4.301660800137,4.168134866379));
#4072 = CARTESIAN_POINT('',(4.323507135407,4.127693854387));
#4073 = CARTESIAN_POINT('',(4.34526399867,4.08483643625));
#4074 = CARTESIAN_POINT('',(4.366927082264,4.039634223835));
#4075 = CARTESIAN_POINT('',(4.388491889313,3.992163373213));
#4076 = CARTESIAN_POINT('',(4.448531562057,3.853242535088));
#4077 = CARTESIAN_POINT('',(4.486767060937,3.756933283427));
#4078 = CARTESIAN_POINT('',(4.524658005488,3.653993817307));
#4079 = CARTESIAN_POINT('',(4.562200571748,3.544854111079));
#4080 = CARTESIAN_POINT('',(4.599389019095,3.429957779994));
#4081 = CARTESIAN_POINT('',(4.636215372659,3.30976273438));
#4082 = CARTESIAN_POINT('',(4.781142153838,2.812725115319));
#4083 = CARTESIAN_POINT('',(4.885998452485,2.399068058362));
#4084 = CARTESIAN_POINT('',(4.987900988353,1.953564528713));
#4085 = CARTESIAN_POINT('',(5.087316488176,1.484196471529));
#4086 = CARTESIAN_POINT('',(5.184649220467,0.9979599288));
#4087 = CARTESIAN_POINT('',(5.280226746363,0.501253842385));
#4088 = CARTESIAN_POINT('',(5.374356840379,-6.E-07));
#4089 = ( GEOMETRIC_REPRESENTATION_CONTEXT(2) 
PARAMETRIC_REPRESENTATION_CONTEXT() REPRESENTATION_CONTEXT('2D SPACE',''
  ) );
#4090 = PCURVE('',#1916,#4091);
#4091 = DEFINITIONAL_REPRESENTATION('',(#4092),#4161);
#4092 = B_SPLINE_CURVE_WITH_KNOTS('',7,(#4093,#4094,#4095,#4096,#4097,
    #4098,#4099,#4100,#4101,#4102,#4103,#4104,#4105,#4106,#4107,#4108,
    #4109,#4110,#4111,#4112,#4113,#4114,#4115,#4116,#4117,#4118,#4119,
    #4120,#4121,#4122,#4123,#4124,#4125,#4126,#4127,#4128,#4129,#4130,
    #4131,#4132,#4133,#4134,#4135,#4136,#4137,#4138,#4139,#4140,#4141,
    #4142,#4143,#4144,#4145,#4146,#4147,#4148,#4149,#4150,#4151,#4152,
    #4153,#4154,#4155,#4156,#4157,#4158,#4159,#4160),.UNSPECIFIED.,.F.,
  .F.,(8,6,6,6,6,6,6,6,6,6,6,8),(0.,0.163025565212,0.262388883101,
    0.348463061382,0.397408085272,0.428537202528,0.499802416628,
    0.571724640068,0.602785719265,0.651546185713,0.739193494476,1.),
  .UNSPECIFIED.);
#4093 = CARTESIAN_POINT('',(0.820686364338,46.961960731462));
#4094 = CARTESIAN_POINT('',(0.81778512372,46.925645721505));
#4095 = CARTESIAN_POINT('',(0.814894858236,46.868879603704));
#4096 = CARTESIAN_POINT('',(0.812027620142,46.791198796957));
#4097 = CARTESIAN_POINT('',(0.809196246208,46.6921046889));
#4098 = CARTESIAN_POINT('',(0.806414784936,46.571078766906));
#4099 = CARTESIAN_POINT('',(0.803698939903,46.42759844604));
#4100 = CARTESIAN_POINT('',(0.799462087222,46.159706236785));
#4101 = CARTESIAN_POINT('',(0.797888753121,46.049735200233));
#4102 = CARTESIAN_POINT('',(0.796351470193,45.931183920742));
#4103 = CARTESIAN_POINT('',(0.794855357237,45.804027112479));
#4104 = CARTESIAN_POINT('',(0.793405708706,45.668270955093));
#4105 = CARTESIAN_POINT('',(0.792007994861,45.523953281456));
#4106 = CARTESIAN_POINT('',(0.78950696226,45.238771439189));
#4107 = CARTESIAN_POINT('',(0.788389196543,45.100017983608));
#4108 = CARTESIAN_POINT('',(0.78731903473,44.955016675288));
#4109 = CARTESIAN_POINT('',(0.786300836628,44.803938315694));
#4110 = CARTESIAN_POINT('',(0.785338848243,44.646991177025));
#4111 = CARTESIAN_POINT('',(0.784437198148,44.484420948102));
#4112 = CARTESIAN_POINT('',(0.78312377103,44.22103056957));
#4113 = CARTESIAN_POINT('',(0.782668516126,44.123836187928));
#4114 = CARTESIAN_POINT('',(0.782234952792,44.024999845923));
#4115 = CARTESIAN_POINT('',(0.781823859107,43.924598447302));
#4116 = CARTESIAN_POINT('',(0.781435967564,43.822713488975));
#4117 = CARTESIAN_POINT('',(0.781071965072,43.719431061013));
#4118 = CARTESIAN_POINT('',(0.780516588113,43.54832293096));
#4119 = CARTESIAN_POINT('',(0.780310614868,43.481278410532));
#4120 = CARTESIAN_POINT('',(0.780114743931,43.413733659332));
#4121 = CARTESIAN_POINT('',(0.779929136333,43.345715275394));
#4122 = CARTESIAN_POINT('',(0.779753943427,43.277251080818));
#4123 = CARTESIAN_POINT('',(0.779589306887,43.208370121772));
#4124 = CARTESIAN_POINT('',(0.779082918575,42.980525737204));
#4125 = CARTESIAN_POINT('',(0.778786443589,42.819899286362));
#4126 = CARTESIAN_POINT('',(0.77854758709,42.657613419222));
#4127 = CARTESIAN_POINT('',(0.778367595826,42.494067669617));
#4128 = CARTESIAN_POINT('',(0.778247308687,42.329670624668));
#4129 = CARTESIAN_POINT('',(0.778187155434,42.164839547508));
#4130 = CARTESIAN_POINT('',(0.778187155434,41.833640761239));
#4131 = CARTESIAN_POINT('',(0.778248423007,41.667290412921));
#4132 = CARTESIAN_POINT('',(0.778370937682,41.501386331084));
#4133 = CARTESIAN_POINT('',(0.778554253697,41.336357220192));
#4134 = CARTESIAN_POINT('',(0.778797501338,41.17262271239));
#4135 = CARTESIAN_POINT('',(0.779099388286,41.010592966776));
#4136 = CARTESIAN_POINT('',(0.779613161532,40.781601525787));
#4137 = CARTESIAN_POINT('',(0.779778749932,40.712922753068));
#4138 = CARTESIAN_POINT('',(0.77995483408,40.644661927922));
#4139 = CARTESIAN_POINT('',(0.780141272375,40.576847809833));
#4140 = CARTESIAN_POINT('',(0.78033791369,40.509507940356));
#4141 = CARTESIAN_POINT('',(0.780544597377,40.442668643121));
#4142 = CARTESIAN_POINT('',(0.781101108161,40.272254229768));
#4143 = CARTESIAN_POINT('',(0.781465369236,40.169456188457));
#4144 = CARTESIAN_POINT('',(0.781853300348,40.068050176954));
#4145 = CARTESIAN_POINT('',(0.782264220707,39.968120953619));
#4146 = CARTESIAN_POINT('',(0.782697404876,39.869748758115));
#4147 = CARTESIAN_POINT('',(0.783152082767,39.773009311402));
#4148 = CARTESIAN_POINT('',(0.784481897242,39.507146790529));
#4149 = CARTESIAN_POINT('',(0.785402959206,39.341867413267));
#4150 = CARTESIAN_POINT('',(0.786386394731,39.18243174797));
#4151 = CARTESIAN_POINT('',(0.787427847525,39.029095927536));
#4152 = CARTESIAN_POINT('',(0.788522839746,38.882076097592));
#4153 = CARTESIAN_POINT('',(0.789666775924,38.741548360344));
#4154 = CARTESIAN_POINT('',(0.794390511477,38.2092120956));
#4155 = CARTESIAN_POINT('',(0.798307392012,37.870628511467));
#4156 = CARTESIAN_POINT('',(0.802506975821,37.591531458702));
#4157 = CARTESIAN_POINT('',(0.806909474809,37.370619319111));
#4158 = CARTESIAN_POINT('',(0.811446490069,37.206112864197));
#4159 = CARTESIAN_POINT('',(0.816057072446,37.095984404178));
#4160 = CARTESIAN_POINT('',(0.820686364338,37.038039268538));
#4161 = ( GEOMETRIC_REPRESENTATION_CONTEXT(2) 
PARAMETRIC_REPRESENTATION_CONTEXT() REPRESENTATION_CONTEXT('2D SPACE',''
  ) );
#4162 = ORIENTED_EDGE('',*,*,#4163,.T.);
#4163 = EDGE_CURVE('',#3946,#3894,#4164,.T.);
#4164 = SURFACE_CURVE('',#4165,(#4170,#4177),.PCURVE_S1.);
#4165 = CIRCLE('',#4166,5.);
#4166 = AXIS2_PLACEMENT_3D('',#4167,#4168,#4169);
#4167 = CARTESIAN_POINT('',(100.89444430272,108.89444430272,-40.));
#4168 = DIRECTION('',(1.,7.850462293419E-17,7.850462293419E-17));
#4169 = DIRECTION('',(0.,0.707106781187,-0.707106781187));
#4170 = PCURVE('',#1009,#4171);
#4171 = DEFINITIONAL_REPRESENTATION('',(#4172),#4176);
#4172 = LINE('',#4173,#4174);
#4173 = CARTESIAN_POINT('',(0.,0.));
#4174 = VECTOR('',#4175,1.);
#4175 = DIRECTION('',(1.,0.));
#4176 = ( GEOMETRIC_REPRESENTATION_CONTEXT(2) 
PARAMETRIC_REPRESENTATION_CONTEXT() REPRESENTATION_CONTEXT('2D SPACE',''
  ) );
#4177 = PCURVE('',#3933,#4178);
#4178 = DEFINITIONAL_REPRESENTATION('',(#4179),#4183);
#4179 = CIRCLE('',#4180,5.);
#4180 = AXIS2_PLACEMENT_2D('',#4181,#4182);
#4181 = CARTESIAN_POINT('',(0.,0.));
#4182 = DIRECTION('',(1.,0.));
#4183 = ( GEOMETRIC_REPRESENTATION_CONTEXT(2) 
PARAMETRIC_REPRESENTATION_CONTEXT() REPRESENTATION_CONTEXT('2D SPACE',''
  ) );
#4184 = ORIENTED_EDGE('',*,*,#3893,.T.);
#4185 = ORIENTED_EDGE('',*,*,#973,.F.);
#4186 = ADVANCED_FACE('',(#4187),#1045,.F.);
#4187 = FACE_BOUND('',#4188,.F.);
#4188 = EDGE_LOOP('',(#4189,#4190));
#4189 = ORIENTED_EDGE('',*,*,#1030,.T.);
#4190 = ORIENTED_EDGE('',*,*,#3870,.T.);
#4191 = ADVANCED_FACE('',(#4192),#1213,.T.);
#4192 = FACE_BOUND('',#4193,.T.);
#4193 = EDGE_LOOP('',(#4194,#4195));
#4194 = ORIENTED_EDGE('',*,*,#1196,.T.);
#4195 = ORIENTED_EDGE('',*,*,#4196,.T.);
#4196 = EDGE_CURVE('',#1199,#1197,#4197,.T.);
#4197 = SURFACE_CURVE('',#4198,(#4203,#4210),.PCURVE_S1.);
#4198 = CIRCLE('',#4199,5.);
#4199 = AXIS2_PLACEMENT_3D('',#4200,#4201,#4202);
#4200 = CARTESIAN_POINT('',(-116.8944443027,108.89444430272,-40.));
#4201 = DIRECTION('',(1.,3.925231146709E-17,2.747661802697E-16));
#4202 = DIRECTION('',(-2.22044604925E-16,0.707106781187,0.707106781187)
  );
#4203 = PCURVE('',#1213,#4204);
#4204 = DEFINITIONAL_REPRESENTATION('',(#4205),#4209);
#4205 = CIRCLE('',#4206,5.);
#4206 = AXIS2_PLACEMENT_2D('',#4207,#4208);
#4207 = CARTESIAN_POINT('',(0.,0.));
#4208 = DIRECTION('',(1.,0.));
#4209 = ( GEOMETRIC_REPRESENTATION_CONTEXT(2) 
PARAMETRIC_REPRESENTATION_CONTEXT() REPRESENTATION_CONTEXT('2D SPACE',''
  ) );
#4210 = PCURVE('',#1328,#4211);
#4211 = DEFINITIONAL_REPRESENTATION('',(#4212),#4216);
#4212 = LINE('',#4213,#4214);
#4213 = CARTESIAN_POINT('',(0.,0.));
#4214 = VECTOR('',#4215,1.);
#4215 = DIRECTION('',(1.,0.));
#4216 = ( GEOMETRIC_REPRESENTATION_CONTEXT(2) 
PARAMETRIC_REPRESENTATION_CONTEXT() REPRESENTATION_CONTEXT('2D SPACE',''
  ) );
#4217 = ADVANCED_FACE('',(#4218),#1328,.F.);
#4218 = FACE_BOUND('',#4219,.F.);
#4219 = EDGE_LOOP('',(#4220,#4243,#4272,#4490,#4512,#4513,#4514,#4515));
#4220 = ORIENTED_EDGE('',*,*,#4221,.T.);
#4221 = EDGE_CURVE('',#1225,#4222,#4224,.T.);
#4222 = VERTEX_POINT('',#4223);
#4223 = CARTESIAN_POINT('',(-100.8944443027,112.42997820866,
    -36.46446609406));
#4224 = SEAM_CURVE('',#4225,(#4229,#4236),.PCURVE_S1.);
#4225 = LINE('',#4226,#4227);
#4226 = CARTESIAN_POINT('',(-116.8944443027,112.42997820866,
    -36.46446609406));
#4227 = VECTOR('',#4228,1.);
#4228 = DIRECTION('',(1.,3.925231146709E-17,2.747661802697E-16));
#4229 = PCURVE('',#1328,#4230);
#4230 = DEFINITIONAL_REPRESENTATION('',(#4231),#4235);
#4231 = LINE('',#4232,#4233);
#4232 = CARTESIAN_POINT('',(6.28318530718,-0.));
#4233 = VECTOR('',#4234,1.);
#4234 = DIRECTION('',(0.,1.));
#4235 = ( GEOMETRIC_REPRESENTATION_CONTEXT(2) 
PARAMETRIC_REPRESENTATION_CONTEXT() REPRESENTATION_CONTEXT('2D SPACE',''
  ) );
#4236 = PCURVE('',#1328,#4237);
#4237 = DEFINITIONAL_REPRESENTATION('',(#4238),#4242);
#4238 = LINE('',#4239,#4240);
#4239 = CARTESIAN_POINT('',(0.,-0.));
#4240 = VECTOR('',#4241,1.);
#4241 = DIRECTION('',(0.,1.));
#4242 = ( GEOMETRIC_REPRESENTATION_CONTEXT(2) 
PARAMETRIC_REPRESENTATION_CONTEXT() REPRESENTATION_CONTEXT('2D SPACE',''
  ) );
#4243 = ORIENTED_EDGE('',*,*,#4244,.F.);
#4244 = EDGE_CURVE('',#4245,#4222,#4247,.T.);
#4245 = VERTEX_POINT('',#4246);
#4246 = CARTESIAN_POINT('',(-100.8944443027,108.27885808801,
    -44.9619606621));
#4247 = SURFACE_CURVE('',#4248,(#4253,#4260),.PCURVE_S1.);
#4248 = CIRCLE('',#4249,5.);
#4249 = AXIS2_PLACEMENT_3D('',#4250,#4251,#4252);
#4250 = CARTESIAN_POINT('',(-100.8944443027,108.89444430272,-40.));
#4251 = DIRECTION('',(1.,3.925231146709E-17,2.747661802697E-16));
#4252 = DIRECTION('',(-2.22044604925E-16,0.707106781187,0.707106781187)
  );
#4253 = PCURVE('',#1328,#4254);
#4254 = DEFINITIONAL_REPRESENTATION('',(#4255),#4259);
#4255 = LINE('',#4256,#4257);
#4256 = CARTESIAN_POINT('',(0.,16.));
#4257 = VECTOR('',#4258,1.);
#4258 = DIRECTION('',(1.,0.));
#4259 = ( GEOMETRIC_REPRESENTATION_CONTEXT(2) 
PARAMETRIC_REPRESENTATION_CONTEXT() REPRESENTATION_CONTEXT('2D SPACE',''
  ) );
#4260 = PCURVE('',#4261,#4266);
#4261 = PLANE('',#4262);
#4262 = AXIS2_PLACEMENT_3D('',#4263,#4264,#4265);
#4263 = CARTESIAN_POINT('',(-100.8944443027,108.89444430272,-40.));
#4264 = DIRECTION('',(1.,3.925231146709E-17,2.747661802697E-16));
#4265 = DIRECTION('',(-2.22044604925E-16,0.707106781187,0.707106781187)
  );
#4266 = DEFINITIONAL_REPRESENTATION('',(#4267),#4271);
#4267 = CIRCLE('',#4268,5.);
#4268 = AXIS2_PLACEMENT_2D('',#4269,#4270);
#4269 = CARTESIAN_POINT('',(0.,0.));
#4270 = DIRECTION('',(1.,0.));
#4271 = ( GEOMETRIC_REPRESENTATION_CONTEXT(2) 
PARAMETRIC_REPRESENTATION_CONTEXT() REPRESENTATION_CONTEXT('2D SPACE',''
  ) );
#4272 = ORIENTED_EDGE('',*,*,#4273,.F.);
#4273 = EDGE_CURVE('',#4274,#4245,#4276,.T.);
#4274 = VERTEX_POINT('',#4275);
#4275 = CARTESIAN_POINT('',(-100.8944443027,108.27885808801,
    -35.03803933789));
#4276 = SURFACE_CURVE('',#4277,(#4346,#4418),.PCURVE_S1.);
#4277 = B_SPLINE_CURVE_WITH_KNOTS('',7,(#4278,#4279,#4280,#4281,#4282,
    #4283,#4284,#4285,#4286,#4287,#4288,#4289,#4290,#4291,#4292,#4293,
    #4294,#4295,#4296,#4297,#4298,#4299,#4300,#4301,#4302,#4303,#4304,
    #4305,#4306,#4307,#4308,#4309,#4310,#4311,#4312,#4313,#4314,#4315,
    #4316,#4317,#4318,#4319,#4320,#4321,#4322,#4323,#4324,#4325,#4326,
    #4327,#4328,#4329,#4330,#4331,#4332,#4333,#4334,#4335,#4336,#4337,
    #4338,#4339,#4340,#4341,#4342,#4343,#4344,#4345),.UNSPECIFIED.,.F.,
  .F.,(8,6,6,6,6,6,6,6,6,6,6,8),(0.,0.163025565158,0.262388883052,
    0.348463061334,0.397408085223,0.428537202478,0.499802416576,
    0.571724640022,0.602785719224,0.65154618568,0.739193494454,1.),
  .UNSPECIFIED.);
#4278 = CARTESIAN_POINT('',(-100.8944437027,108.27885864709,
    -35.03803926853));
#4279 = CARTESIAN_POINT('',(-101.2085867255,107.9861395888,
    -35.0743542785));
#4280 = CARTESIAN_POINT('',(-101.5205505695,107.6934645419,
    -35.1311203963));
#4281 = CARTESIAN_POINT('',(-101.8290394797,107.40206809016,
    -35.20880120303));
#4282 = CARTESIAN_POINT('',(-102.1326972969,107.11329003759,
    -35.30789531106));
#4283 = CARTESIAN_POINT('',(-102.4300644528,106.82862105578,
    -35.42892123307));
#4284 = CARTESIAN_POINT('',(-102.7195333802,106.54975010673,
    -35.57240155402));
#4285 = CARTESIAN_POINT('',(-103.1698202091,106.11335723662,
    -35.84029376321));
#4286 = CARTESIAN_POINT('',(-103.336722669,105.95098576349,
    -35.95026479976));
#4287 = CARTESIAN_POINT('',(-103.4995051234,105.79203125648,
    -36.06881607925));
#4288 = CARTESIAN_POINT('',(-103.6576497651,105.63704916488,
    -36.19597288752));
#4289 = CARTESIAN_POINT('',(-103.8106250547,105.48661779794,
    -36.3317290449));
#4290 = CARTESIAN_POINT('',(-103.9578852009,105.34133777,-36.47604671854
    ));
#4291 = CARTESIAN_POINT('',(-104.220998411,105.08098310334,
    -36.7612285608));
#4292 = CARTESIAN_POINT('',(-104.3384257463,104.96445955366,
    -36.89998201639));
#4293 = CARTESIAN_POINT('',(-104.4507029854,104.85274847804,
    -37.04498332471));
#4294 = CARTESIAN_POINT('',(-104.5573957919,104.74632865395,
    -37.19606168431));
#4295 = CARTESIAN_POINT('',(-104.658083551,104.64566859529,
    -37.35300882297));
#4296 = CARTESIAN_POINT('',(-104.7523587663,104.55122519273,
    -37.51557905189));
#4297 = CARTESIAN_POINT('',(-104.8895638844,104.41352572159,
    -37.77896943043));
#4298 = CARTESIAN_POINT('',(-104.937093608,104.36576920654,
    -37.87616381207));
#4299 = CARTESIAN_POINT('',(-104.9823340455,104.32026364087,
    -37.97500015407));
#4300 = CARTESIAN_POINT('',(-105.0252082528,104.27709494205,
    -38.07540155269));
#4301 = CARTESIAN_POINT('',(-105.0656439234,104.23634411324,
    -38.17728651102));
#4302 = CARTESIAN_POINT('',(-105.1035733888,104.19808724323,
    -38.28056893898));
#4303 = CARTESIAN_POINT('',(-105.1614227832,104.13969550202,
    -38.45167706904));
#4304 = CARTESIAN_POINT('',(-105.1828717278,104.11803402603,
    -38.51872158946));
#4305 = CARTESIAN_POINT('',(-105.203263625,104.09742997644,
    -38.58626634066));
#4306 = CARTESIAN_POINT('',(-105.2225826062,104.07790118272,
    -38.6542847246));
#4307 = CARTESIAN_POINT('',(-105.2408137609,104.05946440583,
    -38.72274891918));
#4308 = CARTESIAN_POINT('',(-105.2579431368,104.04213533821,
    -38.79162987822));
#4309 = CARTESIAN_POINT('',(-105.3106206512,103.9888258364,
    -39.01947426279));
#4310 = CARTESIAN_POINT('',(-105.3414464613,103.95759964732,
    -39.18010071363));
#4311 = CARTESIAN_POINT('',(-105.366271968,103.93243278777,
    -39.34238658077));
#4312 = CARTESIAN_POINT('',(-105.3849744641,103.91346340789,
    -39.50593233038));
#4313 = CARTESIAN_POINT('',(-105.3974715922,103.90078466016,
    -39.67032937533));
#4314 = CARTESIAN_POINT('',(-105.403721201,103.89444430272,
    -39.83516045249));
#4315 = CARTESIAN_POINT('',(-105.403721201,103.89444430272,
    -40.16635923877));
#4316 = CARTESIAN_POINT('',(-105.3973558194,103.90090211257,
    -40.33270958708));
#4317 = CARTESIAN_POINT('',(-105.3846272647,103.91381565288,
    -40.4986136689));
#4318 = CARTESIAN_POINT('',(-105.3655792556,103.93313538526,
    -40.66364277979));
#4319 = CARTESIAN_POINT('',(-105.3402971726,103.95876473164,
    -40.82737728761));
#4320 = CARTESIAN_POINT('',(-105.3089082096,103.9905604935,
    -40.98940703323));
#4321 = CARTESIAN_POINT('',(-105.2554612351,104.04464621567,
    -41.21839847421));
#4322 = CARTESIAN_POINT('',(-105.2382324046,104.06207505784,
    -41.28707724693));
#4323 = CARTESIAN_POINT('',(-105.2199080368,104.08060516434,
    -41.35533807207));
#4324 = CARTESIAN_POINT('',(-105.2005020774,104.10022085072,
    -41.42315219016));
#4325 = CARTESIAN_POINT('',(-105.1800294149,104.12090538144,
    -41.49049205964));
#4326 = CARTESIAN_POINT('',(-105.1585058805,104.14264096987,
    -41.55733135687));
#4327 = CARTESIAN_POINT('',(-105.1005367072,104.20115025886,
    -41.72774577023));
#4328 = CARTESIAN_POINT('',(-105.0625791691,104.23943318751,
    -41.83054381154));
#4329 = CARTESIAN_POINT('',(-105.0221381571,104.28018696627,
    -41.93194982304));
#4330 = CARTESIAN_POINT('',(-104.9792807389,104.32333618543,
    -42.03187904638));
#4331 = CARTESIAN_POINT('',(-104.9340785265,104.36880062354,
    -42.13025124188));
#4332 = CARTESIAN_POINT('',(-104.8866076759,104.4164952474,
    -42.22699068859));
#4333 = CARTESIAN_POINT('',(-104.7476868378,104.5559089396,
    -42.49285320946));
#4334 = CARTESIAN_POINT('',(-104.6513775861,104.65238129048,
    -42.65813258673));
#4335 = CARTESIAN_POINT('',(-104.54843812,104.75527861568,
    -42.81756825203));
#4336 = CARTESIAN_POINT('',(-104.4392984138,104.86411881903,
    -42.97090407247));
#4337 = CARTESIAN_POINT('',(-104.3244020827,104.97840782912,
    -43.1179239024));
#4338 = CARTESIAN_POINT('',(-104.2042070371,105.09764107126,
    -43.25845163964));
#4339 = CARTESIAN_POINT('',(-103.707169418,105.58928362313,
    -43.7907879044));
#4340 = CARTESIAN_POINT('',(-103.293512361,105.99541492656,
    -44.12937148853));
#4341 = CARTESIAN_POINT('',(-102.8480088314,106.42883147891,
    -44.40846854129));
#4342 = CARTESIAN_POINT('',(-102.3786407742,106.88078095286,
    -44.62938068088));
#4343 = CARTESIAN_POINT('',(-101.8924042315,107.34389953381,
    -44.7938871358));
#4344 = CARTESIAN_POINT('',(-101.3956981451,107.81178881693,
    -44.90401559582));
#4345 = CARTESIAN_POINT('',(-100.8944437027,108.27885864709,
    -44.96196073146));
#4346 = PCURVE('',#1328,#4347);
#4347 = DEFINITIONAL_REPRESENTATION('',(#4348),#4417);
#4348 = B_SPLINE_CURVE_WITH_KNOTS('',7,(#4349,#4350,#4351,#4352,#4353,
    #4354,#4355,#4356,#4357,#4358,#4359,#4360,#4361,#4362,#4363,#4364,
    #4365,#4366,#4367,#4368,#4369,#4370,#4371,#4372,#4373,#4374,#4375,
    #4376,#4377,#4378,#4379,#4380,#4381,#4382,#4383,#4384,#4385,#4386,
    #4387,#4388,#4389,#4390,#4391,#4392,#4393,#4394,#4395,#4396,#4397,
    #4398,#4399,#4400,#4401,#4402,#4403,#4404,#4405,#4406,#4407,#4408,
    #4409,#4410,#4411,#4412,#4413,#4414,#4415,#4416),.UNSPECIFIED.,.F.,
  .F.,(8,6,6,6,6,6,6,6,6,6,6,8),(0.,0.163025565158,0.262388883052,
    0.348463061334,0.397408085223,0.428537202478,0.499802416576,
    0.571724640022,0.602785719224,0.65154618568,0.739193494454,1.),
  .UNSPECIFIED.);
#4349 = CARTESIAN_POINT('',(0.908828466801,16.0000006));
#4350 = CARTESIAN_POINT('',(0.967821085672,15.68585757713));
#4351 = CARTESIAN_POINT('',(1.027308587154,15.37389373313));
#4352 = CARTESIAN_POINT('',(1.087392455008,15.06540482302));
#4353 = CARTESIAN_POINT('',(1.148180155598,14.761747005801));
#4354 = CARTESIAN_POINT('',(1.209784855951,14.464379849891));
#4355 = CARTESIAN_POINT('',(1.272330180639,14.174910922524));
#4356 = CARTESIAN_POINT('',(1.374742088702,13.724624093539));
#4357 = CARTESIAN_POINT('',(1.413924270561,13.557721633726));
#4358 = CARTESIAN_POINT('',(1.453517182656,13.394939179245));
#4359 = CARTESIAN_POINT('',(1.493532792554,13.236794537565));
#4360 = CARTESIAN_POINT('',(1.533985312585,13.083819248018));
#4361 = CARTESIAN_POINT('',(1.574892106651,12.936559101784));
#4362 = CARTESIAN_POINT('',(1.652122472598,12.673445891693));
#4363 = CARTESIAN_POINT('',(1.688329684097,12.556018556378));
#4364 = CARTESIAN_POINT('',(1.724886049913,12.443741317253));
#4365 = CARTESIAN_POINT('',(1.761783780994,12.337048510763));
#4366 = CARTESIAN_POINT('',(1.799017174592,12.236360751687));
#4367 = CARTESIAN_POINT('',(1.836582307998,12.142085536344));
#4368 = CARTESIAN_POINT('',(1.896024931043,12.004880418286));
#4369 = CARTESIAN_POINT('',(1.917676756716,11.957350694701));
#4370 = CARTESIAN_POINT('',(1.939427445787,11.912110257136));
#4371 = CARTESIAN_POINT('',(1.961272424916,11.869236049845));
#4372 = CARTESIAN_POINT('',(1.983207310942,11.828800379245));
#4373 = CARTESIAN_POINT('',(2.005227910879,11.790870913917));
#4374 = CARTESIAN_POINT('',(2.041387328801,11.733021519472));
#4375 = CARTESIAN_POINT('',(2.055476832276,11.711572574926));
#4376 = CARTESIAN_POINT('',(2.069597265872,11.691180677713));
#4377 = CARTESIAN_POINT('',(2.083747070283,11.671861696474));
#4378 = CARTESIAN_POINT('',(2.097924593374,11.653630541738));
#4379 = CARTESIAN_POINT('',(2.11212809018,11.636501165922));
#4380 = CARTESIAN_POINT('',(2.158927648538,11.58382365148));
#4381 = CARTESIAN_POINT('',(2.191630941882,11.552997841407));
#4382 = CARTESIAN_POINT('',(2.224437737903,11.528172334677));
#4383 = CARTESIAN_POINT('',(2.257322426961,11.509469838627));
#4384 = CARTESIAN_POINT('',(2.290260364492,11.496972710518));
#4385 = CARTESIAN_POINT('',(2.323226580691,11.490723101685));
#4386 = CARTESIAN_POINT('',(2.389466337948,11.490723101685));
#4387 = CARTESIAN_POINT('',(2.422736408422,11.497088483265));
#4388 = CARTESIAN_POINT('',(2.455977387152,11.509817037979));
#4389 = CARTESIAN_POINT('',(2.489163646825,11.528865047088));
#4390 = CARTESIAN_POINT('',(2.522269899377,11.554147130057));
#4391 = CARTESIAN_POINT('',(2.555269848085,11.585536093067));
#4392 = CARTESIAN_POINT('',(2.602328256636,11.638983067548));
#4393 = CARTESIAN_POINT('',(2.616497451059,11.656211898051));
#4394 = CARTESIAN_POINT('',(2.63064060447,11.674536265905));
#4395 = CARTESIAN_POINT('',(2.644755990764,11.69394222531));
#4396 = CARTESIAN_POINT('',(2.658841976202,11.714414887778));
#4397 = CARTESIAN_POINT('',(2.672897019409,11.735938422134));
#4398 = CARTESIAN_POINT('',(2.708932784518,11.793907595436));
#4399 = CARTESIAN_POINT('',(2.730864473343,11.831865133621));
#4400 = CARTESIAN_POINT('',(2.752710808612,11.872306145613));
#4401 = CARTESIAN_POINT('',(2.774467671875,11.91516356375));
#4402 = CARTESIAN_POINT('',(2.79613075547,11.960365776165));
#4403 = CARTESIAN_POINT('',(2.817695562518,12.007836626787));
#4404 = CARTESIAN_POINT('',(2.87773523526,12.146757464908));
#4405 = CARTESIAN_POINT('',(2.915970734142,12.243066716572));
#4406 = CARTESIAN_POINT('',(2.953861678694,12.346006182696));
#4407 = CARTESIAN_POINT('',(2.991404244955,12.455145888925));
#4408 = CARTESIAN_POINT('',(3.0285926923,12.570042220006));
#4409 = CARTESIAN_POINT('',(3.065419045863,12.690237265614));
#4410 = CARTESIAN_POINT('',(3.210345827043,13.187274884682));
#4411 = CARTESIAN_POINT('',(3.315202125691,13.600931941639));
#4412 = CARTESIAN_POINT('',(3.417104661557,14.046435471285));
#4413 = CARTESIAN_POINT('',(3.516520161381,14.515803528471));
#4414 = CARTESIAN_POINT('',(3.613852893672,15.002040071199));
#4415 = CARTESIAN_POINT('',(3.709430419568,15.498746157618));
#4416 = CARTESIAN_POINT('',(3.803560513584,16.0000006));
#4417 = ( GEOMETRIC_REPRESENTATION_CONTEXT(2) 
PARAMETRIC_REPRESENTATION_CONTEXT() REPRESENTATION_CONTEXT('2D SPACE',''
  ) );
#4418 = PCURVE('',#1916,#4419);
#4419 = DEFINITIONAL_REPRESENTATION('',(#4420),#4489);
#4420 = B_SPLINE_CURVE_WITH_KNOTS('',7,(#4421,#4422,#4423,#4424,#4425,
    #4426,#4427,#4428,#4429,#4430,#4431,#4432,#4433,#4434,#4435,#4436,
    #4437,#4438,#4439,#4440,#4441,#4442,#4443,#4444,#4445,#4446,#4447,
    #4448,#4449,#4450,#4451,#4452,#4453,#4454,#4455,#4456,#4457,#4458,
    #4459,#4460,#4461,#4462,#4463,#4464,#4465,#4466,#4467,#4468,#4469,
    #4470,#4471,#4472,#4473,#4474,#4475,#4476,#4477,#4478,#4479,#4480,
    #4481,#4482,#4483,#4484,#4485,#4486,#4487,#4488),.UNSPECIFIED.,.F.,
  .F.,(8,6,6,6,6,6,6,6,6,6,6,8),(0.,0.163025565158,0.262388883052,
    0.348463061334,0.397408085223,0.428537202478,0.499802416576,
    0.571724640022,0.602785719224,0.65154618568,0.739193494454,1.),
  .UNSPECIFIED.);
#4421 = CARTESIAN_POINT('',(2.320906289252,46.961960731462));
#4422 = CARTESIAN_POINT('',(2.32380752987,46.925645721497));
#4423 = CARTESIAN_POINT('',(2.326697795354,46.868879603692));
#4424 = CARTESIAN_POINT('',(2.329565033447,46.791198796961));
#4425 = CARTESIAN_POINT('',(2.332396407381,46.692104688935));
#4426 = CARTESIAN_POINT('',(2.335177868654,46.571078766927));
#4427 = CARTESIAN_POINT('',(2.337893713688,46.427598445976));
#4428 = CARTESIAN_POINT('',(2.342130566367,46.159706236785));
#4429 = CARTESIAN_POINT('',(2.343703900469,46.049735200233));
#4430 = CARTESIAN_POINT('',(2.345241183396,45.931183920742));
#4431 = CARTESIAN_POINT('',(2.346737296353,45.804027112479));
#4432 = CARTESIAN_POINT('',(2.348186944884,45.668270955093));
#4433 = CARTESIAN_POINT('',(2.349584658729,45.523953281455));
#4434 = CARTESIAN_POINT('',(2.352085691329,45.238771439195));
#4435 = CARTESIAN_POINT('',(2.353203457047,45.10001798361));
#4436 = CARTESIAN_POINT('',(2.35427361886,44.955016675283));
#4437 = CARTESIAN_POINT('',(2.355291816962,44.803938315689));
#4438 = CARTESIAN_POINT('',(2.356253805346,44.646991177025));
#4439 = CARTESIAN_POINT('',(2.357155455442,44.484420948109));
#4440 = CARTESIAN_POINT('',(2.35846888256,44.22103056957));
#4441 = CARTESIAN_POINT('',(2.358924137464,44.123836187928));
#4442 = CARTESIAN_POINT('',(2.359357700798,44.024999845923));
#4443 = CARTESIAN_POINT('',(2.359768794483,43.924598447302));
#4444 = CARTESIAN_POINT('',(2.360156686026,43.822713488975));
#4445 = CARTESIAN_POINT('',(2.360520688518,43.719431061013));
#4446 = CARTESIAN_POINT('',(2.361076065477,43.54832293096));
#4447 = CARTESIAN_POINT('',(2.361282038721,43.481278410532));
#4448 = CARTESIAN_POINT('',(2.361477909659,43.413733659332));
#4449 = CARTESIAN_POINT('',(2.361663517257,43.345715275394));
#4450 = CARTESIAN_POINT('',(2.361838710162,43.277251080817));
#4451 = CARTESIAN_POINT('',(2.362003346702,43.208370121772));
#4452 = CARTESIAN_POINT('',(2.362509735015,42.980525737203));
#4453 = CARTESIAN_POINT('',(2.36280621,42.819899286362));
#4454 = CARTESIAN_POINT('',(2.3630450665,42.657613419223));
#4455 = CARTESIAN_POINT('',(2.363225057764,42.494067669617));
#4456 = CARTESIAN_POINT('',(2.363345344903,42.329670624668));
#4457 = CARTESIAN_POINT('',(2.363405498155,42.164839547508));
#4458 = CARTESIAN_POINT('',(2.363405498155,41.833640761223));
#4459 = CARTESIAN_POINT('',(2.363344230583,41.667290412919));
#4460 = CARTESIAN_POINT('',(2.363221715908,41.501386331097));
#4461 = CARTESIAN_POINT('',(2.363038399893,41.336357220204));
#4462 = CARTESIAN_POINT('',(2.362795152252,41.172622712388));
#4463 = CARTESIAN_POINT('',(2.362493265304,41.010592966761));
#4464 = CARTESIAN_POINT('',(2.361979492058,40.781601525787));
#4465 = CARTESIAN_POINT('',(2.361813903658,40.712922753068));
#4466 = CARTESIAN_POINT('',(2.361637819509,40.644661927922));
#4467 = CARTESIAN_POINT('',(2.361451381215,40.576847809833));
#4468 = CARTESIAN_POINT('',(2.3612547399,40.509507940356));
#4469 = CARTESIAN_POINT('',(2.361048056213,40.442668643121));
#4470 = CARTESIAN_POINT('',(2.360491545429,40.272254229768));
#4471 = CARTESIAN_POINT('',(2.360127284354,40.169456188457));
#4472 = CARTESIAN_POINT('',(2.359739353242,40.068050176954));
#4473 = CARTESIAN_POINT('',(2.359328432883,39.968120953619));
#4474 = CARTESIAN_POINT('',(2.358895248714,39.869748758115));
#4475 = CARTESIAN_POINT('',(2.358440570823,39.773009311402));
#4476 = CARTESIAN_POINT('',(2.357110756348,39.507146790537));
#4477 = CARTESIAN_POINT('',(2.356189694384,39.341867413267));
#4478 = CARTESIAN_POINT('',(2.355206258859,39.182431747964));
#4479 = CARTESIAN_POINT('',(2.354164806065,39.02909592753));
#4480 = CARTESIAN_POINT('',(2.353069813844,38.882076097594));
#4481 = CARTESIAN_POINT('',(2.351925877666,38.741548360351));
#4482 = CARTESIAN_POINT('',(2.347202142113,38.209212095598));
#4483 = CARTESIAN_POINT('',(2.343285261578,37.870628511467));
#4484 = CARTESIAN_POINT('',(2.339085677769,37.591531458703));
#4485 = CARTESIAN_POINT('',(2.334683178781,37.370619319111));
#4486 = CARTESIAN_POINT('',(2.33014616352,37.206112864197));
#4487 = CARTESIAN_POINT('',(2.325535581143,37.095984404177));
#4488 = CARTESIAN_POINT('',(2.320906289252,37.038039268538));
#4489 = ( GEOMETRIC_REPRESENTATION_CONTEXT(2) 
PARAMETRIC_REPRESENTATION_CONTEXT() REPRESENTATION_CONTEXT('2D SPACE',''
  ) );
#4490 = ORIENTED_EDGE('',*,*,#4491,.F.);
#4491 = EDGE_CURVE('',#4222,#4274,#4492,.T.);
#4492 = SURFACE_CURVE('',#4493,(#4498,#4505),.PCURVE_S1.);
#4493 = CIRCLE('',#4494,5.);
#4494 = AXIS2_PLACEMENT_3D('',#4495,#4496,#4497);
#4495 = CARTESIAN_POINT('',(-100.8944443027,108.89444430272,-40.));
#4496 = DIRECTION('',(1.,3.925231146709E-17,2.747661802697E-16));
#4497 = DIRECTION('',(-2.22044604925E-16,0.707106781187,0.707106781187)
  );
#4498 = PCURVE('',#1328,#4499);
#4499 = DEFINITIONAL_REPRESENTATION('',(#4500),#4504);
#4500 = LINE('',#4501,#4502);
#4501 = CARTESIAN_POINT('',(0.,16.));
#4502 = VECTOR('',#4503,1.);
#4503 = DIRECTION('',(1.,0.));
#4504 = ( GEOMETRIC_REPRESENTATION_CONTEXT(2) 
PARAMETRIC_REPRESENTATION_CONTEXT() REPRESENTATION_CONTEXT('2D SPACE',''
  ) );
#4505 = PCURVE('',#4261,#4506);
#4506 = DEFINITIONAL_REPRESENTATION('',(#4507),#4511);
#4507 = CIRCLE('',#4508,5.);
#4508 = AXIS2_PLACEMENT_2D('',#4509,#4510);
#4509 = CARTESIAN_POINT('',(0.,0.));
#4510 = DIRECTION('',(1.,0.));
#4511 = ( GEOMETRIC_REPRESENTATION_CONTEXT(2) 
PARAMETRIC_REPRESENTATION_CONTEXT() REPRESENTATION_CONTEXT('2D SPACE',''
  ) );
#4512 = ORIENTED_EDGE('',*,*,#4221,.F.);
#4513 = ORIENTED_EDGE('',*,*,#1384,.T.);
#4514 = ORIENTED_EDGE('',*,*,#4196,.T.);
#4515 = ORIENTED_EDGE('',*,*,#1224,.T.);
#4516 = ADVANCED_FACE('',(#4517),#1470,.F.);
#4517 = FACE_BOUND('',#4518,.F.);
#4518 = EDGE_LOOP('',(#4519,#4542,#4571,#4789,#4811,#4812,#4813,#4835));
#4519 = ORIENTED_EDGE('',*,*,#4520,.T.);
#4520 = EDGE_CURVE('',#1437,#4521,#4523,.T.);
#4521 = VERTEX_POINT('',#4522);
#4522 = CARTESIAN_POINT('',(-100.8944443027,-112.4299782086,
    -36.46446609406));
#4523 = SEAM_CURVE('',#4524,(#4528,#4535),.PCURVE_S1.);
#4524 = LINE('',#4525,#4526);
#4525 = CARTESIAN_POINT('',(-116.8944443027,-112.4299782086,
    -36.46446609406));
#4526 = VECTOR('',#4527,1.);
#4527 = DIRECTION('',(1.,-7.850462293419E-17,2.355138688026E-16));
#4528 = PCURVE('',#1470,#4529);
#4529 = DEFINITIONAL_REPRESENTATION('',(#4530),#4534);
#4530 = LINE('',#4531,#4532);
#4531 = CARTESIAN_POINT('',(6.28318530718,-0.));
#4532 = VECTOR('',#4533,1.);
#4533 = DIRECTION('',(0.,1.));
#4534 = ( GEOMETRIC_REPRESENTATION_CONTEXT(2) 
PARAMETRIC_REPRESENTATION_CONTEXT() REPRESENTATION_CONTEXT('2D SPACE',''
  ) );
#4535 = PCURVE('',#1470,#4536);
#4536 = DEFINITIONAL_REPRESENTATION('',(#4537),#4541);
#4537 = LINE('',#4538,#4539);
#4538 = CARTESIAN_POINT('',(0.,-0.));
#4539 = VECTOR('',#4540,1.);
#4540 = DIRECTION('',(0.,1.));
#4541 = ( GEOMETRIC_REPRESENTATION_CONTEXT(2) 
PARAMETRIC_REPRESENTATION_CONTEXT() REPRESENTATION_CONTEXT('2D SPACE',''
  ) );
#4542 = ORIENTED_EDGE('',*,*,#4543,.F.);
#4543 = EDGE_CURVE('',#4544,#4521,#4546,.T.);
#4544 = VERTEX_POINT('',#4545);
#4545 = CARTESIAN_POINT('',(-100.8944443027,-108.278858088,
    -35.03803933789));
#4546 = SURFACE_CURVE('',#4547,(#4552,#4559),.PCURVE_S1.);
#4547 = CIRCLE('',#4548,5.);
#4548 = AXIS2_PLACEMENT_3D('',#4549,#4550,#4551);
#4549 = CARTESIAN_POINT('',(-100.8944443027,-108.8944443027,-40.));
#4550 = DIRECTION('',(1.,-7.850462293419E-17,2.355138688026E-16));
#4551 = DIRECTION('',(-2.22044604925E-16,-0.707106781187,0.707106781187)
  );
#4552 = PCURVE('',#1470,#4553);
#4553 = DEFINITIONAL_REPRESENTATION('',(#4554),#4558);
#4554 = LINE('',#4555,#4556);
#4555 = CARTESIAN_POINT('',(0.,16.));
#4556 = VECTOR('',#4557,1.);
#4557 = DIRECTION('',(1.,0.));
#4558 = ( GEOMETRIC_REPRESENTATION_CONTEXT(2) 
PARAMETRIC_REPRESENTATION_CONTEXT() REPRESENTATION_CONTEXT('2D SPACE',''
  ) );
#4559 = PCURVE('',#4560,#4565);
#4560 = PLANE('',#4561);
#4561 = AXIS2_PLACEMENT_3D('',#4562,#4563,#4564);
#4562 = CARTESIAN_POINT('',(-100.8944443027,-108.8944443027,-40.));
#4563 = DIRECTION('',(1.,-7.850462293419E-17,2.355138688026E-16));
#4564 = DIRECTION('',(-2.22044604925E-16,-0.707106781187,0.707106781187)
  );
#4565 = DEFINITIONAL_REPRESENTATION('',(#4566),#4570);
#4566 = CIRCLE('',#4567,5.);
#4567 = AXIS2_PLACEMENT_2D('',#4568,#4569);
#4568 = CARTESIAN_POINT('',(0.,0.));
#4569 = DIRECTION('',(1.,0.));
#4570 = ( GEOMETRIC_REPRESENTATION_CONTEXT(2) 
PARAMETRIC_REPRESENTATION_CONTEXT() REPRESENTATION_CONTEXT('2D SPACE',''
  ) );
#4571 = ORIENTED_EDGE('',*,*,#4572,.F.);
#4572 = EDGE_CURVE('',#4573,#4544,#4575,.T.);
#4573 = VERTEX_POINT('',#4574);
#4574 = CARTESIAN_POINT('',(-100.8944443027,-108.278858088,
    -44.9619606621));
#4575 = SURFACE_CURVE('',#4576,(#4645,#4717),.PCURVE_S1.);
#4576 = B_SPLINE_CURVE_WITH_KNOTS('',7,(#4577,#4578,#4579,#4580,#4581,
    #4582,#4583,#4584,#4585,#4586,#4587,#4588,#4589,#4590,#4591,#4592,
    #4593,#4594,#4595,#4596,#4597,#4598,#4599,#4600,#4601,#4602,#4603,
    #4604,#4605,#4606,#4607,#4608,#4609,#4610,#4611,#4612,#4613,#4614,
    #4615,#4616,#4617,#4618,#4619,#4620,#4621,#4622,#4623,#4624,#4625,
    #4626,#4627,#4628,#4629,#4630,#4631,#4632,#4633,#4634,#4635,#4636,
    #4637,#4638,#4639,#4640,#4641,#4642,#4643,#4644),.UNSPECIFIED.,.F.,
  .F.,(8,6,6,6,6,6,6,6,6,6,6,8),(0.,0.163025574684,0.262388898376,
    0.348463081682,0.397408108427,0.428537227498,0.499802445755,
    0.571724673391,0.602785754399,0.651546219911,0.739193520115,1.),
  .UNSPECIFIED.);
#4577 = CARTESIAN_POINT('',(-100.8944437027,-108.278858647,
    -44.96196073146));
#4578 = CARTESIAN_POINT('',(-101.2085867256,-107.9861395887,
    -44.92564572149));
#4579 = CARTESIAN_POINT('',(-101.5205505695,-107.6934645419,
    -44.86887960369));
#4580 = CARTESIAN_POINT('',(-101.8290394796,-107.4020680901,
    -44.79119879697));
#4581 = CARTESIAN_POINT('',(-102.1326972969,-107.1132900375,
    -44.69210468893));
#4582 = CARTESIAN_POINT('',(-102.4300644528,-106.8286210557,
    -44.57107876691));
#4583 = CARTESIAN_POINT('',(-102.7195333801,-106.5497501067,
    -44.42759844598));
#4584 = CARTESIAN_POINT('',(-103.1698202091,-106.1133572366,
    -44.15970623678));
#4585 = CARTESIAN_POINT('',(-103.336722669,-105.9509857634,
    -44.04973520023));
#4586 = CARTESIAN_POINT('',(-103.4995051234,-105.7920312564,
    -43.93118392074));
#4587 = CARTESIAN_POINT('',(-103.6576497651,-105.6370491648,
    -43.80402711247));
#4588 = CARTESIAN_POINT('',(-103.8106250547,-105.4866177979,
    -43.66827095509));
#4589 = CARTESIAN_POINT('',(-103.9578852009,-105.34133777,
    -43.52395328145));
#4590 = CARTESIAN_POINT('',(-104.220998411,-105.0809831033,
    -43.23877143919));
#4591 = CARTESIAN_POINT('',(-104.3384257463,-104.9644595536,
    -43.10001798361));
#4592 = CARTESIAN_POINT('',(-104.4507029854,-104.852748478,
    -42.95501667528));
#4593 = CARTESIAN_POINT('',(-104.5573957919,-104.7463286539,
    -42.80393831568));
#4594 = CARTESIAN_POINT('',(-104.658083551,-104.6456685952,
    -42.64699117702));
#4595 = CARTESIAN_POINT('',(-104.7523587663,-104.5512251927,
    -42.4844209481));
#4596 = CARTESIAN_POINT('',(-104.8895638844,-104.4135257215,
    -42.22103056957));
#4597 = CARTESIAN_POINT('',(-104.937093608,-104.3657692065,
    -42.12383618792));
#4598 = CARTESIAN_POINT('',(-104.9823340455,-104.3202636408,
    -42.02499984592));
#4599 = CARTESIAN_POINT('',(-105.0252082528,-104.277094942,
    -41.9245984473));
#4600 = CARTESIAN_POINT('',(-105.0656439234,-104.2363441132,
    -41.82271348897));
#4601 = CARTESIAN_POINT('',(-105.1035733888,-104.1980872432,
    -41.71943106101));
#4602 = CARTESIAN_POINT('',(-105.1614227832,-104.139695502,
    -41.54832293096));
#4603 = CARTESIAN_POINT('',(-105.1828717278,-104.118034026,
    -41.48127841053));
#4604 = CARTESIAN_POINT('',(-105.203263625,-104.0974299764,
    -41.41373365933));
#4605 = CARTESIAN_POINT('',(-105.2225826062,-104.0779011827,
    -41.34571527539));
#4606 = CARTESIAN_POINT('',(-105.2408137609,-104.0594644058,
    -41.27725108081));
#4607 = CARTESIAN_POINT('',(-105.2579431368,-104.0421353382,
    -41.20837012177));
#4608 = CARTESIAN_POINT('',(-105.3106206512,-103.9888258364,
    -40.9805257372));
#4609 = CARTESIAN_POINT('',(-105.3414464613,-103.9575996473,
    -40.81989928636));
#4610 = CARTESIAN_POINT('',(-105.366271968,-103.9324327877,
    -40.65761341922));
#4611 = CARTESIAN_POINT('',(-105.3849744641,-103.9134634078,
    -40.49406766961));
#4612 = CARTESIAN_POINT('',(-105.3974715922,-103.9007846601,
    -40.32967062466));
#4613 = CARTESIAN_POINT('',(-105.403721201,-103.8944443027,
    -40.1648395475));
#4614 = CARTESIAN_POINT('',(-105.403721201,-103.8944443027,
    -39.83364076123));
#4615 = CARTESIAN_POINT('',(-105.3973558194,-103.9009021125,
    -39.66729041292));
#4616 = CARTESIAN_POINT('',(-105.3846272647,-103.9138156528,
    -39.50138633108));
#4617 = CARTESIAN_POINT('',(-105.3655792556,-103.9331353852,
    -39.33635722019));
#4618 = CARTESIAN_POINT('',(-105.3402971726,-103.9587647316,
    -39.17262271239));
#4619 = CARTESIAN_POINT('',(-105.3089082096,-103.9905604935,
    -39.01059296677));
#4620 = CARTESIAN_POINT('',(-105.2554612351,-104.0446462156,
    -38.78160152578));
#4621 = CARTESIAN_POINT('',(-105.2382324046,-104.0620750578,
    -38.71292275306));
#4622 = CARTESIAN_POINT('',(-105.2199080368,-104.0806051643,
    -38.64466192792));
#4623 = CARTESIAN_POINT('',(-105.2005020774,-104.1002208507,
    -38.57684780983));
#4624 = CARTESIAN_POINT('',(-105.1800294149,-104.1209053814,
    -38.50950794035));
#4625 = CARTESIAN_POINT('',(-105.1585058805,-104.1426409698,
    -38.44266864312));
#4626 = CARTESIAN_POINT('',(-105.10053671,-104.201150256,-38.27225423783
    ));
#4627 = CARTESIAN_POINT('',(-105.0625791689,-104.2394331877,
    -38.16945618961));
#4628 = CARTESIAN_POINT('',(-105.0221381542,-104.2801869691,
    -38.06805017084));
#4629 = CARTESIAN_POINT('',(-104.9792807365,-104.3233361878,
    -37.96812094726));
#4630 = CARTESIAN_POINT('',(-104.9340785275,-104.3688006226,
    -37.86974875865));
#4631 = CARTESIAN_POINT('',(-104.8866076798,-104.4164952434,
    -37.77300931886));
#4632 = CARTESIAN_POINT('',(-104.7476868378,-104.5559089396,
    -37.50714679053));
#4633 = CARTESIAN_POINT('',(-104.6513775861,-104.6523812904,
    -37.34186741326));
#4634 = CARTESIAN_POINT('',(-104.54843812,-104.7552786156,
    -37.18243174797));
#4635 = CARTESIAN_POINT('',(-104.4392984138,-104.864118819,
    -37.02909592753));
#4636 = CARTESIAN_POINT('',(-104.3244020827,-104.9784078291,
    -36.88207609759));
#4637 = CARTESIAN_POINT('',(-104.2042070371,-105.0976410712,
    -36.74154836034));
#4638 = CARTESIAN_POINT('',(-103.7071694182,-105.5892836229,
    -36.20921209585));
#4639 = CARTESIAN_POINT('',(-103.2935123611,-105.9954149264,
    -35.87062851143));
#4640 = CARTESIAN_POINT('',(-102.8480088312,-106.4288314791,
    -35.59153145851));
#4641 = CARTESIAN_POINT('',(-102.3786407739,-106.8807809531,
    -35.37061931903));
#4642 = CARTESIAN_POINT('',(-101.8924042315,-107.3438995338,
    -35.20611286427));
#4643 = CARTESIAN_POINT('',(-101.3956981454,-107.8117888165,
    -35.09598440422));
#4644 = CARTESIAN_POINT('',(-100.8944437027,-108.278858647,
    -35.03803926853));
#4645 = PCURVE('',#1470,#4646);
#4646 = DEFINITIONAL_REPRESENTATION('',(#4647),#4716);
#4647 = B_SPLINE_CURVE_WITH_KNOTS('',7,(#4648,#4649,#4650,#4651,#4652,
    #4653,#4654,#4655,#4656,#4657,#4658,#4659,#4660,#4661,#4662,#4663,
    #4664,#4665,#4666,#4667,#4668,#4669,#4670,#4671,#4672,#4673,#4674,
    #4675,#4676,#4677,#4678,#4679,#4680,#4681,#4682,#4683,#4684,#4685,
    #4686,#4687,#4688,#4689,#4690,#4691,#4692,#4693,#4694,#4695,#4696,
    #4697,#4698,#4699,#4700,#4701,#4702,#4703,#4704,#4705,#4706,#4707,
    #4708,#4709,#4710,#4711,#4712,#4713,#4714,#4715),.UNSPECIFIED.,.F.,
  .F.,(8,6,6,6,6,6,6,6,6,6,6,8),(0.,0.163025574684,0.262388898376,
    0.348463081682,0.397408108427,0.428537227498,0.499802445755,
    0.571724673391,0.602785754399,0.651546219911,0.739193520115,1.),
  .UNSPECIFIED.);
#4648 = CARTESIAN_POINT('',(2.479624793596,16.0000006));
#4649 = CARTESIAN_POINT('',(2.538617412471,15.685857577107));
#4650 = CARTESIAN_POINT('',(2.598104913944,15.373893733156));
#4651 = CARTESIAN_POINT('',(2.6581887818,15.065404823037));
#4652 = CARTESIAN_POINT('',(2.718976482397,14.761747005781));
#4653 = CARTESIAN_POINT('',(2.780581182751,14.464379849871));
#4654 = CARTESIAN_POINT('',(2.843126507429,14.174910922545));
#4655 = CARTESIAN_POINT('',(2.945538415497,13.724624093539));
#4656 = CARTESIAN_POINT('',(2.984720597356,13.557721633726));
#4657 = CARTESIAN_POINT('',(3.024313509451,13.394939179244));
#4658 = CARTESIAN_POINT('',(3.064329119349,13.236794537564));
#4659 = CARTESIAN_POINT('',(3.104781639379,13.083819248018));
#4660 = CARTESIAN_POINT('',(3.145688433446,12.936559101784));
#4661 = CARTESIAN_POINT('',(3.222918799393,12.673445891693));
#4662 = CARTESIAN_POINT('',(3.259126010891,12.556018556378));
#4663 = CARTESIAN_POINT('',(3.295682376708,12.443741317253));
#4664 = CARTESIAN_POINT('',(3.332580107789,12.337048510762));
#4665 = CARTESIAN_POINT('',(3.369813501386,12.236360751687));
#4666 = CARTESIAN_POINT('',(3.407378634793,12.142085536344));
#4667 = CARTESIAN_POINT('',(3.466821257837,12.004880418286));
#4668 = CARTESIAN_POINT('',(3.488473083511,11.957350694701));
#4669 = CARTESIAN_POINT('',(3.510223772582,11.912110257136));
#4670 = CARTESIAN_POINT('',(3.532068751711,11.869236049845));
#4671 = CARTESIAN_POINT('',(3.554003637736,11.828800379245));
#4672 = CARTESIAN_POINT('',(3.576024237674,11.790870913917));
#4673 = CARTESIAN_POINT('',(3.612183655596,11.733021519472));
#4674 = CARTESIAN_POINT('',(3.626273159071,11.711572574926));
#4675 = CARTESIAN_POINT('',(3.640393592667,11.691180677713));
#4676 = CARTESIAN_POINT('',(3.654543397078,11.671861696474));
#4677 = CARTESIAN_POINT('',(3.668720920169,11.653630541738));
#4678 = CARTESIAN_POINT('',(3.682924416975,11.636501165922));
#4679 = CARTESIAN_POINT('',(3.729723975333,11.583823651481));
#4680 = CARTESIAN_POINT('',(3.762427268677,11.552997841407));
#4681 = CARTESIAN_POINT('',(3.795234064698,11.528172334677));
#4682 = CARTESIAN_POINT('',(3.828118753756,11.509469838627));
#4683 = CARTESIAN_POINT('',(3.861056691287,11.496972710518));
#4684 = CARTESIAN_POINT('',(3.894022907486,11.490723101685));
#4685 = CARTESIAN_POINT('',(3.960262664739,11.490723101685));
#4686 = CARTESIAN_POINT('',(3.993532735217,11.497088483264));
#4687 = CARTESIAN_POINT('',(4.02677371395,11.50981703798));
#4688 = CARTESIAN_POINT('',(4.059959973623,11.52886504709));
#4689 = CARTESIAN_POINT('',(4.093066226171,11.554147130058));
#4690 = CARTESIAN_POINT('',(4.126066174877,11.585536093063));
#4691 = CARTESIAN_POINT('',(4.173124583431,11.638983067548));
#4692 = CARTESIAN_POINT('',(4.187293777854,11.656211898051));
#4693 = CARTESIAN_POINT('',(4.201436931265,11.674536265905));
#4694 = CARTESIAN_POINT('',(4.215552317559,11.69394222531));
#4695 = CARTESIAN_POINT('',(4.229638302997,11.714414887778));
#4696 = CARTESIAN_POINT('',(4.243693346203,11.735938422134));
#4697 = CARTESIAN_POINT('',(4.279729109607,11.793907592691));
#4698 = CARTESIAN_POINT('',(4.30166079994,11.831865133828));
#4699 = CARTESIAN_POINT('',(4.323507136762,11.872306148502));
#4700 = CARTESIAN_POINT('',(4.345264000034,11.915163566178));
#4701 = CARTESIAN_POINT('',(4.366927082089,11.960365775221));
#4702 = CARTESIAN_POINT('',(4.388491887629,12.00783662289));
#4703 = CARTESIAN_POINT('',(4.448531562057,12.146757464912));
#4704 = CARTESIAN_POINT('',(4.486767060937,12.243066716573));
#4705 = CARTESIAN_POINT('',(4.524658005488,12.346006182693));
#4706 = CARTESIAN_POINT('',(4.562200571748,12.455145888921));
#4707 = CARTESIAN_POINT('',(4.599389019095,12.570042220006));
#4708 = CARTESIAN_POINT('',(4.636215372659,12.69023726562));
#4709 = CARTESIAN_POINT('',(4.781142153768,13.187274884443));
#4710 = CARTESIAN_POINT('',(4.885998452478,13.600931941543));
#4711 = CARTESIAN_POINT('',(4.987900988408,14.046435471515));
#4712 = CARTESIAN_POINT('',(5.087316488235,14.51580352879));
#4713 = CARTESIAN_POINT('',(5.184649220466,15.002040071213));
#4714 = CARTESIAN_POINT('',(5.280226746293,15.498746157242));
#4715 = CARTESIAN_POINT('',(5.374356840379,16.0000006));
#4716 = ( GEOMETRIC_REPRESENTATION_CONTEXT(2) 
PARAMETRIC_REPRESENTATION_CONTEXT() REPRESENTATION_CONTEXT('2D SPACE',''
  ) );
#4717 = PCURVE('',#1916,#4718);
#4718 = DEFINITIONAL_REPRESENTATION('',(#4719),#4788);
#4719 = B_SPLINE_CURVE_WITH_KNOTS('',7,(#4720,#4721,#4722,#4723,#4724,
    #4725,#4726,#4727,#4728,#4729,#4730,#4731,#4732,#4733,#4734,#4735,
    #4736,#4737,#4738,#4739,#4740,#4741,#4742,#4743,#4744,#4745,#4746,
    #4747,#4748,#4749,#4750,#4751,#4752,#4753,#4754,#4755,#4756,#4757,
    #4758,#4759,#4760,#4761,#4762,#4763,#4764,#4765,#4766,#4767,#4768,
    #4769,#4770,#4771,#4772,#4773,#4774,#4775,#4776,#4777,#4778,#4779,
    #4780,#4781,#4782,#4783,#4784,#4785,#4786,#4787),.UNSPECIFIED.,.F.,
  .F.,(8,6,6,6,6,6,6,6,6,6,6,8),(0.,0.163025574684,0.262388898376,
    0.348463081682,0.397408108427,0.428537227498,0.499802445755,
    0.571724673391,0.602785754399,0.651546219911,0.739193520115,1.),
  .UNSPECIFIED.);
#4720 = CARTESIAN_POINT('',(3.962279017928,37.038039268538));
#4721 = CARTESIAN_POINT('',(3.959377777309,37.074354278506));
#4722 = CARTESIAN_POINT('',(3.956487511826,37.131120396308));
#4723 = CARTESIAN_POINT('',(3.953620273733,37.208801203029));
#4724 = CARTESIAN_POINT('',(3.950788899798,37.307895311067));
#4725 = CARTESIAN_POINT('',(3.948007438525,37.428921233089));
#4726 = CARTESIAN_POINT('',(3.945291593492,37.572401554011));
#4727 = CARTESIAN_POINT('',(3.941054740812,37.840293763215));
#4728 = CARTESIAN_POINT('',(3.939481406711,37.950264799767));
#4729 = CARTESIAN_POINT('',(3.937944123783,38.068816079258));
#4730 = CARTESIAN_POINT('',(3.936448010827,38.195972887521));
#4731 = CARTESIAN_POINT('',(3.934998362296,38.331729044907));
#4732 = CARTESIAN_POINT('',(3.933600648451,38.476046718545));
#4733 = CARTESIAN_POINT('',(3.93109961585,38.761228560805));
#4734 = CARTESIAN_POINT('',(3.929981850132,38.89998201639));
#4735 = CARTESIAN_POINT('',(3.92891168832,39.044983324717));
#4736 = CARTESIAN_POINT('',(3.927893490218,39.196061684311));
#4737 = CARTESIAN_POINT('',(3.926931501833,39.353008822975));
#4738 = CARTESIAN_POINT('',(3.926029851738,39.515579051892));
#4739 = CARTESIAN_POINT('',(3.924716424619,39.77896943043));
#4740 = CARTESIAN_POINT('',(3.924261169716,39.876163812072));
#4741 = CARTESIAN_POINT('',(3.923827606381,39.975000154077));
#4742 = CARTESIAN_POINT('',(3.923416512696,40.075401552697));
#4743 = CARTESIAN_POINT('',(3.923028621154,40.177286511025));
#4744 = CARTESIAN_POINT('',(3.922664618661,40.280568938988));
#4745 = CARTESIAN_POINT('',(3.922109241703,40.45167706904));
#4746 = CARTESIAN_POINT('',(3.921903268458,40.518721589468));
#4747 = CARTESIAN_POINT('',(3.92170739752,40.586266340668));
#4748 = CARTESIAN_POINT('',(3.921521789923,40.654284724606));
#4749 = CARTESIAN_POINT('',(3.921346597017,40.722748919183));
#4750 = CARTESIAN_POINT('',(3.921181960477,40.791629878228));
#4751 = CARTESIAN_POINT('',(3.920675572165,41.019474262796));
#4752 = CARTESIAN_POINT('',(3.920379097179,41.180100713638));
#4753 = CARTESIAN_POINT('',(3.92014024068,41.342386580777));
#4754 = CARTESIAN_POINT('',(3.919960249416,41.505932330383));
#4755 = CARTESIAN_POINT('',(3.919839962277,41.670329375332));
#4756 = CARTESIAN_POINT('',(3.919779809024,41.835160452492));
#4757 = CARTESIAN_POINT('',(3.919779809024,42.166359238761));
#4758 = CARTESIAN_POINT('',(3.919841076596,42.332709587079));
#4759 = CARTESIAN_POINT('',(3.919963591272,42.498613668916));
#4760 = CARTESIAN_POINT('',(3.920146907287,42.663642779809));
#4761 = CARTESIAN_POINT('',(3.920390154928,42.82737728761));
#4762 = CARTESIAN_POINT('',(3.920692041875,42.989407033223));
#4763 = CARTESIAN_POINT('',(3.921205815122,43.218398474213));
#4764 = CARTESIAN_POINT('',(3.921371403522,43.287077246932));
#4765 = CARTESIAN_POINT('',(3.92154748767,43.355338072078));
#4766 = CARTESIAN_POINT('',(3.921733925965,43.423152190167));
#4767 = CARTESIAN_POINT('',(3.92193056728,43.490492059644));
#4768 = CARTESIAN_POINT('',(3.922137250966,43.557331356879));
#4769 = CARTESIAN_POINT('',(3.922693761724,43.727745762163));
#4770 = CARTESIAN_POINT('',(3.923058022828,43.830543810387));
#4771 = CARTESIAN_POINT('',(3.923445953965,43.931949829157));
#4772 = CARTESIAN_POINT('',(3.92385687432,44.031879052737));
#4773 = CARTESIAN_POINT('',(3.924290058456,44.130251241341));
#4774 = CARTESIAN_POINT('',(3.924744736319,44.22699068114));
#4775 = CARTESIAN_POINT('',(3.926074550832,44.49285320947));
#4776 = CARTESIAN_POINT('',(3.926995612796,44.658132586733));
#4777 = CARTESIAN_POINT('',(3.92797904832,44.81756825203));
#4778 = CARTESIAN_POINT('',(3.929020501115,44.970904072465));
#4779 = CARTESIAN_POINT('',(3.930115493335,45.117923902408));
#4780 = CARTESIAN_POINT('',(3.931259429514,45.258451639655));
#4781 = CARTESIAN_POINT('',(3.935983165065,45.790787904145));
#4782 = CARTESIAN_POINT('',(3.939900045601,46.129371488566));
#4783 = CARTESIAN_POINT('',(3.944099629413,46.408468541484));
#4784 = CARTESIAN_POINT('',(3.948502128402,46.629380680968));
#4785 = CARTESIAN_POINT('',(3.953039143659,46.793887135726));
#4786 = CARTESIAN_POINT('',(3.957649726033,46.904015595779));
#4787 = CARTESIAN_POINT('',(3.962279017928,46.961960731462));
#4788 = ( GEOMETRIC_REPRESENTATION_CONTEXT(2) 
PARAMETRIC_REPRESENTATION_CONTEXT() REPRESENTATION_CONTEXT('2D SPACE',''
  ) );
#4789 = ORIENTED_EDGE('',*,*,#4790,.F.);
#4790 = EDGE_CURVE('',#4521,#4573,#4791,.T.);
#4791 = SURFACE_CURVE('',#4792,(#4797,#4804),.PCURVE_S1.);
#4792 = CIRCLE('',#4793,5.);
#4793 = AXIS2_PLACEMENT_3D('',#4794,#4795,#4796);
#4794 = CARTESIAN_POINT('',(-100.8944443027,-108.8944443027,-40.));
#4795 = DIRECTION('',(1.,-7.850462293419E-17,2.355138688026E-16));
#4796 = DIRECTION('',(-2.22044604925E-16,-0.707106781187,0.707106781187)
  );
#4797 = PCURVE('',#1470,#4798);
#4798 = DEFINITIONAL_REPRESENTATION('',(#4799),#4803);
#4799 = LINE('',#4800,#4801);
#4800 = CARTESIAN_POINT('',(0.,16.));
#4801 = VECTOR('',#4802,1.);
#4802 = DIRECTION('',(1.,0.));
#4803 = ( GEOMETRIC_REPRESENTATION_CONTEXT(2) 
PARAMETRIC_REPRESENTATION_CONTEXT() REPRESENTATION_CONTEXT('2D SPACE',''
  ) );
#4804 = PCURVE('',#4560,#4805);
#4805 = DEFINITIONAL_REPRESENTATION('',(#4806),#4810);
#4806 = CIRCLE('',#4807,5.);
#4807 = AXIS2_PLACEMENT_2D('',#4808,#4809);
#4808 = CARTESIAN_POINT('',(0.,0.));
#4809 = DIRECTION('',(1.,0.));
#4810 = ( GEOMETRIC_REPRESENTATION_CONTEXT(2) 
PARAMETRIC_REPRESENTATION_CONTEXT() REPRESENTATION_CONTEXT('2D SPACE',''
  ) );
#4811 = ORIENTED_EDGE('',*,*,#4520,.F.);
#4812 = ORIENTED_EDGE('',*,*,#1491,.T.);
#4813 = ORIENTED_EDGE('',*,*,#4814,.T.);
#4814 = EDGE_CURVE('',#1492,#1435,#4815,.T.);
#4815 = SURFACE_CURVE('',#4816,(#4821,#4828),.PCURVE_S1.);
#4816 = CIRCLE('',#4817,5.);
#4817 = AXIS2_PLACEMENT_3D('',#4818,#4819,#4820);
#4818 = CARTESIAN_POINT('',(-116.8944443027,-108.8944443027,-40.));
#4819 = DIRECTION('',(1.,-7.850462293419E-17,2.355138688026E-16));
#4820 = DIRECTION('',(-2.22044604925E-16,-0.707106781187,0.707106781187)
  );
#4821 = PCURVE('',#1470,#4822);
#4822 = DEFINITIONAL_REPRESENTATION('',(#4823),#4827);
#4823 = LINE('',#4824,#4825);
#4824 = CARTESIAN_POINT('',(0.,0.));
#4825 = VECTOR('',#4826,1.);
#4826 = DIRECTION('',(1.,0.));
#4827 = ( GEOMETRIC_REPRESENTATION_CONTEXT(2) 
PARAMETRIC_REPRESENTATION_CONTEXT() REPRESENTATION_CONTEXT('2D SPACE',''
  ) );
#4828 = PCURVE('',#1644,#4829);
#4829 = DEFINITIONAL_REPRESENTATION('',(#4830),#4834);
#4830 = CIRCLE('',#4831,5.);
#4831 = AXIS2_PLACEMENT_2D('',#4832,#4833);
#4832 = CARTESIAN_POINT('',(0.,0.));
#4833 = DIRECTION('',(1.,0.));
#4834 = ( GEOMETRIC_REPRESENTATION_CONTEXT(2) 
PARAMETRIC_REPRESENTATION_CONTEXT() REPRESENTATION_CONTEXT('2D SPACE',''
  ) );
#4835 = ORIENTED_EDGE('',*,*,#1434,.T.);
#4836 = ADVANCED_FACE('',(#4837),#1644,.T.);
#4837 = FACE_BOUND('',#4838,.T.);
#4838 = EDGE_LOOP('',(#4839,#4840));
#4839 = ORIENTED_EDGE('',*,*,#1631,.F.);
#4840 = ORIENTED_EDGE('',*,*,#4814,.T.);
#4841 = ADVANCED_FACE('',(#4842),#1763,.F.);
#4842 = FACE_BOUND('',#4843,.F.);
#4843 = EDGE_LOOP('',(#4844,#4866,#4867,#4890,#4919,#5137,#5159,#5160));
#4844 = ORIENTED_EDGE('',*,*,#4845,.F.);
#4845 = EDGE_CURVE('',#1820,#1658,#4846,.T.);
#4846 = SURFACE_CURVE('',#4847,(#4852,#4859),.PCURVE_S1.);
#4847 = CIRCLE('',#4848,5.);
#4848 = AXIS2_PLACEMENT_3D('',#4849,#4850,#4851);
#4849 = CARTESIAN_POINT('',(116.89444430272,-108.8944443027,-40.));
#4850 = DIRECTION('',(1.,-3.925231146709E-17,1.962615573355E-16));
#4851 = DIRECTION('',(1.110223024625E-16,-0.707106781187,-0.707106781187
    ));
#4852 = PCURVE('',#1763,#4853);
#4853 = DEFINITIONAL_REPRESENTATION('',(#4854),#4858);
#4854 = LINE('',#4855,#4856);
#4855 = CARTESIAN_POINT('',(0.,16.));
#4856 = VECTOR('',#4857,1.);
#4857 = DIRECTION('',(1.,0.));
#4858 = ( GEOMETRIC_REPRESENTATION_CONTEXT(2) 
PARAMETRIC_REPRESENTATION_CONTEXT() REPRESENTATION_CONTEXT('2D SPACE',''
  ) );
#4859 = PCURVE('',#1834,#4860);
#4860 = DEFINITIONAL_REPRESENTATION('',(#4861),#4865);
#4861 = CIRCLE('',#4862,5.);
#4862 = AXIS2_PLACEMENT_2D('',#4863,#4864);
#4863 = CARTESIAN_POINT('',(0.,0.));
#4864 = DIRECTION('',(1.,0.));
#4865 = ( GEOMETRIC_REPRESENTATION_CONTEXT(2) 
PARAMETRIC_REPRESENTATION_CONTEXT() REPRESENTATION_CONTEXT('2D SPACE',''
  ) );
#4866 = ORIENTED_EDGE('',*,*,#1845,.F.);
#4867 = ORIENTED_EDGE('',*,*,#4868,.F.);
#4868 = EDGE_CURVE('',#4869,#1660,#4871,.T.);
#4869 = VERTEX_POINT('',#4870);
#4870 = CARTESIAN_POINT('',(100.89444430272,-112.4299782086,
    -43.53553390593));
#4871 = SEAM_CURVE('',#4872,(#4876,#4883),.PCURVE_S1.);
#4872 = LINE('',#4873,#4874);
#4873 = CARTESIAN_POINT('',(100.89444430272,-112.4299782086,
    -43.53553390593));
#4874 = VECTOR('',#4875,1.);
#4875 = DIRECTION('',(1.,-3.925231146709E-17,1.962615573355E-16));
#4876 = PCURVE('',#1763,#4877);
#4877 = DEFINITIONAL_REPRESENTATION('',(#4878),#4882);
#4878 = LINE('',#4879,#4880);
#4879 = CARTESIAN_POINT('',(6.28318530718,-0.));
#4880 = VECTOR('',#4881,1.);
#4881 = DIRECTION('',(0.,1.));
#4882 = ( GEOMETRIC_REPRESENTATION_CONTEXT(2) 
PARAMETRIC_REPRESENTATION_CONTEXT() REPRESENTATION_CONTEXT('2D SPACE',''
  ) );
#4883 = PCURVE('',#1763,#4884);
#4884 = DEFINITIONAL_REPRESENTATION('',(#4885),#4889);
#4885 = LINE('',#4886,#4887);
#4886 = CARTESIAN_POINT('',(0.,-0.));
#4887 = VECTOR('',#4888,1.);
#4888 = DIRECTION('',(0.,1.));
#4889 = ( GEOMETRIC_REPRESENTATION_CONTEXT(2) 
PARAMETRIC_REPRESENTATION_CONTEXT() REPRESENTATION_CONTEXT('2D SPACE',''
  ) );
#4890 = ORIENTED_EDGE('',*,*,#4891,.T.);
#4891 = EDGE_CURVE('',#4869,#4892,#4894,.T.);
#4892 = VERTEX_POINT('',#4893);
#4893 = CARTESIAN_POINT('',(100.89444430272,-108.278858088,
    -44.9619606621));
#4894 = SURFACE_CURVE('',#4895,(#4900,#4907),.PCURVE_S1.);
#4895 = CIRCLE('',#4896,5.);
#4896 = AXIS2_PLACEMENT_3D('',#4897,#4898,#4899);
#4897 = CARTESIAN_POINT('',(100.89444430272,-108.8944443027,-40.));
#4898 = DIRECTION('',(1.,-3.925231146709E-17,1.962615573355E-16));
#4899 = DIRECTION('',(1.110223024625E-16,-0.707106781187,-0.707106781187
    ));
#4900 = PCURVE('',#1763,#4901);
#4901 = DEFINITIONAL_REPRESENTATION('',(#4902),#4906);
#4902 = LINE('',#4903,#4904);
#4903 = CARTESIAN_POINT('',(0.,0.));
#4904 = VECTOR('',#4905,1.);
#4905 = DIRECTION('',(1.,0.));
#4906 = ( GEOMETRIC_REPRESENTATION_CONTEXT(2) 
PARAMETRIC_REPRESENTATION_CONTEXT() REPRESENTATION_CONTEXT('2D SPACE',''
  ) );
#4907 = PCURVE('',#4908,#4913);
#4908 = PLANE('',#4909);
#4909 = AXIS2_PLACEMENT_3D('',#4910,#4911,#4912);
#4910 = CARTESIAN_POINT('',(100.89444430272,-108.8944443027,-40.));
#4911 = DIRECTION('',(1.,-3.925231146709E-17,1.962615573355E-16));
#4912 = DIRECTION('',(1.110223024625E-16,-0.707106781187,-0.707106781187
    ));
#4913 = DEFINITIONAL_REPRESENTATION('',(#4914),#4918);
#4914 = CIRCLE('',#4915,5.);
#4915 = AXIS2_PLACEMENT_2D('',#4916,#4917);
#4916 = CARTESIAN_POINT('',(0.,0.));
#4917 = DIRECTION('',(1.,0.));
#4918 = ( GEOMETRIC_REPRESENTATION_CONTEXT(2) 
PARAMETRIC_REPRESENTATION_CONTEXT() REPRESENTATION_CONTEXT('2D SPACE',''
  ) );
#4919 = ORIENTED_EDGE('',*,*,#4920,.T.);
#4920 = EDGE_CURVE('',#4892,#4921,#4923,.T.);
#4921 = VERTEX_POINT('',#4922);
#4922 = CARTESIAN_POINT('',(100.89444430272,-108.278858088,
    -35.03803933789));
#4923 = SURFACE_CURVE('',#4924,(#4993,#5065),.PCURVE_S1.);
#4924 = B_SPLINE_CURVE_WITH_KNOTS('',7,(#4925,#4926,#4927,#4928,#4929,
    #4930,#4931,#4932,#4933,#4934,#4935,#4936,#4937,#4938,#4939,#4940,
    #4941,#4942,#4943,#4944,#4945,#4946,#4947,#4948,#4949,#4950,#4951,
    #4952,#4953,#4954,#4955,#4956,#4957,#4958,#4959,#4960,#4961,#4962,
    #4963,#4964,#4965,#4966,#4967,#4968,#4969,#4970,#4971,#4972,#4973,
    #4974,#4975,#4976,#4977,#4978,#4979,#4980,#4981,#4982,#4983,#4984,
    #4985,#4986,#4987,#4988,#4989,#4990,#4991,#4992),.UNSPECIFIED.,.F.,
  .F.,(8,6,6,6,6,6,6,6,6,6,6,8),(0.,0.163025565207,0.262388883124,
    0.348463061425,0.397408085325,0.428537202587,0.4998024167,
    0.571724640155,0.602785719358,0.651546185815,0.739193494594,1.),
  .UNSPECIFIED.);
#4925 = CARTESIAN_POINT('',(100.89444370272,-108.278858647,
    -44.96196073146));
#4926 = CARTESIAN_POINT('',(101.20858672562,-107.9861395887,
    -44.92564572149));
#4927 = CARTESIAN_POINT('',(101.52055056957,-107.6934645419,
    -44.86887960369));
#4928 = CARTESIAN_POINT('',(101.82903947969,-107.4020680901,
    -44.79119879697));
#4929 = CARTESIAN_POINT('',(102.13269729694,-107.1132900375,
    -44.69210468893));
#4930 = CARTESIAN_POINT('',(102.43006445285,-106.8286210557,
    -44.57107876691));
#4931 = CARTESIAN_POINT('',(102.71953338018,-106.5497501067,
    -44.42759844598));
#4932 = CARTESIAN_POINT('',(103.16982020918,-106.1133572366,
    -44.15970623678));
#4933 = CARTESIAN_POINT('',(103.336722669,-105.9509857634,
    -44.04973520023));
#4934 = CARTESIAN_POINT('',(103.49950512348,-105.7920312564,
    -43.93118392074));
#4935 = CARTESIAN_POINT('',(103.65764976516,-105.6370491648,
    -43.80402711247));
#4936 = CARTESIAN_POINT('',(103.81062505471,-105.4866177979,
    -43.66827095509));
#4937 = CARTESIAN_POINT('',(103.95788520094,-105.34133777,
    -43.52395328145));
#4938 = CARTESIAN_POINT('',(104.22099841103,-105.0809831033,
    -43.23877143919));
#4939 = CARTESIAN_POINT('',(104.33842574635,-104.9644595536,
    -43.10001798361));
#4940 = CARTESIAN_POINT('',(104.45070298547,-104.852748478,
    -42.95501667528));
#4941 = CARTESIAN_POINT('',(104.55739579196,-104.7463286539,
    -42.80393831568));
#4942 = CARTESIAN_POINT('',(104.65808355104,-104.6456685952,
    -42.64699117702));
#4943 = CARTESIAN_POINT('',(104.75235876638,-104.5512251927,
    -42.4844209481));
#4944 = CARTESIAN_POINT('',(104.88956388444,-104.4135257215,
    -42.22103056957));
#4945 = CARTESIAN_POINT('',(104.93709360802,-104.3657692065,
    -42.12383618792));
#4946 = CARTESIAN_POINT('',(104.98233404559,-104.3202636408,
    -42.02499984592));
#4947 = CARTESIAN_POINT('',(105.02520825288,-104.277094942,
    -41.9245984473));
#4948 = CARTESIAN_POINT('',(105.06564392348,-104.2363441132,
    -41.82271348897));
#4949 = CARTESIAN_POINT('',(105.10357338881,-104.1980872432,
    -41.71943106101));
#4950 = CARTESIAN_POINT('',(105.16142278325,-104.139695502,
    -41.54832293096));
#4951 = CARTESIAN_POINT('',(105.1828717278,-104.118034026,
    -41.48127841053));
#4952 = CARTESIAN_POINT('',(105.20326362501,-104.0974299764,
    -41.41373365933));
#4953 = CARTESIAN_POINT('',(105.22258260625,-104.0779011827,
    -41.34571527539));
#4954 = CARTESIAN_POINT('',(105.24081376099,-104.0594644058,
    -41.27725108081));
#4955 = CARTESIAN_POINT('',(105.2579431368,-104.0421353382,
    -41.20837012177));
#4956 = CARTESIAN_POINT('',(105.31062065124,-103.9888258364,
    -40.9805257372));
#4957 = CARTESIAN_POINT('',(105.34144646132,-103.9575996473,
    -40.81989928636));
#4958 = CARTESIAN_POINT('',(105.36627196805,-103.9324327877,
    -40.65761341922));
#4959 = CARTESIAN_POINT('',(105.3849744641,-103.9134634078,
    -40.49406766961));
#4960 = CARTESIAN_POINT('',(105.39747159221,-103.9007846601,
    -40.32967062466));
#4961 = CARTESIAN_POINT('',(105.40372120104,-103.8944443027,
    -40.1648395475));
#4962 = CARTESIAN_POINT('',(105.40372120104,-103.8944443027,
    -39.83364076124));
#4963 = CARTESIAN_POINT('',(105.39735581946,-103.9009021125,
    -39.66729041292));
#4964 = CARTESIAN_POINT('',(105.38462726474,-103.9138156528,
    -39.50138633108));
#4965 = CARTESIAN_POINT('',(105.36557925563,-103.9331353852,
    -39.33635722019));
#4966 = CARTESIAN_POINT('',(105.34029717267,-103.9587647316,
    -39.17262271239));
#4967 = CARTESIAN_POINT('',(105.30890820966,-103.9905604935,
    -39.01059296677));
#4968 = CARTESIAN_POINT('',(105.25546123518,-104.0446462156,
    -38.78160152578));
#4969 = CARTESIAN_POINT('',(105.23823240467,-104.0620750578,
    -38.71292275306));
#4970 = CARTESIAN_POINT('',(105.21990803682,-104.0806051643,
    -38.64466192792));
#4971 = CARTESIAN_POINT('',(105.20050207741,-104.1002208507,
    -38.57684780983));
#4972 = CARTESIAN_POINT('',(105.18002941495,-104.1209053814,
    -38.50950794035));
#4973 = CARTESIAN_POINT('',(105.15850588059,-104.1426409698,
    -38.44266864312));
#4974 = CARTESIAN_POINT('',(105.10053670729,-104.2011502588,
    -38.27225422976));
#4975 = CARTESIAN_POINT('',(105.0625791691,-104.2394331875,
    -38.16945618845));
#4976 = CARTESIAN_POINT('',(105.02213815711,-104.2801869662,
    -38.06805017695));
#4977 = CARTESIAN_POINT('',(104.97928073897,-104.3233361854,
    -37.96812095361));
#4978 = CARTESIAN_POINT('',(104.93407852656,-104.3688006235,
    -37.86974875811));
#4979 = CARTESIAN_POINT('',(104.88660767594,-104.4164952474,
    -37.7730093114));
#4980 = CARTESIAN_POINT('',(104.74768683781,-104.5559089396,
    -37.50714679052));
#4981 = CARTESIAN_POINT('',(104.65137758615,-104.6523812904,
    -37.34186741326));
#4982 = CARTESIAN_POINT('',(104.54843812003,-104.7552786156,
    -37.18243174797));
#4983 = CARTESIAN_POINT('',(104.4392984138,-104.864118819,
    -37.02909592753));
#4984 = CARTESIAN_POINT('',(104.32440208272,-104.9784078291,
    -36.88207609759));
#4985 = CARTESIAN_POINT('',(104.2042070371,-105.0976410712,
    -36.74154836034));
#4986 = CARTESIAN_POINT('',(103.70716941828,-105.5892836229,
    -36.20921209585));
#4987 = CARTESIAN_POINT('',(103.29351236118,-105.9954149264,
    -35.87062851143));
#4988 = CARTESIAN_POINT('',(102.84800883121,-106.4288314791,
    -35.59153145851));
#4989 = CARTESIAN_POINT('',(102.37864077393,-106.8807809531,
    -35.37061931903));
#4990 = CARTESIAN_POINT('',(101.89240423151,-107.3438995338,
    -35.20611286427));
#4991 = CARTESIAN_POINT('',(101.39569814548,-107.8117888165,
    -35.09598440422));
#4992 = CARTESIAN_POINT('',(100.89444370272,-108.278858647,
    -35.03803926853));
#4993 = PCURVE('',#1763,#4994);
#4994 = DEFINITIONAL_REPRESENTATION('',(#4995),#5064);
#4995 = B_SPLINE_CURVE_WITH_KNOTS('',7,(#4996,#4997,#4998,#4999,#5000,
    #5001,#5002,#5003,#5004,#5005,#5006,#5007,#5008,#5009,#5010,#5011,
    #5012,#5013,#5014,#5015,#5016,#5017,#5018,#5019,#5020,#5021,#5022,
    #5023,#5024,#5025,#5026,#5027,#5028,#5029,#5030,#5031,#5032,#5033,
    #5034,#5035,#5036,#5037,#5038,#5039,#5040,#5041,#5042,#5043,#5044,
    #5045,#5046,#5047,#5048,#5049,#5050,#5051,#5052,#5053,#5054,#5055,
    #5056,#5057,#5058,#5059,#5060,#5061,#5062,#5063),.UNSPECIFIED.,.F.,
  .F.,(8,6,6,6,6,6,6,6,6,6,6,8),(0.,0.163025565207,0.262388883124,
    0.348463061425,0.397408085325,0.428537202587,0.4998024167,
    0.571724640155,0.602785719358,0.651546185815,0.739193494594,1.),
  .UNSPECIFIED.);
#4996 = CARTESIAN_POINT('',(0.908828466801,-6.E-07));
#4997 = CARTESIAN_POINT('',(0.967821085677,0.314142422893));
#4998 = CARTESIAN_POINT('',(1.02730858715,0.626106266844));
#4999 = CARTESIAN_POINT('',(1.087392455005,0.934595176963));
#5000 = CARTESIAN_POINT('',(1.148180155602,1.238252994219));
#5001 = CARTESIAN_POINT('',(1.209784855956,1.535620150129));
#5002 = CARTESIAN_POINT('',(1.272330180634,1.825089077454));
#5003 = CARTESIAN_POINT('',(1.374742088702,2.275375906461));
#5004 = CARTESIAN_POINT('',(1.413924270561,2.442278366274));
#5005 = CARTESIAN_POINT('',(1.453517182656,2.605060820756));
#5006 = CARTESIAN_POINT('',(1.493532792554,2.763205462435));
#5007 = CARTESIAN_POINT('',(1.533985312585,2.916180751982));
#5008 = CARTESIAN_POINT('',(1.574892106651,3.063440898216));
#5009 = CARTESIAN_POINT('',(1.652122472598,3.326554108308));
#5010 = CARTESIAN_POINT('',(1.688329684097,3.443981443622));
#5011 = CARTESIAN_POINT('',(1.724886049913,3.556258682747));
#5012 = CARTESIAN_POINT('',(1.761783780994,3.662951489237));
#5013 = CARTESIAN_POINT('',(1.799017174592,3.763639248313));
#5014 = CARTESIAN_POINT('',(1.836582307998,3.857914463656));
#5015 = CARTESIAN_POINT('',(1.896024931043,3.995119581714));
#5016 = CARTESIAN_POINT('',(1.917676756716,4.042649305299));
#5017 = CARTESIAN_POINT('',(1.939427445787,4.087889742864));
#5018 = CARTESIAN_POINT('',(1.961272424916,4.130763950155));
#5019 = CARTESIAN_POINT('',(1.983207310942,4.171199620755));
#5020 = CARTESIAN_POINT('',(2.005227910879,4.209129086083));
#5021 = CARTESIAN_POINT('',(2.041387328801,4.266978480528));
#5022 = CARTESIAN_POINT('',(2.055476832276,4.288427425074));
#5023 = CARTESIAN_POINT('',(2.069597265872,4.308819322286));
#5024 = CARTESIAN_POINT('',(2.083747070283,4.328138303526));
#5025 = CARTESIAN_POINT('',(2.097924593374,4.346369458262));
#5026 = CARTESIAN_POINT('',(2.11212809018,4.363498834078));
#5027 = CARTESIAN_POINT('',(2.158927648538,4.41617634852));
#5028 = CARTESIAN_POINT('',(2.191630941882,4.447002158593));
#5029 = CARTESIAN_POINT('',(2.224437737903,4.471827665323));
#5030 = CARTESIAN_POINT('',(2.257322426961,4.490530161373));
#5031 = CARTESIAN_POINT('',(2.290260364492,4.503027289482));
#5032 = CARTESIAN_POINT('',(2.323226580691,4.509276898315));
#5033 = CARTESIAN_POINT('',(2.389466337944,4.509276898315));
#5034 = CARTESIAN_POINT('',(2.422736408422,4.502911516736));
#5035 = CARTESIAN_POINT('',(2.455977387155,4.49018296202));
#5036 = CARTESIAN_POINT('',(2.489163646828,4.47113495291));
#5037 = CARTESIAN_POINT('',(2.522269899377,4.445852869942));
#5038 = CARTESIAN_POINT('',(2.555269848082,4.414463906937));
#5039 = CARTESIAN_POINT('',(2.602328256636,4.361016932452));
#5040 = CARTESIAN_POINT('',(2.616497451059,4.343788101949));
#5041 = CARTESIAN_POINT('',(2.63064060447,4.325463734095));
#5042 = CARTESIAN_POINT('',(2.644755990764,4.30605777469));
#5043 = CARTESIAN_POINT('',(2.658841976202,4.285585112222));
#5044 = CARTESIAN_POINT('',(2.672897019409,4.264061577866));
#5045 = CARTESIAN_POINT('',(2.708932784518,4.206092404564));
#5046 = CARTESIAN_POINT('',(2.730864473343,4.168134866379));
#5047 = CARTESIAN_POINT('',(2.752710808612,4.127693854387));
#5048 = CARTESIAN_POINT('',(2.774467671875,4.08483643625));
#5049 = CARTESIAN_POINT('',(2.79613075547,4.039634223835));
#5050 = CARTESIAN_POINT('',(2.817695562518,3.992163373213));
#5051 = CARTESIAN_POINT('',(2.877735235262,3.853242535088));
#5052 = CARTESIAN_POINT('',(2.915970734142,3.756933283427));
#5053 = CARTESIAN_POINT('',(2.953861678693,3.653993817307));
#5054 = CARTESIAN_POINT('',(2.991404244953,3.544854111079));
#5055 = CARTESIAN_POINT('',(3.0285926923,3.429957779994));
#5056 = CARTESIAN_POINT('',(3.065419045864,3.30976273438));
#5057 = CARTESIAN_POINT('',(3.210345826974,2.812725115556));
#5058 = CARTESIAN_POINT('',(3.315202125683,2.399068058458));
#5059 = CARTESIAN_POINT('',(3.417104661613,1.953564528483));
#5060 = CARTESIAN_POINT('',(3.51652016144,1.484196471211));
#5061 = CARTESIAN_POINT('',(3.613852893671,0.997959928788));
#5062 = CARTESIAN_POINT('',(3.709430419498,0.501253842757));
#5063 = CARTESIAN_POINT('',(3.803560513584,-6.E-07));
#5064 = ( GEOMETRIC_REPRESENTATION_CONTEXT(2) 
PARAMETRIC_REPRESENTATION_CONTEXT() REPRESENTATION_CONTEXT('2D SPACE',''
  ) );
#5065 = PCURVE('',#1916,#5066);
#5066 = DEFINITIONAL_REPRESENTATION('',(#5067),#5136);
#5067 = B_SPLINE_CURVE_WITH_KNOTS('',7,(#5068,#5069,#5070,#5071,#5072,
    #5073,#5074,#5075,#5076,#5077,#5078,#5079,#5080,#5081,#5082,#5083,
    #5084,#5085,#5086,#5087,#5088,#5089,#5090,#5091,#5092,#5093,#5094,
    #5095,#5096,#5097,#5098,#5099,#5100,#5101,#5102,#5103,#5104,#5105,
    #5106,#5107,#5108,#5109,#5110,#5111,#5112,#5113,#5114,#5115,#5116,
    #5117,#5118,#5119,#5120,#5121,#5122,#5123,#5124,#5125,#5126,#5127,
    #5128,#5129,#5130,#5131,#5132,#5133,#5134,#5135),.UNSPECIFIED.,.F.,
  .F.,(8,6,6,6,6,6,6,6,6,6,6,8),(0.,0.163025565207,0.262388883124,
    0.348463061425,0.397408085325,0.428537202587,0.4998024167,
    0.571724640155,0.602785719358,0.651546185815,0.739193494594,1.),
  .UNSPECIFIED.);
#5068 = CARTESIAN_POINT('',(5.462498942841,37.038039268538));
#5069 = CARTESIAN_POINT('',(5.46540018346,37.074354278506));
#5070 = CARTESIAN_POINT('',(5.468290448944,37.131120396308));
#5071 = CARTESIAN_POINT('',(5.471157687036,37.208801203029));
#5072 = CARTESIAN_POINT('',(5.473989060971,37.307895311067));
#5073 = CARTESIAN_POINT('',(5.476770522244,37.428921233089));
#5074 = CARTESIAN_POINT('',(5.479486367277,37.572401554011));
#5075 = CARTESIAN_POINT('',(5.483723219957,37.840293763215));
#5076 = CARTESIAN_POINT('',(5.485296554058,37.950264799767));
#5077 = CARTESIAN_POINT('',(5.486833836986,38.068816079258));
#5078 = CARTESIAN_POINT('',(5.488329949943,38.195972887521));
#5079 = CARTESIAN_POINT('',(5.489779598474,38.331729044907));
#5080 = CARTESIAN_POINT('',(5.491177312319,38.476046718545));
#5081 = CARTESIAN_POINT('',(5.493678344919,38.761228560805));
#5082 = CARTESIAN_POINT('',(5.494796110637,38.89998201639));
#5083 = CARTESIAN_POINT('',(5.495866272449,39.044983324717));
#5084 = CARTESIAN_POINT('',(5.496884470552,39.196061684311));
#5085 = CARTESIAN_POINT('',(5.497846458936,39.353008822975));
#5086 = CARTESIAN_POINT('',(5.498748109032,39.515579051892));
#5087 = CARTESIAN_POINT('',(5.50006153615,39.77896943043));
#5088 = CARTESIAN_POINT('',(5.500516791054,39.876163812072));
#5089 = CARTESIAN_POINT('',(5.500950354388,39.975000154077));
#5090 = CARTESIAN_POINT('',(5.501361448073,40.075401552698));
#5091 = CARTESIAN_POINT('',(5.501749339616,40.177286511025));
#5092 = CARTESIAN_POINT('',(5.502113342108,40.280568938987));
#5093 = CARTESIAN_POINT('',(5.502668719067,40.45167706904));
#5094 = CARTESIAN_POINT('',(5.502874692311,40.518721589468));
#5095 = CARTESIAN_POINT('',(5.503070563249,40.586266340668));
#5096 = CARTESIAN_POINT('',(5.503256170847,40.654284724606));
#5097 = CARTESIAN_POINT('',(5.503431363752,40.722748919183));
#5098 = CARTESIAN_POINT('',(5.503596000292,40.791629878228));
#5099 = CARTESIAN_POINT('',(5.504102388605,41.019474262796));
#5100 = CARTESIAN_POINT('',(5.50439886359,41.180100713638));
#5101 = CARTESIAN_POINT('',(5.50463772009,41.342386580777));
#5102 = CARTESIAN_POINT('',(5.504817711354,41.505932330383));
#5103 = CARTESIAN_POINT('',(5.504937998493,41.670329375332));
#5104 = CARTESIAN_POINT('',(5.504998151745,41.835160452492));
#5105 = CARTESIAN_POINT('',(5.504998151745,42.16635923876));
#5106 = CARTESIAN_POINT('',(5.504936884173,42.332709587079));
#5107 = CARTESIAN_POINT('',(5.504814369498,42.498613668916));
#5108 = CARTESIAN_POINT('',(5.504631053483,42.663642779809));
#5109 = CARTESIAN_POINT('',(5.504387805842,42.82737728761));
#5110 = CARTESIAN_POINT('',(5.504085918894,42.989407033223));
#5111 = CARTESIAN_POINT('',(5.503572145648,43.218398474213));
#5112 = CARTESIAN_POINT('',(5.503406557248,43.287077246932));
#5113 = CARTESIAN_POINT('',(5.503230473099,43.355338072078));
#5114 = CARTESIAN_POINT('',(5.503044034804,43.423152190167));
#5115 = CARTESIAN_POINT('',(5.502847393489,43.490492059644));
#5116 = CARTESIAN_POINT('',(5.502640709803,43.557331356879));
#5117 = CARTESIAN_POINT('',(5.502084199019,43.727745770232));
#5118 = CARTESIAN_POINT('',(5.501719937944,43.830543811543));
#5119 = CARTESIAN_POINT('',(5.501332006832,43.931949823046));
#5120 = CARTESIAN_POINT('',(5.500921086472,44.031879046381));
#5121 = CARTESIAN_POINT('',(5.500487902304,44.130251241885));
#5122 = CARTESIAN_POINT('',(5.500033224413,44.226990688598));
#5123 = CARTESIAN_POINT('',(5.498703409938,44.492853209471));
#5124 = CARTESIAN_POINT('',(5.497782347973,44.658132586733));
#5125 = CARTESIAN_POINT('',(5.496798912449,44.81756825203));
#5126 = CARTESIAN_POINT('',(5.495757459654,44.970904072464));
#5127 = CARTESIAN_POINT('',(5.494662467434,45.117923902408));
#5128 = CARTESIAN_POINT('',(5.493518531255,45.258451639656));
#5129 = CARTESIAN_POINT('',(5.488794795705,45.790787904146));
#5130 = CARTESIAN_POINT('',(5.484877915169,46.129371488564));
#5131 = CARTESIAN_POINT('',(5.480678331356,46.408468541488));
#5132 = CARTESIAN_POINT('',(5.476275832367,46.629380680966));
#5133 = CARTESIAN_POINT('',(5.47173881711,46.793887135726));
#5134 = CARTESIAN_POINT('',(5.467128234737,46.904015595779));
#5135 = CARTESIAN_POINT('',(5.462498942841,46.961960731462));
#5136 = ( GEOMETRIC_REPRESENTATION_CONTEXT(2) 
PARAMETRIC_REPRESENTATION_CONTEXT() REPRESENTATION_CONTEXT('2D SPACE',''
  ) );
#5137 = ORIENTED_EDGE('',*,*,#5138,.T.);
#5138 = EDGE_CURVE('',#4921,#4869,#5139,.T.);
#5139 = SURFACE_CURVE('',#5140,(#5145,#5152),.PCURVE_S1.);
#5140 = CIRCLE('',#5141,5.);
#5141 = AXIS2_PLACEMENT_3D('',#5142,#5143,#5144);
#5142 = CARTESIAN_POINT('',(100.89444430272,-108.8944443027,-40.));
#5143 = DIRECTION('',(1.,-3.925231146709E-17,1.962615573355E-16));
#5144 = DIRECTION('',(1.110223024625E-16,-0.707106781187,-0.707106781187
    ));
#5145 = PCURVE('',#1763,#5146);
#5146 = DEFINITIONAL_REPRESENTATION('',(#5147),#5151);
#5147 = LINE('',#5148,#5149);
#5148 = CARTESIAN_POINT('',(0.,0.));
#5149 = VECTOR('',#5150,1.);
#5150 = DIRECTION('',(1.,0.));
#5151 = ( GEOMETRIC_REPRESENTATION_CONTEXT(2) 
PARAMETRIC_REPRESENTATION_CONTEXT() REPRESENTATION_CONTEXT('2D SPACE',''
  ) );
#5152 = PCURVE('',#4908,#5153);
#5153 = DEFINITIONAL_REPRESENTATION('',(#5154),#5158);
#5154 = CIRCLE('',#5155,5.);
#5155 = AXIS2_PLACEMENT_2D('',#5156,#5157);
#5156 = CARTESIAN_POINT('',(0.,0.));
#5157 = DIRECTION('',(1.,0.));
#5158 = ( GEOMETRIC_REPRESENTATION_CONTEXT(2) 
PARAMETRIC_REPRESENTATION_CONTEXT() REPRESENTATION_CONTEXT('2D SPACE',''
  ) );
#5159 = ORIENTED_EDGE('',*,*,#4868,.T.);
#5160 = ORIENTED_EDGE('',*,*,#1657,.F.);
#5161 = ADVANCED_FACE('',(#5162),#1834,.F.);
#5162 = FACE_BOUND('',#5163,.F.);
#5163 = EDGE_LOOP('',(#5164,#5165));
#5164 = ORIENTED_EDGE('',*,*,#1819,.F.);
#5165 = ORIENTED_EDGE('',*,*,#4845,.T.);
#5166 = ADVANCED_FACE('',(#5167,#5217,#5220,#5223,#5245,#5267,#5289),
  #1916,.F.);
#5167 = FACE_BOUND('',#5168,.F.);
#5168 = EDGE_LOOP('',(#5169,#5170,#5191,#5192,#5213,#5214,#5215,#5216));
#5169 = ORIENTED_EDGE('',*,*,#1899,.T.);
#5170 = ORIENTED_EDGE('',*,*,#5171,.T.);
#5171 = EDGE_CURVE('',#1900,#1933,#5172,.T.);
#5172 = SEAM_CURVE('',#5173,(#5177,#5184),.PCURVE_S1.);
#5173 = LINE('',#5174,#5175);
#5174 = CARTESIAN_POINT('',(148.,-3.624954525476E-14,-82.));
#5175 = VECTOR('',#5176,1.);
#5176 = DIRECTION('',(0.,0.,1.));
#5177 = PCURVE('',#1916,#5178);
#5178 = DEFINITIONAL_REPRESENTATION('',(#5179),#5183);
#5179 = LINE('',#5180,#5181);
#5180 = CARTESIAN_POINT('',(0.,-0.));
#5181 = VECTOR('',#5182,1.);
#5182 = DIRECTION('',(0.,1.));
#5183 = ( GEOMETRIC_REPRESENTATION_CONTEXT(2) 
PARAMETRIC_REPRESENTATION_CONTEXT() REPRESENTATION_CONTEXT('2D SPACE',''
  ) );
#5184 = PCURVE('',#1916,#5185);
#5185 = DEFINITIONAL_REPRESENTATION('',(#5186),#5190);
#5186 = LINE('',#5187,#5188);
#5187 = CARTESIAN_POINT('',(6.28318530718,-0.));
#5188 = VECTOR('',#5189,1.);
#5189 = DIRECTION('',(0.,1.));
#5190 = ( GEOMETRIC_REPRESENTATION_CONTEXT(2) 
PARAMETRIC_REPRESENTATION_CONTEXT() REPRESENTATION_CONTEXT('2D SPACE',''
  ) );
#5191 = ORIENTED_EDGE('',*,*,#2095,.F.);
#5192 = ORIENTED_EDGE('',*,*,#5193,.T.);
#5193 = EDGE_CURVE('',#1956,#2242,#5194,.T.);
#5194 = SEAM_CURVE('',#5195,(#5199,#5206),.PCURVE_S1.);
#5195 = LINE('',#5196,#5197);
#5196 = CARTESIAN_POINT('',(148.,-3.624954525476E-14,-82.));
#5197 = VECTOR('',#5198,1.);
#5198 = DIRECTION('',(0.,0.,1.));
#5199 = PCURVE('',#1916,#5200);
#5200 = DEFINITIONAL_REPRESENTATION('',(#5201),#5205);
#5201 = LINE('',#5202,#5203);
#5202 = CARTESIAN_POINT('',(0.,-0.));
#5203 = VECTOR('',#5204,1.);
#5204 = DIRECTION('',(0.,1.));
#5205 = ( GEOMETRIC_REPRESENTATION_CONTEXT(2) 
PARAMETRIC_REPRESENTATION_CONTEXT() REPRESENTATION_CONTEXT('2D SPACE',''
  ) );
#5206 = PCURVE('',#1916,#5207);
#5207 = DEFINITIONAL_REPRESENTATION('',(#5208),#5212);
#5208 = LINE('',#5209,#5210);
#5209 = CARTESIAN_POINT('',(6.28318530718,-0.));
#5210 = VECTOR('',#5211,1.);
#5211 = DIRECTION('',(0.,1.));
#5212 = ( GEOMETRIC_REPRESENTATION_CONTEXT(2) 
PARAMETRIC_REPRESENTATION_CONTEXT() REPRESENTATION_CONTEXT('2D SPACE',''
  ) );
#5213 = ORIENTED_EDGE('',*,*,#2241,.F.);
#5214 = ORIENTED_EDGE('',*,*,#5193,.F.);
#5215 = ORIENTED_EDGE('',*,*,#1955,.F.);
#5216 = ORIENTED_EDGE('',*,*,#5171,.F.);
#5217 = FACE_BOUND('',#5218,.F.);
#5218 = EDGE_LOOP('',(#5219));
#5219 = ORIENTED_EDGE('',*,*,#2293,.T.);
#5220 = FACE_BOUND('',#5221,.F.);
#5221 = EDGE_LOOP('',(#5222));
#5222 = ORIENTED_EDGE('',*,*,#3569,.T.);
#5223 = FACE_BOUND('',#5224,.F.);
#5224 = EDGE_LOOP('',(#5225,#5226));
#5225 = ORIENTED_EDGE('',*,*,#3945,.F.);
#5226 = ORIENTED_EDGE('',*,*,#5227,.F.);
#5227 = EDGE_CURVE('',#3946,#3917,#5228,.T.);
#5228 = SURFACE_CURVE('',#5229,(#5233,#5239),.PCURVE_S1.);
#5229 = LINE('',#5230,#5231);
#5230 = CARTESIAN_POINT('',(100.89444430272,108.27885808801,-82.));
#5231 = VECTOR('',#5232,1.);
#5232 = DIRECTION('',(0.,0.,1.));
#5233 = PCURVE('',#1916,#5234);
#5234 = DEFINITIONAL_REPRESENTATION('',(#5235),#5238);
#5235 = B_SPLINE_CURVE_WITH_KNOTS('',1,(#5236,#5237),.UNSPECIFIED.,.F.,
  .F.,(2,2),(34.130304840479,49.869695159521),.PIECEWISE_BEZIER_KNOTS.);
#5236 = CARTESIAN_POINT('',(0.820686358797,34.130304840479));
#5237 = CARTESIAN_POINT('',(0.820686358797,49.869695159521));
#5238 = ( GEOMETRIC_REPRESENTATION_CONTEXT(2) 
PARAMETRIC_REPRESENTATION_CONTEXT() REPRESENTATION_CONTEXT('2D SPACE',''
  ) );
#5239 = PCURVE('',#3933,#5240);
#5240 = DEFINITIONAL_REPRESENTATION('',(#5241),#5244);
#5241 = B_SPLINE_CURVE_WITH_KNOTS('',1,(#5242,#5243),.UNSPECIFIED.,.F.,
  .F.,(2,2),(34.130304840479,49.869695159521),.PIECEWISE_BEZIER_KNOTS.);
#5242 = CARTESIAN_POINT('',(5.129429626337,-6.));
#5243 = CARTESIAN_POINT('',(-6.,5.129429626337));
#5244 = ( GEOMETRIC_REPRESENTATION_CONTEXT(2) 
PARAMETRIC_REPRESENTATION_CONTEXT() REPRESENTATION_CONTEXT('2D SPACE',''
  ) );
#5245 = FACE_BOUND('',#5246,.F.);
#5246 = EDGE_LOOP('',(#5247,#5266));
#5247 = ORIENTED_EDGE('',*,*,#5248,.T.);
#5248 = EDGE_CURVE('',#4245,#4274,#5249,.T.);
#5249 = SURFACE_CURVE('',#5250,(#5254,#5260),.PCURVE_S1.);
#5250 = LINE('',#5251,#5252);
#5251 = CARTESIAN_POINT('',(-100.8944443027,108.27885808801,-82.));
#5252 = VECTOR('',#5253,1.);
#5253 = DIRECTION('',(0.,0.,1.));
#5254 = PCURVE('',#1916,#5255);
#5255 = DEFINITIONAL_REPRESENTATION('',(#5256),#5259);
#5256 = B_SPLINE_CURVE_WITH_KNOTS('',1,(#5257,#5258),.UNSPECIFIED.,.F.,
  .F.,(2,2),(34.130304840479,49.869695159521),.PIECEWISE_BEZIER_KNOTS.);
#5257 = CARTESIAN_POINT('',(2.320906294793,34.130304840479));
#5258 = CARTESIAN_POINT('',(2.320906294793,49.869695159521));
#5259 = ( GEOMETRIC_REPRESENTATION_CONTEXT(2) 
PARAMETRIC_REPRESENTATION_CONTEXT() REPRESENTATION_CONTEXT('2D SPACE',''
  ) );
#5260 = PCURVE('',#4261,#5261);
#5261 = DEFINITIONAL_REPRESENTATION('',(#5262),#5265);
#5262 = B_SPLINE_CURVE_WITH_KNOTS('',1,(#5263,#5264),.UNSPECIFIED.,.F.,
  .F.,(2,2),(34.130304840479,49.869695159521),.PIECEWISE_BEZIER_KNOTS.);
#5263 = CARTESIAN_POINT('',(-6.,-5.129429626337));
#5264 = CARTESIAN_POINT('',(5.129429626337,6.));
#5265 = ( GEOMETRIC_REPRESENTATION_CONTEXT(2) 
PARAMETRIC_REPRESENTATION_CONTEXT() REPRESENTATION_CONTEXT('2D SPACE',''
  ) );
#5266 = ORIENTED_EDGE('',*,*,#4273,.T.);
#5267 = FACE_BOUND('',#5268,.F.);
#5268 = EDGE_LOOP('',(#5269,#5288));
#5269 = ORIENTED_EDGE('',*,*,#5270,.F.);
#5270 = EDGE_CURVE('',#4573,#4544,#5271,.T.);
#5271 = SURFACE_CURVE('',#5272,(#5276,#5282),.PCURVE_S1.);
#5272 = LINE('',#5273,#5274);
#5273 = CARTESIAN_POINT('',(-100.8944443027,-108.278858088,-82.));
#5274 = VECTOR('',#5275,1.);
#5275 = DIRECTION('',(0.,0.,1.));
#5276 = PCURVE('',#1916,#5277);
#5277 = DEFINITIONAL_REPRESENTATION('',(#5278),#5281);
#5278 = B_SPLINE_CURVE_WITH_KNOTS('',1,(#5279,#5280),.UNSPECIFIED.,.F.,
  .F.,(2,2),(34.130304840479,49.869695159521),.PIECEWISE_BEZIER_KNOTS.);
#5279 = CARTESIAN_POINT('',(3.962279012387,34.130304840479));
#5280 = CARTESIAN_POINT('',(3.962279012387,49.869695159521));
#5281 = ( GEOMETRIC_REPRESENTATION_CONTEXT(2) 
PARAMETRIC_REPRESENTATION_CONTEXT() REPRESENTATION_CONTEXT('2D SPACE',''
  ) );
#5282 = PCURVE('',#4560,#5283);
#5283 = DEFINITIONAL_REPRESENTATION('',(#5284),#5287);
#5284 = B_SPLINE_CURVE_WITH_KNOTS('',1,(#5285,#5286),.UNSPECIFIED.,.F.,
  .F.,(2,2),(34.130304840479,49.869695159521),.PIECEWISE_BEZIER_KNOTS.);
#5285 = CARTESIAN_POINT('',(-6.,5.129429626337));
#5286 = CARTESIAN_POINT('',(5.129429626337,-6.));
#5287 = ( GEOMETRIC_REPRESENTATION_CONTEXT(2) 
PARAMETRIC_REPRESENTATION_CONTEXT() REPRESENTATION_CONTEXT('2D SPACE',''
  ) );
#5288 = ORIENTED_EDGE('',*,*,#4572,.T.);
#5289 = FACE_BOUND('',#5290,.F.);
#5290 = EDGE_LOOP('',(#5291,#5292));
#5291 = ORIENTED_EDGE('',*,*,#4920,.F.);
#5292 = ORIENTED_EDGE('',*,*,#5293,.T.);
#5293 = EDGE_CURVE('',#4892,#4921,#5294,.T.);
#5294 = SURFACE_CURVE('',#5295,(#5299,#5305),.PCURVE_S1.);
#5295 = LINE('',#5296,#5297);
#5296 = CARTESIAN_POINT('',(100.89444430272,-108.278858088,-82.));
#5297 = VECTOR('',#5298,1.);
#5298 = DIRECTION('',(0.,0.,1.));
#5299 = PCURVE('',#1916,#5300);
#5300 = DEFINITIONAL_REPRESENTATION('',(#5301),#5304);
#5301 = B_SPLINE_CURVE_WITH_KNOTS('',1,(#5302,#5303),.UNSPECIFIED.,.F.,
  .F.,(2,2),(34.130304840479,49.869695159521),.PIECEWISE_BEZIER_KNOTS.);
#5302 = CARTESIAN_POINT('',(5.462498948383,34.130304840479));
#5303 = CARTESIAN_POINT('',(5.462498948383,49.869695159521));
#5304 = ( GEOMETRIC_REPRESENTATION_CONTEXT(2) 
PARAMETRIC_REPRESENTATION_CONTEXT() REPRESENTATION_CONTEXT('2D SPACE',''
  ) );
#5305 = PCURVE('',#4908,#5306);
#5306 = DEFINITIONAL_REPRESENTATION('',(#5307),#5310);
#5307 = B_SPLINE_CURVE_WITH_KNOTS('',1,(#5308,#5309),.UNSPECIFIED.,.F.,
  .F.,(2,2),(34.130304840479,49.869695159521),.PIECEWISE_BEZIER_KNOTS.);
#5308 = CARTESIAN_POINT('',(5.129429626337,6.));
#5309 = CARTESIAN_POINT('',(-6.,-5.129429626337));
#5310 = ( GEOMETRIC_REPRESENTATION_CONTEXT(2) 
PARAMETRIC_REPRESENTATION_CONTEXT() REPRESENTATION_CONTEXT('2D SPACE',''
  ) );
#5311 = ADVANCED_FACE('',(#5312),#2853,.F.);
#5312 = FACE_BOUND('',#5313,.F.);
#5313 = EDGE_LOOP('',(#5314,#5315));
#5314 = ORIENTED_EDGE('',*,*,#2741,.T.);
#5315 = ORIENTED_EDGE('',*,*,#5316,.F.);
#5316 = EDGE_CURVE('',#2269,#2544,#5317,.T.);
#5317 = SURFACE_CURVE('',#5318,(#5323,#5330),.PCURVE_S1.);
#5318 = CIRCLE('',#5319,5.);
#5319 = AXIS2_PLACEMENT_3D('',#5320,#5321,#5322);
#5320 = CARTESIAN_POINT('',(8.,154.,-40.));
#5321 = DIRECTION('',(1.,4.930380657631E-32,2.22044604925E-16));
#5322 = DIRECTION('',(0.,1.,-2.22044604925E-16));
#5323 = PCURVE('',#2853,#5324);
#5324 = DEFINITIONAL_REPRESENTATION('',(#5325),#5329);
#5325 = LINE('',#5326,#5327);
#5326 = CARTESIAN_POINT('',(0.,16.));
#5327 = VECTOR('',#5328,1.);
#5328 = DIRECTION('',(1.,0.));
#5329 = ( GEOMETRIC_REPRESENTATION_CONTEXT(2) 
PARAMETRIC_REPRESENTATION_CONTEXT() REPRESENTATION_CONTEXT('2D SPACE',''
  ) );
#5330 = PCURVE('',#5331,#5336);
#5331 = PLANE('',#5332);
#5332 = AXIS2_PLACEMENT_3D('',#5333,#5334,#5335);
#5333 = CARTESIAN_POINT('',(8.,154.,-40.));
#5334 = DIRECTION('',(1.,0.,2.22044604925E-16));
#5335 = DIRECTION('',(4.930380657631E-32,1.,-2.22044604925E-16));
#5336 = DEFINITIONAL_REPRESENTATION('',(#5337),#5341);
#5337 = CIRCLE('',#5338,5.);
#5338 = AXIS2_PLACEMENT_2D('',#5339,#5340);
#5339 = CARTESIAN_POINT('',(0.,0.));
#5340 = DIRECTION('',(1.,0.));
#5341 = ( GEOMETRIC_REPRESENTATION_CONTEXT(2) 
PARAMETRIC_REPRESENTATION_CONTEXT() REPRESENTATION_CONTEXT('2D SPACE',''
  ) );
#5342 = ADVANCED_FACE('',(#5343),#2657,.F.);
#5343 = FACE_BOUND('',#5344,.F.);
#5344 = EDGE_LOOP('',(#5345,#5367));
#5345 = ORIENTED_EDGE('',*,*,#5346,.F.);
#5346 = EDGE_CURVE('',#2544,#2269,#5347,.T.);
#5347 = SURFACE_CURVE('',#5348,(#5353,#5360),.PCURVE_S1.);
#5348 = CIRCLE('',#5349,5.);
#5349 = AXIS2_PLACEMENT_3D('',#5350,#5351,#5352);
#5350 = CARTESIAN_POINT('',(8.,154.,-40.));
#5351 = DIRECTION('',(1.,4.930380657631E-32,2.22044604925E-16));
#5352 = DIRECTION('',(0.,1.,-2.22044604925E-16));
#5353 = PCURVE('',#2657,#5354);
#5354 = DEFINITIONAL_REPRESENTATION('',(#5355),#5359);
#5355 = LINE('',#5356,#5357);
#5356 = CARTESIAN_POINT('',(0.,16.));
#5357 = VECTOR('',#5358,1.);
#5358 = DIRECTION('',(1.,0.));
#5359 = ( GEOMETRIC_REPRESENTATION_CONTEXT(2) 
PARAMETRIC_REPRESENTATION_CONTEXT() REPRESENTATION_CONTEXT('2D SPACE',''
  ) );
#5360 = PCURVE('',#5331,#5361);
#5361 = DEFINITIONAL_REPRESENTATION('',(#5362),#5366);
#5362 = CIRCLE('',#5363,5.);
#5363 = AXIS2_PLACEMENT_2D('',#5364,#5365);
#5364 = CARTESIAN_POINT('',(0.,0.));
#5365 = DIRECTION('',(1.,0.));
#5366 = ( GEOMETRIC_REPRESENTATION_CONTEXT(2) 
PARAMETRIC_REPRESENTATION_CONTEXT() REPRESENTATION_CONTEXT('2D SPACE',''
  ) );
#5367 = ORIENTED_EDGE('',*,*,#2543,.T.);
#5368 = ADVANCED_FACE('',(#5369),#3132,.F.);
#5369 = FACE_BOUND('',#5370,.F.);
#5370 = EDGE_LOOP('',(#5371,#5398));
#5371 = ORIENTED_EDGE('',*,*,#5372,.T.);
#5372 = EDGE_CURVE('',#2917,#2919,#5373,.T.);
#5373 = SURFACE_CURVE('',#5374,(#5379,#5386),.PCURVE_S1.);
#5374 = CIRCLE('',#5375,5.);
#5375 = AXIS2_PLACEMENT_3D('',#5376,#5377,#5378);
#5376 = CARTESIAN_POINT('',(-8.,154.,-40.));
#5377 = DIRECTION('',(1.,4.930380657631E-32,2.22044604925E-16));
#5378 = DIRECTION('',(0.,1.,-2.22044604925E-16));
#5379 = PCURVE('',#3132,#5380);
#5380 = DEFINITIONAL_REPRESENTATION('',(#5381),#5385);
#5381 = LINE('',#5382,#5383);
#5382 = CARTESIAN_POINT('',(0.,0.));
#5383 = VECTOR('',#5384,1.);
#5384 = DIRECTION('',(1.,0.));
#5385 = ( GEOMETRIC_REPRESENTATION_CONTEXT(2) 
PARAMETRIC_REPRESENTATION_CONTEXT() REPRESENTATION_CONTEXT('2D SPACE',''
  ) );
#5386 = PCURVE('',#5387,#5392);
#5387 = PLANE('',#5388);
#5388 = AXIS2_PLACEMENT_3D('',#5389,#5390,#5391);
#5389 = CARTESIAN_POINT('',(-8.,154.,-40.));
#5390 = DIRECTION('',(1.,0.,2.22044604925E-16));
#5391 = DIRECTION('',(4.930380657631E-32,1.,-2.22044604925E-16));
#5392 = DEFINITIONAL_REPRESENTATION('',(#5393),#5397);
#5393 = CIRCLE('',#5394,5.);
#5394 = AXIS2_PLACEMENT_2D('',#5395,#5396);
#5395 = CARTESIAN_POINT('',(0.,0.));
#5396 = DIRECTION('',(1.,0.));
#5397 = ( GEOMETRIC_REPRESENTATION_CONTEXT(2) 
PARAMETRIC_REPRESENTATION_CONTEXT() REPRESENTATION_CONTEXT('2D SPACE',''
  ) );
#5398 = ORIENTED_EDGE('',*,*,#2916,.F.);
#5399 = ADVANCED_FACE('',(#5400),#3455,.F.);
#5400 = FACE_BOUND('',#5401,.F.);
#5401 = EDGE_LOOP('',(#5402,#5403));
#5402 = ORIENTED_EDGE('',*,*,#3243,.F.);
#5403 = ORIENTED_EDGE('',*,*,#5404,.T.);
#5404 = EDGE_CURVE('',#2919,#2917,#5405,.T.);
#5405 = SURFACE_CURVE('',#5406,(#5411,#5418),.PCURVE_S1.);
#5406 = CIRCLE('',#5407,5.);
#5407 = AXIS2_PLACEMENT_3D('',#5408,#5409,#5410);
#5408 = CARTESIAN_POINT('',(-8.,154.,-40.));
#5409 = DIRECTION('',(1.,4.930380657631E-32,2.22044604925E-16));
#5410 = DIRECTION('',(0.,1.,-2.22044604925E-16));
#5411 = PCURVE('',#3455,#5412);
#5412 = DEFINITIONAL_REPRESENTATION('',(#5413),#5417);
#5413 = LINE('',#5414,#5415);
#5414 = CARTESIAN_POINT('',(0.,0.));
#5415 = VECTOR('',#5416,1.);
#5416 = DIRECTION('',(1.,0.));
#5417 = ( GEOMETRIC_REPRESENTATION_CONTEXT(2) 
PARAMETRIC_REPRESENTATION_CONTEXT() REPRESENTATION_CONTEXT('2D SPACE',''
  ) );
#5418 = PCURVE('',#5387,#5419);
#5419 = DEFINITIONAL_REPRESENTATION('',(#5420),#5424);
#5420 = CIRCLE('',#5421,5.);
#5421 = AXIS2_PLACEMENT_2D('',#5422,#5423);
#5422 = CARTESIAN_POINT('',(0.,0.));
#5423 = DIRECTION('',(1.,0.));
#5424 = ( GEOMETRIC_REPRESENTATION_CONTEXT(2) 
PARAMETRIC_REPRESENTATION_CONTEXT() REPRESENTATION_CONTEXT('2D SPACE',''
  ) );
#5425 = ADVANCED_FACE('',(#5426),#3933,.T.);
#5426 = FACE_BOUND('',#5427,.T.);
#5427 = EDGE_LOOP('',(#5428,#5429,#5430));
#5428 = ORIENTED_EDGE('',*,*,#4163,.T.);
#5429 = ORIENTED_EDGE('',*,*,#3916,.T.);
#5430 = ORIENTED_EDGE('',*,*,#5227,.F.);
#5431 = ADVANCED_FACE('',(#5432),#4261,.F.);
#5432 = FACE_BOUND('',#5433,.F.);
#5433 = EDGE_LOOP('',(#5434,#5435,#5436));
#5434 = ORIENTED_EDGE('',*,*,#4244,.T.);
#5435 = ORIENTED_EDGE('',*,*,#4491,.T.);
#5436 = ORIENTED_EDGE('',*,*,#5248,.F.);
#5437 = ADVANCED_FACE('',(#5438),#4560,.F.);
#5438 = FACE_BOUND('',#5439,.F.);
#5439 = EDGE_LOOP('',(#5440,#5441,#5442));
#5440 = ORIENTED_EDGE('',*,*,#4543,.T.);
#5441 = ORIENTED_EDGE('',*,*,#4790,.T.);
#5442 = ORIENTED_EDGE('',*,*,#5270,.T.);
#5443 = ADVANCED_FACE('',(#5444),#4908,.T.);
#5444 = FACE_BOUND('',#5445,.T.);
#5445 = EDGE_LOOP('',(#5446,#5447,#5448));
#5446 = ORIENTED_EDGE('',*,*,#5138,.T.);
#5447 = ORIENTED_EDGE('',*,*,#4891,.T.);
#5448 = ORIENTED_EDGE('',*,*,#5293,.T.);
#5449 = ADVANCED_FACE('',(#5450),#5331,.F.);
#5450 = FACE_BOUND('',#5451,.F.);
#5451 = EDGE_LOOP('',(#5452,#5453));
#5452 = ORIENTED_EDGE('',*,*,#5316,.T.);
#5453 = ORIENTED_EDGE('',*,*,#5346,.T.);
#5454 = ADVANCED_FACE('',(#5455),#5387,.T.);
#5455 = FACE_BOUND('',#5456,.T.);
#5456 = EDGE_LOOP('',(#5457,#5458));
#5457 = ORIENTED_EDGE('',*,*,#5372,.T.);
#5458 = ORIENTED_EDGE('',*,*,#5404,.T.);
#5459 = ORIENTED_CLOSED_SHELL('',*,#5460,.F.);
#5460 = CLOSED_SHELL('',(#5461,#5549,#5553));
#5461 = ADVANCED_FACE('',(#5462),#5475,.T.);
#5462 = FACE_BOUND('',#5463,.T.);
#5463 = EDGE_LOOP('',(#5464,#5498,#5521,#5548));
#5464 = ORIENTED_EDGE('',*,*,#5465,.F.);
#5465 = EDGE_CURVE('',#5466,#5466,#5468,.T.);
#5466 = VERTEX_POINT('',#5467);
#5467 = CARTESIAN_POINT('',(8.,-159.,-40.));
#5468 = SURFACE_CURVE('',#5469,(#5474,#5486),.PCURVE_S1.);
#5469 = CIRCLE('',#5470,5.);
#5470 = AXIS2_PLACEMENT_3D('',#5471,#5472,#5473);
#5471 = CARTESIAN_POINT('',(8.,-154.,-40.));
#5472 = DIRECTION('',(1.,4.930380657631E-32,2.22044604925E-16));
#5473 = DIRECTION('',(0.,-1.,2.22044604925E-16));
#5474 = PCURVE('',#5475,#5480);
#5475 = CYLINDRICAL_SURFACE('',#5476,5.);
#5476 = AXIS2_PLACEMENT_3D('',#5477,#5478,#5479);
#5477 = CARTESIAN_POINT('',(-8.,-154.,-40.));
#5478 = DIRECTION('',(1.,4.930380657631E-32,2.22044604925E-16));
#5479 = DIRECTION('',(0.,-1.,2.22044604925E-16));
#5480 = DEFINITIONAL_REPRESENTATION('',(#5481),#5485);
#5481 = LINE('',#5482,#5483);
#5482 = CARTESIAN_POINT('',(0.,16.));
#5483 = VECTOR('',#5484,1.);
#5484 = DIRECTION('',(1.,0.));
#5485 = ( GEOMETRIC_REPRESENTATION_CONTEXT(2) 
PARAMETRIC_REPRESENTATION_CONTEXT() REPRESENTATION_CONTEXT('2D SPACE',''
  ) );
#5486 = PCURVE('',#5487,#5492);
#5487 = PLANE('',#5488);
#5488 = AXIS2_PLACEMENT_3D('',#5489,#5490,#5491);
#5489 = CARTESIAN_POINT('',(8.,-154.,-40.));
#5490 = DIRECTION('',(1.,4.930380657631E-32,2.22044604925E-16));
#5491 = DIRECTION('',(0.,-1.,2.22044604925E-16));
#5492 = DEFINITIONAL_REPRESENTATION('',(#5493),#5497);
#5493 = CIRCLE('',#5494,5.);
#5494 = AXIS2_PLACEMENT_2D('',#5495,#5496);
#5495 = CARTESIAN_POINT('',(0.,0.));
#5496 = DIRECTION('',(1.,0.));
#5497 = ( GEOMETRIC_REPRESENTATION_CONTEXT(2) 
PARAMETRIC_REPRESENTATION_CONTEXT() REPRESENTATION_CONTEXT('2D SPACE',''
  ) );
#5498 = ORIENTED_EDGE('',*,*,#5499,.F.);
#5499 = EDGE_CURVE('',#5500,#5466,#5502,.T.);
#5500 = VERTEX_POINT('',#5501);
#5501 = CARTESIAN_POINT('',(-8.,-159.,-40.));
#5502 = SEAM_CURVE('',#5503,(#5507,#5514),.PCURVE_S1.);
#5503 = LINE('',#5504,#5505);
#5504 = CARTESIAN_POINT('',(-8.,-159.,-40.));
#5505 = VECTOR('',#5506,1.);
#5506 = DIRECTION('',(1.,4.930380657631E-32,2.22044604925E-16));
#5507 = PCURVE('',#5475,#5508);
#5508 = DEFINITIONAL_REPRESENTATION('',(#5509),#5513);
#5509 = LINE('',#5510,#5511);
#5510 = CARTESIAN_POINT('',(6.28318530718,-0.));
#5511 = VECTOR('',#5512,1.);
#5512 = DIRECTION('',(0.,1.));
#5513 = ( GEOMETRIC_REPRESENTATION_CONTEXT(2) 
PARAMETRIC_REPRESENTATION_CONTEXT() REPRESENTATION_CONTEXT('2D SPACE',''
  ) );
#5514 = PCURVE('',#5475,#5515);
#5515 = DEFINITIONAL_REPRESENTATION('',(#5516),#5520);
#5516 = LINE('',#5517,#5518);
#5517 = CARTESIAN_POINT('',(0.,-0.));
#5518 = VECTOR('',#5519,1.);
#5519 = DIRECTION('',(0.,1.));
#5520 = ( GEOMETRIC_REPRESENTATION_CONTEXT(2) 
PARAMETRIC_REPRESENTATION_CONTEXT() REPRESENTATION_CONTEXT('2D SPACE',''
  ) );
#5521 = ORIENTED_EDGE('',*,*,#5522,.T.);
#5522 = EDGE_CURVE('',#5500,#5500,#5523,.T.);
#5523 = SURFACE_CURVE('',#5524,(#5529,#5536),.PCURVE_S1.);
#5524 = CIRCLE('',#5525,5.);
#5525 = AXIS2_PLACEMENT_3D('',#5526,#5527,#5528);
#5526 = CARTESIAN_POINT('',(-8.,-154.,-40.));
#5527 = DIRECTION('',(1.,4.930380657631E-32,2.22044604925E-16));
#5528 = DIRECTION('',(0.,-1.,2.22044604925E-16));
#5529 = PCURVE('',#5475,#5530);
#5530 = DEFINITIONAL_REPRESENTATION('',(#5531),#5535);
#5531 = LINE('',#5532,#5533);
#5532 = CARTESIAN_POINT('',(0.,0.));
#5533 = VECTOR('',#5534,1.);
#5534 = DIRECTION('',(1.,0.));
#5535 = ( GEOMETRIC_REPRESENTATION_CONTEXT(2) 
PARAMETRIC_REPRESENTATION_CONTEXT() REPRESENTATION_CONTEXT('2D SPACE',''
  ) );
#5536 = PCURVE('',#5537,#5542);
#5537 = PLANE('',#5538);
#5538 = AXIS2_PLACEMENT_3D('',#5539,#5540,#5541);
#5539 = CARTESIAN_POINT('',(-8.,-154.,-40.));
#5540 = DIRECTION('',(1.,4.930380657631E-32,2.22044604925E-16));
#5541 = DIRECTION('',(0.,-1.,2.22044604925E-16));
#5542 = DEFINITIONAL_REPRESENTATION('',(#5543),#5547);
#5543 = CIRCLE('',#5544,5.);
#5544 = AXIS2_PLACEMENT_2D('',#5545,#5546);
#5545 = CARTESIAN_POINT('',(0.,0.));
#5546 = DIRECTION('',(1.,0.));
#5547 = ( GEOMETRIC_REPRESENTATION_CONTEXT(2) 
PARAMETRIC_REPRESENTATION_CONTEXT() REPRESENTATION_CONTEXT('2D SPACE',''
  ) );
#5548 = ORIENTED_EDGE('',*,*,#5499,.T.);
#5549 = ADVANCED_FACE('',(#5550),#5487,.T.);
#5550 = FACE_BOUND('',#5551,.T.);
#5551 = EDGE_LOOP('',(#5552));
#5552 = ORIENTED_EDGE('',*,*,#5465,.T.);
#5553 = ADVANCED_FACE('',(#5554),#5537,.F.);
#5554 = FACE_BOUND('',#5555,.T.);
#5555 = EDGE_LOOP('',(#5556));
#5556 = ORIENTED_EDGE('',*,*,#5522,.F.);
#5557 = ( GEOMETRIC_REPRESENTATION_CONTEXT(3) 
GLOBAL_UNCERTAINTY_ASSIGNED_CONTEXT((#5561)) 
GLOBAL_UNIT_ASSIGNED_CONTEXT((#5558,#5559,#5560)) REPRESENTATION_CONTEXT
('Context #1','3D Context with UNIT and UNCERTAINTY') );
#5558 = ( LENGTH_UNIT() NAMED_UNIT(*) SI_UNIT(.MILLI.,.METRE.) );
#5559 = ( NAMED_UNIT(*) PLANE_ANGLE_UNIT() SI_UNIT($,.RADIAN.) );
#5560 = ( NAMED_UNIT(*) SI_UNIT($,.STERADIAN.) SOLID_ANGLE_UNIT() );
#5561 = UNCERTAINTY_MEASURE_WITH_UNIT(LENGTH_MEASURE(1.E-05),#5558,
  'distance_accuracy_value','confusion accuracy');
#5562 = CONTEXT_DEPENDENT_SHAPE_REPRESENTATION(#5563,#5565);
#5563 = ( REPRESENTATION_RELATIONSHIP('','',#32,#10) 
REPRESENTATION_RELATIONSHIP_WITH_TRANSFORMATION(#5564) 
SHAPE_REPRESENTATION_RELATIONSHIP() );
#5564 = ITEM_DEFINED_TRANSFORMATION('','',#11,#15);
#5565 = PRODUCT_DEFINITION_SHAPE('Placement','Placement of an item',
  #5566);
#5566 = NEXT_ASSEMBLY_USAGE_OCCURRENCE('1','=>[0:1:1:2]','',#5,#27,$);
#5567 = PRODUCT_RELATED_PRODUCT_CATEGORY('part',$,(#29));
ENDSEC;
END-ISO-10303-21;
